id,SPLIT
4559336-6,0
4562615-X,3
4557216-3,1
4557069-3,0
4557003-6,2
4557035-8,1
4556832-2,4
4568251-3,1
4568254-9,3
4568310-5,1
4570362-3,4
4556457-9,2
4556145-9,0
4556160-5,3
4555586-3,3
4555704-7,1
4555700-X,1
4555703-5,3
4558522-9,4
4569506-9,4
4563992-6,0
4563993-8,0
4563991-4,4
4546342-0,1
4546524-8,3
4546440-1,2
4546278-5,1
4735384-8,1
4735682-8,0
4735683-X,1
4735684-1,2
4735685-3,3
4750324-3,2
4749896-4,0
4749547-9,1
4743646-3,4
4744713-0,3
4745211-0,1
4745160-8,0
4745341-3,3
4745568-0,1
4679659-X,0
4677682-2,2
4677940-1,2
4678250-9,2
4677445-8,1
4677386-6,1
4677542-7,4
4674471-X,2
4674474-5,0
4674473-3,3
4674484-8,3
4674028-0,2
4673141-1,2
4673239-8,1
4663799-5,0
4664799-1,4
4668539-1,1
4669269-2,3
4668988-1,0
4666701-5,1
4664597-9,4
4618551-3,2
4615425-9,0
4614839-0,2
4614220-4,1
4617233-1,3
4617061-7,1
4616904-0,3
4607180-3,1
4607329-2,1
4607479-0,3
4607553-9,0
4604919-8,2
4604907-1,4
4611609-4,3
4609508-7,4
4609452-5,4
4609453-7,2
4597906-X,3
4596423-0,3
4609101-6,4
4609612-3,4
4608436-0,1
4608265-8,0
4608882-5,0
4598682-7,3
4602369-1,3
4603669-1,0
4603162-6,3
4603078-5,3
4589747-4,2
4589704-8,0
4597277-9,1
4597432-8,3
4597246-9,0
4602774-3,4
4602776-7,2
4590358-5,1
4549953-1,2
4550042-0,0
4546567-4,3
4546959-3,2
4547169-6,2
4548274-0,4
4548500-8,3
4642285-2,0
4640974-7,2
4641252-2,2
4641253-4,1
4646180-4,0
4646267-6,4
4646253-6,2
4645889-6,3
4645725-8,2
4645371-6,1
4638134-9,4
4638124-6,2
4637851-4,3
4636740-9,3
4648802-0,1
4685273-2,4
4687374-1,3
4687351-0,4
4688705-9,0
4688204-4,4
4681938-7,0
4681944-2,4
4681955-7,1
4681954-5,1
4676506-7,2
4676509-2,1
4679982-9,0
4679938-6,1
4678802-6,2
4719525-4,2
4724805-2,2
4732752-5,0
4732473-9,1
4732472-7,0
4732408-9,4
4732249-2,1
4729887-X,1
4733092-0,3
4766725-3,0
4766875-1,2
4767053-2,1
4766307-3,1
4766427-3,2
4766413-3,4
4763531-0,3
4763534-6,3
4763543-7,2
4763276-7,0
4762672-1,0
4762674-5,1
4762821-5,4
4762815-X,2
4762277-2,0
4761742-1,1
4761462-3,0
4761284-3,1
4760588-8,1
4760557-8,0
4760197-0,3
4765215-1,2
4775440-1,2
4771891-X,1
4771890-8,1
4771889-1,4
4653805-6,3
4655067-2,4
4655026-X,0
4658474-7,2
4658481-4,4
4658680-1,0
4655633-4,1
4655910-7,1
4655262-2,1
4655261-0,1
4655260-9,4
4656778-5,1
4723788-9,4
4723698-7,1
4723473-3,1
4723408-3,4
4478976-6,3
4479842-2,4
4479585-5,1
4480207-8,1
4503801-4,1
4471428-9,3
4471387-9,4
4471368-5,4
4471420-4,0
4470899-1,4
4470793-6,0
4503304-7,2
4503303-5,4
4503333-3,4
4503412-0,0
4502021-7,4
4502235-6,1
4502234-4,4
4502233-2,3
4502351-9,3
4505279-3,3
4483576-8,4
4484634-4,1
4484636-8,4
4484614-9,3
4484615-0,1
4484612-5,1
4484620-4,4
4484710-6,4
4484746-5,3
4484804-5,4
4477367-1,1
4481199-8,4
4477434-2,0
4481041-5,2
4335012-X,2
4335736-4,3
4335911-9,2
4330604-6,2
4331178-6,0
4332371-9,3
4332339-2,4
4351499-0,0
4338308-0,2
4339364-6,1
4338828-9,0
4340405-0,3
4340471-2,4
4341455-0,3
4340997-1,2
4340987-9,1
4353533-0,2
4365465-2,2
4365778-4,0
4365596-7,4
4365585-2,4
4365654-7,2
4365992-8,2
4365853-4,1
4365831-5,2
4366246-6,0
4366249-1,2
4371311-3,1
4371310-1,3
4371337-X,0
4370641-9,0
4370671-7,0
4370803-0,1
4370805-4,3
4370806-6,2
4370807-8,2
4372071-2,3
4359558-3,1
4359753-3,0
4362526-9,3
4519816-6,1
4519817-8,3
4519382-5,4
4519372-2,4
4505807-8,3
4505808-X,4
4506587-2,4
4495665-2,0
4495947-4,2
4495946-2,1
4499262-4,4
4499261-2,2
4499260-0,0
4499259-4,4
4499258-2,0
4499257-0,1
4499256-9,4
4497673-4,4
4497674-6,0
4493766-6,4
4493765-4,1
4494020-9,0
4494218-X,2
4496563-0,3
4496562-9,4
4496561-7,2
4493272-9,1
4406648-2,2
4407054-7,2
4406887-0,1
4406885-7,3
4400506-5,1
4395052-1,0
4395053-3,4
4395188-5,1
4396850-0,3
4396752-X,1
4396311-9,1
4398058-1,0
4398623-1,0
4398622-X,2
4398481-5,0
4392801-3,4
4392844-X,4
4392219-3,1
4516282-1,3
4517887-4,3
4520912-8,4
4520420-4,4
4521255-9,2
4490624-8,0
4510460-3,2
4510289-6,3
4491655-4,1
4494491-8,2
4494688-7,2
4494679-6,3
4494677-2,4
4494835-7,4
4494772-8,4
4489568-7,2
4489793-5,1
4492778-6,2
4497628-X,4
4497545-5,3
4497544-3,2
4501458-X,1
4500153-0,1
4476083-X,4
4476598-4,2
4449509-5,1
4449506-X,4
4449507-1,0
4449505-8,1
4448514-2,1
4448474-4,3
4449153-X,4
4445369-7,0
4441784-6,4
4441670-1,3
4441668-3,3
4404117-7,0
4404247-X,2
4404239-0,3
4405363-9,1
4408313-4,4
4422548-6,0
4422335-9,2
4411203-4,0
4409963-1,2
4409962-X,3
4415010-8,3
4415212-0,4
4507705-2,1
4514941-8,1
4436820-7,3
4437755-6,4
4439035-1,1
4439847-4,2
4434272-4,1
4435060-5,2
4430771-X,3
4430721-6,1
4430096-2,4
4431445-1,2
4431783-2,3
4431782-0,2
4431781-9,0
4431163-X,4
4431162-8,0
4431160-4,3
4431159-8,2
3789325-0,2
3779231-X,1
3778747-X,2
3796534-3,4
3796517-3,4
3796556-2,1
3795602-X,2
3794301-8,4
3794314-6,2
3793011-0,2
3800800-2,1
3800653-2,4
3792430-6,2
3777385-2,2
3777291-3,3
3672518-0,1
3733968-7,0
3732738-3,1
3720887-5,2
3720895-4,1
3719816-X,1
3719229-0,4
3719203-4,2
3719208-3,0
3719213-7,1
3719185-5,0
3719196-X,3
3719178-8,4
3719252-6,2
3719258-7,1
3719237-X,4
3719354-4,3
3719347-7,2
3719345-3,0
3719351-9,4
3719342-8,2
3719340-4,3
3719331-3,0
3719319-2,1
3719366-0,0
3719363-5,1
3719443-4,1
3719496-3,0
3728592-6,1
3717149-9,3
3718591-2,1
3718588-2,1
3718587-0,4
3718585-7,0
3718584-5,2
3718609-7,2
3718592-4,3
3718593-6,4
3718594-8,2
3718600-0,1
3718601-2,0
3718162-8,4
3719153-3,0
3718856-4,4
3733120-5,2
3732283-5,4
3732245-8,2
3833441-1,0
3833448-4,2
3833620-3,1
3812077-2,2
3812061-9,1
3807966-9,4
3807965-7,1
3807964-5,2
3807521-0,2
3807510-6,0
3807511-8,0
3827776-6,1
3827762-6,0
3829554-0,0
3806848-6,0
3806799-7,1
3804458-8,4
3803944-4,2
3803219-3,4
3814590-0,4
3766238-1,4
3764160-8,1
3763769-5,4
3780628-2,2
3773395-X,4
3773393-6,0
3773391-2,4
3773390-0,4
3773389-4,0
3773914-3,2
3774448-2,0
3761818-1,1
3782165-8,3
3771305-2,2
3771309-X,1
3771403-3,1
3771543-9,0
3806372-0,1
3806249-0,4
3805626-1,2
3813414-5,1
3815711-6,2
3816295-9,4
3810591-7,1
3810589-9,0
3811151-4,0
3811152-6,0
3809435-9,2
3809961-2,2
3809960-0,4
3840367-6,0
3839900-X,4
3846940-3,4
3845301-0,0
3843815-0,1
3843858-7,0
3843860-5,0
3842907-X,4
3822377-8,2
3821755-0,0
3822009-9,3
3821966-4,1
3823189-1,4
3823212-4,0
3824336-8,2
3820735-9,4
3837163-2,0
3837165-6,3
3835073-8,2
3834975-6,2
3834706-X,3
3845598-7,4
3844441-X,4
3844491-3,1
3844792-9,2
3845010-8,3
3843580-7,0
3843372-9,4
3838994-5,0
3841174-0,0
3840854-0,4
3768589-3,3
3768839-3,1
3768838-1,0
3767792-6,4
3802254-9,2
3751782-3,4
3751930-5,3
3751895-6,2
3755904-X,3
3754386-1,1
3797783-0,1
3790285-7,2
3787866-3,1
3787861-4,0
3787801-8,3
3787505-1,3
3786108-2,3
3778249-0,1
3783117-4,1
3783075-2,2
3776219-X,1
3763074-7,4
3762429-4,4
3746373-4,3
3746371-0,1
3745910-3,0
3749017-0,4
3749015-7,0
3735668-6,4
3789232-3,2
3789280-3,4
4111662-0,4
4111369-X,2
4099382-2,4
4098765-4,1
4098221-3,3
4109692-8,3
4107962-0,3
4108176-0,4
4108177-2,2
4107150-8,1
4117315-7,0
4117325-X,2
4117329-7,4
4117350-9,0
4117354-6,4
4117269-3,4
4117273-5,0
4117277-2,4
4117287-5,1
4117286-3,0
4117288-7,4
4117303-0,0
4117074-8,1
4117075-X,0
4117080-3,2
4117081-5,1
4117237-1,1
4117239-5,1
4117233-4,0
4117226-7,0
4117221-8,4
4117179-1,3
4117183-3,0
4117171-7,3
3963233-4,0
3963699-X,1
3951316-4,4
3951212-2,0
3951210-9,3
3951088-3,1
3950928-1,3
3950337-5,1
3950579-9,3
3949884-1,2
3949606-4,3
3949641-6,2
3953566-X,0
3952984-3,0
3953000-X,0
3952406-2,1
3952486-4,3
3952488-8,1
3951998-7,3
3957003-0,1
4192418-X,2
4194178-5,3
4187551-2,2
4187556-1,1
4187554-8,3
4189096-2,1
4188498-8,4
4189992-6,2
4189994-X,3
4189997-5,1
4189999-9,3
4189983-5,1
4189650-8,0
4191082-3,4
4191203-2,2
4190755-6,1
4190278-4,1
4198088-9,0
4198284-0,3
4193938-4,2
4193940-2,1
4193942-6,3
4193612-4,3
4195385-8,2
4195522-5,0
4196846-8,3
4197072-9,3
4196952-8,1
4196945-0,0
4196946-2,0
4196942-5,4
4128792-X,3
4128826-2,1
4129573-3,1
4136019-8,2
4103035-1,3
4103016-8,3
4096321-5,2
4110139-6,4
4109907-6,4
4108616-7,2
4094899-9,0
4095215-9,0
4095169-5,3
4095574-7,3
4095744-8,2
4093147-3,0
4090700-8,1
4091344-4,4
4091030-0,1
4091552-2,0
4091408-5,1
4087883-2,3
4087946-1,0
4163808-6,0
4163910-9,3
4163876-1,3
4164014-1,2
4167072-3,0
4168152-9,4
4171515-9,1
4178199-4,3
4180445-8,2
4180412-4,4
4180409-4,1
4180531-2,3
4180840-7,4
4180994-2,2
4181107-3,2
4181708-2,0
4181525-3,2
4181847-6,1
4184363-0,1
4185082-7,1
4186012-4,3
4185983-X,4
4120658-4,2
4125640-9,1
4125638-0,1
4122099-2,1
4122129-8,1
4086298-0,4
4086300-6,3
4123570-X,0
4163065-0,4
4163403-9,4
4173064-0,2
4172410-1,0
4171931-5,3
4175477-X,0
4169756-X,0
4169757-1,3
4170184-1,0
4170211-1,2
4166189-7,0
4168965-3,1
4119465-8,1
4119078-8,2
4120062-9,1
4115295-1,3
4114493-0,3
4116022-4,4
4127422-0,2
4309767-4,3
4309658-9,4
4309532-8,4
4310919-8,3
4310278-0,4
4322257-8,0
4322469-3,0
4322319-5,4
4320529-4,3
4320333-7,1
4320323-4,2
4321098-5,3
4320820-1,4
4320896-1,3
4267176-0,2
4267016-X,1
4266163-6,3
4266014-X,0
4263640-9,0
4263636-7,4
4272529-0,2
4271755-4,2
4271760-8,1
4271976-0,1
4281088-8,2
4280367-8,4
4281869-0,3
4281980-4,2
4284070-X,4
4274352-X,1
4269156-8,2
4269341-5,3
4269679-1,3
4269602-X,1
4268831-9,4
4432881-X,2
4433127-9,1
4433132-2,4
4428601-5,2
4428600-3,1
4429532-7,2
4426722-4,2
4426592-4,4
4427501-4,3
4455130-5,3
4455131-7,1
4455295-5,3
4424062-0,2
4352372-4,0
4352368-2,2
4351206-1,4
4351205-X,3
4351204-8,0
4351202-4,3
4351200-0,1
4351180-8,0
4351177-8,1
4351176-6,0
4351179-1,1
4351173-0,4
4351172-9,3
4351168-7,3
4351171-7,3
4351170-5,1
4351198-5,3
4351199-7,1
4351192-4,1
4351195-X,2
4351187-0,4
4351147-X,4
4351151-1,2
4351140-7,4
4351166-3,4
4351164-X,2
4351153-5,0
4351158-4,0
4351156-0,4
4351157-2,4
4351135-3,4
4351087-6,3
4351084-0,1
4351085-2,3
4351083-9,1
4351090-6,1
4351089-X,3
4351100-6,2
4351098-0,0
4351048-7,0
4353695-5,2
4357164-8,0
4356849-7,0
4356598-5,4
4342788-4,2
4355652-1,4
4355409-1,2
4355371-1,4
4355372-3,2
4354994-3,4
4354529-5,0
4354066-8,4
4354067-X,3
4357749-9,1
4398854-0,4
4290591-6,4
4277174-9,3
4276425-4,1
4288660-X,4
4288670-2,2
4290158-X,1
4278992-3,4
4279837-8,4
4279753-1,0
4285359-0,0
4386661-4,0
4385425-5,0
4384895-6,2
4387674-9,0
4386909-6,3
4383983-8,4
4383886-9,4
4383409-4,4
4390412-7,4
4390010-5,4
4390219-0,1
4390235-9,3
4390228-1,1
4388675-7,3
4285827-1,2
4286453-0,1
4286835-7,4
4369171-X,0
4369174-5,3
4369172-1,0
4369176-9,4
4369556-1,3
4369558-5,3
4360290-0,3
4360247-X,1
4358522-8,4
4358456-9,0
4367317-0,2
4367053-0,0
4367054-2,3
4366404-0,1
4366405-2,3
4295466-4,3
4295443-3,1
4295041-1,4
4294747-8,4
4294775-2,3
4306803-6,3
4306929-7,3
4305636-4,0
4305909-5,1
4304220-6,2
4304193-6,1
4304175-4,2
4308929-X,4
4308978-1,3
4308927-6,1
4308924-0,1
4308785-X,2
4306999-6,2
4306994-7,3
4307487-3,2
4307498-8,1
4302347-6,0
4301261-X,2
4301583-2,0
4301589-3,1
4303330-7,4
4303827-X,2
4303610-5,2
4389588-7,4
4389073-2,2
4459251-2,4
4457813-X,1
4458032-3,0
4458255-3,3
4457045-5,1
4457360-5,0
4457437-4,4
4463676-9,2
4463483-7,4
4463147-X,3
4303448-9,0
4302151-9,1
4317165-2,1
4316489-2,0
4313820-9,4
4313308-5,4
4313397-8,1
4314758-3,1
4314637-1,2
4314684-X,1
4314683-8,4
4314681-4,4
4314680-2,0
4323700-0,3
4323683-3,1
4323680-8,4
4323838-8,0
4323839-X,1
4323836-4,0
4323834-0,4
4323829-7,0
4323910-2,2
4323942-4,2
4324630-0,4
4324620-8,1
4324623-3,2
4325070-0,1
4325244-9,4
4325234-6,0
4325233-4,2
4325232-2,3
4325239-5,4
4325366-2,1
4325371-6,0
4325375-3,0
4312104-2,3
4312203-5,3
4999888-5,3
5000051-2,1
5001124-0,1
5001072-6,3
5000978-1,3
5002947-4,4
4999296-7,1
4999169-X,3
5006562-8,0
5036531-3,0
4715042-6,4
4715041-4,2
4716754-0,4
4717011-9,2
4717012-0,2
4717250-7,1
4717279-9,4
4717238-6,4
4717237-4,4
4717213-1,3
4777036-4,2
4777103-5,1
4786063-2,1
4716050-1,0
4710818-3,3
4710718-9,3
4710516-6,0
4714008-X,0
4710988-7,2
4713510-4,1
4713337-3,2
4713385-3,1
4713093-9,4
4915753-3,1
4915754-5,2
4915755-7,2
4916708-5,4
4918803-3,1
4918491-6,2
4919754-0,1
4942919-9,0
4942904-7,2
4943503-3,0
4943504-5,4
4943744-5,4
5009703-1,0
4998048-1,2
4998609-X,3
4998550-2,0
4998753-7,0
4998745-8,0
5012218-8,1
5011954-7,2
5011768-8,0
5010985-0,1
5010751-6,0
5010719-X,3
5008157-9,0
5007426-6,4
5007836-7,3
5008668-6,1
5005606-7,1
5003286-8,0
5004193-7,2
5004194-9,2
4922629-4,4
4940929-9,4
4940930-5,3
4942803-0,3
4942826-1,1
4944060-8,0
4947834-2,4
4947753-1,2
4946323-9,0
4931606-9,3
4931841-X,3
4934293-9,0
4989996-7,3
4989998-0,3
4984940-0,3
4985773-1,0
4983133-0,4
4995025-1,2
4993955-8,2
4983555-8,0
4963718-8,2
4956588-5,2
4951762-6,3
4948854-4,0
4952871-8,4
4953929-X,3
4953928-8,2
4953353-X,2
4954690-5,4
4954689-9,1
5011498-2,2
5013289-5,0
5012964-6,4
5012678-2,2
4900093-9,2
4900425-1,4
4899130-X,4
4899432-7,1
4899476-5,0
4924692-3,0
4929678-0,1
4928125-2,0
4928963-6,4
4928926-0,0
4928924-7,0
4928922-3,1
4928779-0,4
4928778-9,2
4928777-7,3
4946921-2,2
4946922-4,0
4946923-6,4
4946924-8,1
4946488-9,2
4933093-3,2
4934006-0,2
4937234-3,0
4937312-9,0
4937314-2,1
4937310-5,1
4937311-7,3
4937308-7,1
4937144-1,0
4939767-2,4
4938327-7,1
4958283-5,3
4819064-6,0
4818959-7,4
4818734-3,2
4818292-3,4
4817945-0,4
4817876-6,3
4817621-4,1
4817622-6,1
4817218-6,1
4817217-4,4
4817215-0,2
4817049-7,1
4817037-0,4
4823707-0,0
4823731-8,3
4823926-3,4
4823917-2,3
4822034-5,3
4822031-X,3
4822141-7,3
4821945-4,4
4889579-3,2
4889515-X,1
4886630-1,2
4887487-5,3
4887705-3,2
4883225-0,0
4883226-2,4
4883094-9,4
4883821-0,3
4884358-5,3
4914880-4,3
4914882-8,1
4910773-7,1
4909908-1,4
4909941-X,1
4909382-5,0
4909381-3,2
4909380-1,0
4909000-6,2
4908295-2,4
4908292-7,3
4908192-2,4
4907960-0,2
4907386-X,3
4907486-4,4
4907111-2,0
4906153-0,3
4879820-5,4
4878720-4,2
4878842-8,0
4882012-7,0
4881686-4,0
4894762-7,2
4895182-1,2
4891284-4,4
4890946-2,1
4892251-7,3
4913045-X,4
4912017-9,3
4911138-4,2
4911089-5,2
4915177-9,0
4915157-3,1
4913812-2,1
4913811-0,0
4913674-3,4
4783556-9,0
4778405-9,4
4776547-5,1
4776231-8,0
4776349-X,0
4776049-6,3
4784425-0,2
4717911-X,3
4718346-6,1
4718345-4,2
4785094-6,0
4785071-5,2
4836428-5,4
4836426-1,2
4834137-X,4
4834136-8,2
4833799-0,4
4835315-6,4
4834926-1,2
4834925-X,0
4834972-8,3
4834784-5,2
4837925-9,4
4837924-7,4
4838030-8,4
4838191-0,3
4838203-4,1
4838293-9,0
4844842-7,4
4844841-5,4
4844697-0,4
4844704-5,2
4845422-X,0
4841686-7,1
4842045-3,2
4842909-0,3
4843023-0,4
4847668-3,2
4848253-X,4
4848799-4,3
4849227-5,2
4849229-9,2
4849228-7,1
4849569-3,2
4846031-9,3
4846536-0,1
4846566-9,0
4846617-1,2
4847026-1,0
4880103-8,4
4872659-6,4
4873012-1,0
4897629-3,0
4897627-X,4
4825919-9,4
4825698-5,3
4832891-4,0
4831309-5,2
4831411-8,2
4830667-5,3
4831215-6,3
4835877-9,3
4835875-5,1
4836643-0,0
4896345-1,1
4896347-5,2
4896740-0,2
4896739-4,0
4896536-X,3
4893505-0,2
4893527-X,2
4893327-0,0
4875055-0,2
4875106-3,1
4877670-7,0
4791779-8,3
4791046-2,2
4791045-0,0
4791010-3,1
4790675-X,1
4793559-6,1
4793501-8,2
4793410-4,2
4793409-8,1
4793628-0,3
4795174-7,1
4798275-2,0
4796762-4,4
4796488-7,2
4797415-9,4
4799706-4,1
4800370-6,1
4810816-5,3
4814063-2,0
4808862-0,1
4808863-2,4
4808865-6,1
4808864-4,3
4809076-0,1
4809376-4,4
4810341-1,3
4815205-5,4
4816264-6,2
4816250-6,3
4815884-2,4
4820833-7,2
5031400-7,0
5031401-9,2
5031468-8,3
5032538-0,0
5038829-1,1
5038316-0,1
5040273-8,1
5042076-7,4
5041917-7,2
5041376-4,3
5021097-4,1
5021251-1,4
5062930-X,0
5064308-1,4
5064457-8,3
5064576-6,0
5113968-5,3
5114507-5,2
5115007-9,4
5115074-2,3
5115061-4,1
5115060-2,1
5115191-7,1
5113718-2,1
5113634-6,1
5043858-8,3
5045196-6,2
5070093-X,1
5067636-9,1
5067093-2,2
5067204-9,2
5026947-3,1
5026766-8,3
5026730-9,4
5026237-9,3
5058355-3,0
5058345-0,2
5058310-3,2
4962436-X,2
5028902-6,3
5023622-6,3
5023370-2,2
5023365-9,3
5022127-6,0
4970125-0,0
4970238-3,3
4970218-8,2
4965870-7,2
4964902-X,3
4963008-3,1
4963103-9,2
4963341-5,4
4960257-5,3
4962137-8,4
4972822-X,4
4972821-8,1
4972820-6,3
4973325-9,2
4973432-0,3
4980379-2,1
4972131-9,1
4972325-2,2
4971961-7,0
4970899-9,0
5073381-6,1
5074417-9,2
5071275-3,3
5072363-8,2
5072644-8,2
5078004-8,1
5078003-6,0
5078002-4,3
5078001-2,3
5078000-0,2
5077999-6,0
5078269-2,4
5078268-0,1
5078142-X,3
5078654-9,1
5076096-3,3
5050366-7,3
5049419-9,4
4981211-3,3
4995726-5,2
4995578-3,3
4989080-2,1
5034012-4,4
5037224-9,1
5113505-5,0
5069345-9,0
5123919-5,1
5123916-X,0
5120430-2,0
5118044-3,4
5119449-7,1
5119170-5,0
5119832-X,0
5119925-7,1
5119698-8,2
5065236-8,3
5065327-1,1
4888329-4,1
4884983-1,4
4884984-3,4
4885931-0,1
4906062-7,4
4906379-6,2
4906378-4,0
4906899-4,1
4903556-5,1
4925966-2,1
4902815-X,2
4902816-1,0
5020581-7,0
5019303-5,1
5019142-5,0
5019510-1,2
5019515-0,2
5019429-6,0
5018062-X,1
5018164-8,0
5020910-4,2
5046898-8,1
5015435-6,2
5015391-0,3
5016589-8,1
5015140-6,1
5016761-7,0
5017152-5,3
5014472-5,0
5015611-2,3
4537852-0,0
4537850-7,3
4537851-9,1
4537849-0,0
4537360-7,2
4524959-7,1
4469693-7,4
4469061-8,1
4469177-6,0
4468902-8,0
4705778-5,2
4695068-1,1
4695780-4,3
4695784-1,2
4696903-3,2
4696844-1,3
4705031-X,4
4698624-X,2
4701787-0,2
4694440-3,2
4694436-1,3
4694437-3,0
4694439-7,2
4694085-5,1
4694602-5,3
4691683-X,3
4691418-0,4
4692815-X,0
4691982-1,1
4624298-X,3
4606925-6,4
4605187-3,0
4621683-7,2
4622188-X,4
4613946-6,4
4613580-8,2
4612718-6,4
4482619-5,1
4477611-0,2
4477563-3,3
4478760-3,3
4478552-5,0
4483931-6,0
4489179-3,4
4485814-4,2
4463883-5,3
4463887-2,0
4463886-0,2
4463885-9,2
4463884-7,1
4463888-4,3
4463889-6,1
4468279-8,4
4468338-X,3
4465207-6,3
4697185-9,0
4697184-7,0
4697183-5,2
4699555-1,1
4699894-4,1
4700991-5,4
4693169-5,0
4685331-2,2
4684108-1,4
4684060-9,3
4684182-2,3
4683827-0,3
4683826-9,3
4683825-7,3
4684307-9,3
4579720-4,0
4579739-3,4
4579587-4,2
4579507-2,2
4580076-1,1
4580078-5,1
4579922-7,3
4579854-4,1
4582543-3,4
4582546-9,4
4560717-5,3
4561875-9,3
4561170-8,1
4560888-0,1
4560889-2,3
4560890-9,2
4560892-2,1
4560381-5,4
4558903-3,2
4647274-X,2
4640622-6,3
4640280-0,3
4639082-0,1
4652670-0,4
4652240-4,3
4652512-3,4
4652013-2,3
4650187-0,1
4644698-1,0
4644777-9,4
4642905-2,1
4551617-5,1
4551716-8,0
4551712-0,3
4551714-4,2
4551711-9,3
4565350-7,1
4565890-0,3
4565640-8,3
4545060-2,4
4545249-2,3
4545268-6,2
4552929-1,4
4554553-3,0
4529313-X,4
4528889-6,4
4529402-X,0
4529397-9,2
4539480-X,0
4539701-3,1
4522031-3,0
4643392-0,2
4628266-3,3
4628265-1,2
4633214-6,1
4633598-9,2
4633825-8,1
4635181-8,3
4629139-2,1
4629166-5,3
5170278-8,3
5170286-7,4
5170254-5,2
5170265-X,2
5125328-1,1
5169692-6,4
5122427-5,2
5122461-5,1
5123303-4,3
5120828-2,4
5120129-2,0
5121261-X,2
5121053-1,0
5121044-0,2
5118148-5,2
5165141-2,3
5165285-5,2
5162439-9,1
5162061-4,3
5106955-4,0
5106821-4,0
5106735-X,4
5108238-5,1
5079482-0,0
5079347-4,0
5083089-9,1
5083076-0,1
5082776-6,4
5082491-9,2
5085706-6,4
5085966-1,3
5086170-3,2
5085462-1,3
5049117-1,2
5047897-2,0
5047894-7,0
5047459-7,1
5054155-9,1
5051973-8,1
5051282-7,0
5051301-8,4
5051113-5,3
5050789-6,0
5050771-9,0
5050510-1,0
5050618-0,0
5060608-X,2
5061396-3,2
5096220-6,1
5096302-9,2
5096352-2,4
5055017-3,4
5055349-9,0
5061716-X,2
5097151-8,4
5096710-6,1
5098353-7,1
5099613-6,3
5103343-1,2
5102700-7,0
5102674-9,2
5103936-1,0
5103935-X,3
5103934-8,3
5103933-6,4
5103932-4,3
5103931-2,0
5089989-8,0
5138159-3,2
5138172-6,4
5138171-4,1
5138170-2,2
5138168-4,4
5136935-4,2
5136481-8,4
5136480-6,2
5136611-8,3
5140248-4,0
5139249-1,2
5134945-4,1
5134946-6,3
5133776-9,1
5133777-0,0
5132331-4,1
5133086-X,2
5144105-9,4
5143366-X,1
5143198-2,1
5142396-1,0
5141563-0,4
5141409-0,4
5141115-2,3
5130235-4,0
5133008-1,4
5130270-6,4
5135730-X,0
5136234-0,1
5135962-0,1
5134358-5,1
5169341-7,1
5084029-9,0
5083621-5,1
5083622-7,0
5083619-7,4
5086921-8,1
5094223-9,2
5094365-8,2
5091475-6,4
5091644-5,3
5087990-1,4
5090818-7,4
5119765-9,4
5174813-5,4
5129065-9,2
5127064-4,4
5128021-4,4
5176891-6,3
5176888-6,4
5125083-5,2
5125034-3,1
5124865-3,4
5103655-1,0
5104545-0,1
5099909-8,1
5099927-X,1
5101184-2,0
5102253-3,0
5080732-5,1
5080516-8,1
5104218-4,0
5104217-2,1
5105618-9,2
5105619-0,0
5105712-2,1
5108692-9,4
5109257-5,4
5106296-5,1
4396301-6,0
4343950-7,4
4344426-3,3
4344429-9,3
4347104-X,2
4415414-3,2
4349784-1,3
4349945-1,1
4348204-0,2
4347998-8,2
4348005-3,3
3157837-9,0
3158125-7,2
3142364-5,1
3142363-3,3
3142361-X,2
3142358-X,0
3142355-4,3
3149131-7,3
3150337-1,0
3158598-X,4
3158777-1,1
3158779-5,1
3150334-6,2
3151481-5,3
3158810-7,4
3158814-4,3
3159493-2,0
3159492-0,2
3159495-6,4
3159494-4,3
3159496-8,0
3160920-5,2
3145567-9,2
3145563-1,0
3145558-8,2
3145553-9,4
3145571-0,1
3161973-0,2
3146071-4,0
3146068-4,2
3142929-0,2
3143868-1,4
3103681-8,1
3103505-9,2
3103496-0,4
3103502-3,0
3103500-X,3
3103489-3,3
3103493-5,4
3103272-9,1
3167168-9,3
3167073-8,4
3169426-0,3
3169428-4,4
3169437-5,1
3168276-9,2
3173724-4,3
3173726-8,4
3173497-5,0
3173914-0,2
3163306-2,0
3165748-8,2
3165484-8,3
3167899-0,2
3138312-4,1
3114199-0,3
3114217-X,4
3114079-0,2
3114078-9,2
3125454-2,1
3125455-4,3
3236064-0,3
3127541-1,2
3129801-7,2
3129806-6,2
3129804-2,4
3129793-0,1
3129797-8,4
3129476-7,2
3121961-7,4
3121719-9,4
3121723-0,0
3121734-5,2
3121736-9,1
3121577-2,2
3154353-5,0
3154713-2,0
3154717-X,3
3154719-3,3
3137542-5,1
3137543-7,4
3137541-3,2
3137544-9,1
3137545-0,3
3137660-1,0
3138839-5,4
3138983-2,1
3138992-3,3
3171222-5,1
3171259-6,0
3171192-X,4
3171039-1,1
3171064-0,3
3176241-0,0
3176474-3,2
3176907-2,2
3163691-1,1
3163688-1,2
3163554-1,3
3163503-6,4
3163517-6,1
3156533-1,0
3141281-4,0
3141285-1,4
3141287-5,0
3157228-0,2
3141292-9,4
3141227-9,0
3141217-6,0
3141219-X,4
3141214-0,1
3141212-7,2
3141147-X,2
3106214-5,2
3106211-X,4
3106209-1,1
3110979-6,4
3110980-2,0
3109193-X,3
3110133-8,4
3247868-2,4
3104414-1,0
3104417-7,4
3105608-1,1
3105609-3,0
3105610-X,2
3107467-X,2
3107001-4,1
3108471-8,2
3108090-3,1
3134862-5,2
3135078-9,0
3136218-8,3
3136391-1,0
3136438-2,3
3136310-8,4
3131079-5,1
3131722-0,1
3132572-1,4
3134300-2,4
3160799-1,1
3160795-4,2
3160793-0,2
3143753-5,1
3160928-X,2
3160917-5,4
3147367-2,4
3147785-2,0
3149288-8,3
3152427-6,0
3152203-4,0
3152204-6,2
3152205-8,3
3152253-8,2
3153459-4,0
3153665-9,2
3229953-4,0
3224653-9,1
3224688-6,1
3225637-7,4
3225958-8,3
3220235-3,0
3124020-2,2
3123478-2,4
3126994-2,2
3126985-1,2
3126989-9,2
3118377-6,1
3118381-8,0
3118368-5,4
3118371-5,0
3118374-0,1
3118363-6,0
3118366-1,3
3117156-3,4
3117448-8,1
3117454-3,2
3117442-7,3
3117445-2,4
3117372-0,4
3120384-4,1
3120500-4,4
3228987-3,2
3228991-5,4
4043506-X,1
4043509-5,1
4061067-6,3
4059753-7,0
4059732-X,1
4059839-7,3
4059892-0,3
4059888-9,3
4059840-3,2
4059570-8,2
4044821-6,0
4046623-3,4
4046619-1,4
4046229-6,0
4046231-4,1
4046075-3,0
4038434-X,4
4038321-7,2
4038317-5,3
4057062-3,2
4055628-8,0
4055087-5,0
4055054-1,3
4055142-X,3
4055256-4,2
4055262-X,3
4055317-X,4
4057767-4,2
4057931-4,4
4057274-9,4
4057582-1,3
4053336-0,0
4050554-2,1
4050899-6,1
4054010-7,4
4069049-5,4
4069048-3,4
4069047-1,0
4069046-X,3
4068060-8,2
4068045-1,3
4067974-2,3
4067933-X,1
4068324-8,3
4068132-8,4
4067553-7,0
4067454-4,3
4067329-0,4
4048703-5,0
4046956-0,0
4052790-8,0
4052842-2,3
4051041-8,0
4051934-1,1
4067327-7,3
4067324-1,0
4026873-2,2
4017374-6,2
4018046-4,4
4016588-9,2
4015097-0,3
4022109-7,3
4020419-0,2
4020881-3,4
4062742-X,1
4062548-1,2
4062511-0,0
4062134-3,1
4062132-X,4
4062157-4,1
4061232-8,0
4018279-7,3
4022647-7,1
4022318-7,4
4029228-X,3
4029223-0,4
4028619-0,3
4025029-7,1
4024765-6,1
4024790-5,4
4024483-4,3
4024529-3,0
4024528-1,4
4024200-8,4
4024056-3,1
4016571-3,3
4015303-2,4
4015889-8,3
4016041-2,2
4016036-9,2
4066610-9,0
4065870-8,0
4065869-1,0
4080640-2,0
4082506-0,0
4082054-8,4
4086765-X,0
4087123-4,3
4084304-0,1
4084243-5,1
4080244-1,4
4079037-0,2
4077606-5,4
4077605-3,1
4077597-7,0
4077746-0,3
4013545-3,1
4010777-5,3
4000771-2,1
3997787-9,3
3998572-4,1
3998903-5,2
3998736-X,1
3999602-6,2
3999451-9,2
4003901-1,2
4004680-4,2
4004687-7,4
4004984-5,2
4005007-4,3
4005190-0,0
4005487-4,0
4002019-1,3
4002461-9,1
4003530-X,3
4044716-8,0
4044714-4,1
4044321-3,4
4044198-6,1
4044196-2,2
4044206-2,4
4044036-1,1
4043919-6,3
4045639-0,0
4039252-9,2
4040206-7,0
4039864-2,2
4039950-7,4
4041296-8,4
4064069-9,3
4071235-5,2
4071234-3,1
4071237-9,2
4071236-7,2
4071239-2,4
4071241-0,3
4071243-4,1
4071246-X,3
4071368-3,0
4071364-6,1
4071366-X,1
4071367-1,4
4071396-8,2
4069984-8,1
4069986-1,0
4069943-5,0
4069779-5,3
4054482-8,1
4054512-3,3
4054351-3,3
4054359-8,1
4055028-0,3
4050090-3,2
4054892-9,0
4054893-0,0
4054865-6,4
4133611-1,1
4133723-2,0
4139389-X,2
4139386-4,0
4139472-9,0
4139490-0,1
4130981-5,4
4130982-7,2
4101361-3,2
4100594-X,0
4138587-9,2
4138591-0,4
4076943-8,1
4075613-X,1
4076101-7,2
4076100-5,3
4076436-8,2
4076386-7,1
4075369-0,2
4075224-6,2
4075225-8,0
4075226-X,4
4075222-2,1
4073578-8,2
4073676-9,4
4074268-8,3
4074446-8,4
4072803-7,2
4072658-0,4
4072570-7,0
4101902-6,3
4101837-9,0
4101758-1,3
4101620-4,4
3983046-7,0
3982536-0,1
3982542-6,1
3982648-1,0
3982645-6,2
3982644-4,4
3984761-1,3
3984261-9,2
3365984-1,3
3365986-5,3
3417870-6,3
3417756-7,0
3421525-1,3
3421521-4,4
3421523-8,0
3421581-0,2
3371596-6,0
3418852-0,2
3398558-7,2
3398300-X,1
3399657-6,4
3399654-0,2
3413289-2,2
3413303-4,1
3272788-7,4
3272786-3,0
3272787-5,2
3272653-5,1
3275344-X,4
3275348-7,4
3275341-4,3
3274965-8,1
3274347-9,0
3269558-2,4
3269491-6,1
3268140-0,2
3276533-0,4
3276519-6,3
3275864-8,0
3341914-3,3
3338362-9,0
3338343-5,2
3338243-0,3
3338245-4,1
3312292-0,4
3311211-0,3
3310455-1,0
3310452-6,1
3310015-2,1
3310014-0,3
3310013-9,4
3310012-7,3
3310047-4,0
3316867-4,2
3316793-0,2
3316738-3,3
3316053-8,1
3316047-2,3
3307433-5,1
3307285-3,0
3308199-5,2
3308332-5,3
3303201-9,1
3303825-9,3
3304730-4,3
3304731-6,4
3305182-0,2
3328621-8,1
3328593-6,1
3328689-9,4
3329551-8,3
3326498-8,3
3327655-7,1
3333740-6,0
3330930-3,4
3373452-6,3
3373456-3,4
3408997-3,0
3414429-1,4
3422577-5,3
3423722-8,2
3297045-4,4
3301679-8,4
3301922-5,3
3301907-9,1
3301916-X,0
3302735-0,1
3302743-X,4
3302741-6,1
3302739-8,0
3302736-2,0
3302737-4,4
3298006-1,4
3297588-3,2
3298969-4,1
3298833-0,3
3299210-9,2
3298429-0,0
3299874-X,4
3306645-4,3
3256907-4,3
3256904-9,2
3256901-3,4
3256873-1,1
3256867-6,1
3256866-4,3
3256869-X,3
3256889-5,1
3256891-3,1
3256880-9,1
3256882-2,1
3256883-4,2
3256525-8,2
3256493-9,1
3256494-0,2
3256490-3,1
3256500-3,3
3256502-7,0
3256497-6,4
3256505-2,2
3254986-1,0
3255189-7,4
3255190-3,4
3255191-5,2
3255199-X,3
3255221-0,2
3255231-3,0
3255118-6,3
3255113-7,2
3255114-9,4
3255129-0,4
3255148-4,1
3255149-6,3
3255146-0,4
3255165-4,2
3255163-0,1
3255082-X,0
3255081-8,2
3255086-7,3
3255078-8,4
3255076-4,3
3255077-6,1
3255099-5,0
3255986-8,2
3252989-4,3
3253000-1,3
3252992-4,0
3261075-9,3
3260056-9,1
3260055-7,4
3260054-5,3
3260053-3,3
3260101-0,2
3259430-6,2
3323773-8,0
3323580-6,0
3322340-X,1
3322586-0,1
3321512-8,4
3321464-0,4
3325106-X,3
3325880-2,2
3325886-3,4
3324175-0,0
3324671-6,2
3322912-2,4
3322922-5,0
3372705-5,0
3372927-3,0
3372916-9,2
3372919-4,2
3372901-7,1
3360687-1,2
3360905-X,3
3360239-3,0
3360692-5,2
3360690-1,2
3347913-X,2
3348451-0,0
3391598-3,0
3391603-4,0
3437350-1,3
3426914-7,3
3426912-3,0
3426052-3,3
3432181-0,2
3430188-0,4
3428557-8,4
3018215-6,4
3017405-6,0
3017568-2,2
3016801-0,3
3016410-3,1
3016530-3,0
3016528-5,4
3015837-3,1
3015778-1,0
3039664-6,2
3040714-1,4
3038579-7,1
3038555-4,2
3038556-6,3
3036041-9,3
3036674-X,4
3036681-7,3
3036687-8,4
3036697-0,1
3034711-X,1
3031333-1,3
3031332-X,1
3031335-5,3
3031334-3,2
3031329-X,4
3031331-8,0
3031330-6,0
3088114-2,4
3084737-5,1
3084880-0,0
3094722-5,3
3094720-1,0
3094339-2,4
3093569-3,0
3093567-X,3
3083403-X,1
3082495-1,0
3082493-8,3
3081454-2,4
3080281-X,4
3081140-9,1
3081137-9,3
3087756-8,3
3097005-2,1
3097006-4,1
3097350-0,1
3097797-2,3
3097798-4,2
3004128-2,3
3004185-3,3
3004188-9,0
3004178-6,0
3004181-6,4
3002516-1,3
3009280-0,0
3009284-8,2
3009279-4,1
3012172-4,0
3012175-X,3
3012169-4,0
3005599-8,3
3005598-6,1
3005597-4,4
3005594-9,2
3005592-5,3
3005600-1,0
3005601-3,3
3005546-9,4
3006254-0,4
3000302-X,3
3000305-5,2
3002155-2,4
3000576-5,0
3000577-7,4
3000579-0,1
3000573-X,3
3079621-7,4
3079916-7,1
3061459-8,4
3061457-4,0
3061462-8,3
3061463-X,0
3061465-3,4
3060261-0,3
3060258-0,0
3074234-5,4
3070685-3,4
3070683-X,2
3070557-4,1
3071618-6,0
3065931-6,3
3065933-X,2
1000000735-8,0
1000000517-7,1
1000000518-9,4
1000001780-9,3
1000001859-1,4
1000001429-5,3
3041499-5,1
1000001532-X,2
3041531-9,2
3041505-8,4
3041518-6,2
3050711-8,4
3050707-6,0
3050717-9,4
3050713-1,0
3050715-5,1
3050693-9,4
3050689-7,0
3050691-5,0
3050697-6,3
3050727-1,3
3050722-2,3
3050720-9,4
3050735-0,4
3050731-3,4
3030573-5,0
3030575-9,3
3030570-X,3
3030571-1,4
3029494-3,3
3027232-1,1
3027230-8,2
3024092-X,0
3024089-X,2
3024109-2,0
3024111-0,2
3022468-8,0
3021887-3,1
3022044-7,4
3022045-9,2
3022042-3,1
3020729-X,3
3020725-2,1
3020723-9,4
3020713-6,2
3020712-4,3
3020715-X,3
3020714-8,1
3020709-4,2
3020711-2,1
3020710-0,2
3088500-0,1
3088499-7,2
3071550-8,0
3071988-9,3
3071817-3,0
3064639-0,3
3065635-X,2
3067281-0,4
3092392-3,4
3092388-1,3
3092386-8,0
3091129-1,3
3091096-0,1
3090141-6,2
3100610-8,4
3088138-5,2
3057088-2,1
3057089-4,1
3057087-0,2
3057086-9,1
3057085-7,4
3057084-5,0
3060173-2,1
3060584-5,4
3057345-X,1
3056162-4,0
3056151-X,3
3056159-4,0
3056156-9,1
3056157-0,3
3056154-5,1
3059246-X,3
3073334-3,4
3073332-X,1
3073333-1,0
3073330-6,3
3073110-1,3
3144882-2,0
3144839-1,3
3144846-9,4
3144844-5,1
3144852-4,3
3144850-0,4
3144848-2,1
3068901-7,0
3068902-9,2
3068896-6,0
3068899-1,2
3068898-X,4
3064988-6,2
3067091-4,2
3030201-9,0
3030577-2,2
3030578-4,4
4227477-9,2
4227310-5,1
4234625-3,0
4238044-5,0
4237907-4,2
4236967-4,0
4236969-8,3
4236573-1,0
4236571-8,1
4236337-9,0
4236088-0,4
4246552-6,1
4246709-4,4
4247097-X,3
4247218-9,2
4243907-0,3
4258253-9,3
4258255-2,2
4255952-X,1
4235990-3,4
4235988-5,1
4235989-7,2
4235987-3,3
4208177-8,1
4206910-2,3
4206904-7,1
4219707-4,0
4220846-2,0
4220755-9,0
4210690-4,4
4211003-4,3
4211270-7,3
4211263-X,3
4216017-6,4
4217092-5,0
4217448-0,0
4218074-X,1
4218708-X,3
4218712-1,0
4218735-2,3
4219571-3,4
4213346-7,1
4214659-5,4
4214657-1,1
4215041-7,1
4215807-3,4
4215664-5,4
4261563-2,2
4261567-X,3
4261565-6,2
4261564-4,0
4261568-1,2
4261652-2,1
4261199-3,3
4261203-2,3
4261206-8,4
4261208-1,0
4261212-3,4
4261357-8,2
4261344-X,1
4261345-1,0
4261346-3,3
4203797-9,2
4206234-3,1
4206225-2,4
4205641-2,0
4205187-1,3
4205191-3,3
4205189-5,2
4224263-0,3
4225356-4,0
4262256-8,4
4243368-1,3
4242843-3,1
4232130-1,0
4238913-6,0
4238616-8,3
4244829-1,2
4244828-X,3
4245417-3,4
4245419-7,2
4245364-7,2
4248453-6,3
4248381-6,4
4248900-X,3
4249198-9,4
4249185-0,0
4249200-4,0
4249374-5,0
4254211-9,3
4254278-8,4
4251832-4,1
4199914-X,0
4199915-1,3
4199916-3,0
4199907-2,1
4199911-4,4
4199903-5,4
4200050-4,1
4200048-6,1
4199192-1,1
4201785-X,4
4140942-8,1
4204465-X,3
4203509-9,3
4202626-7,3
4205394-8,3
4145143-5,2
4143105-5,3
4143468-0,2
4157860-1,4
4157863-7,4
4159367-4,2
4239877-1,0
4239368-8,1
4239619-X,1
4246386-2,4
4246034-1,1
4230481-8,3
4242141-8,3
4242139-X,3
4242137-6,3
4242004-8,1
4241158-7,4
4240613-3,4
4240520-6,4
4240740-0,0
4234847-1,3
4235134-8,4
4233840-2,0
4234154-7,1
4232818-2,3
4251725-2,1
4251723-9,1
4257718-3,2
4199759-0,0
4255670-8,0
4252660-6,4
4252622-9,0
4252609-6,1
4251985-8,1
4210663-1,0
4209879-X,1
4209786-2,2
4155452-1,4
4156592-3,1
4152857-X,4
4152866-0,1
4153783-2,4
4159593-4,4
4159576-4,4
4160560-5,2
4157459-7,4
4148588-2,3
4152040-8,2
4145202-7,4
4150456-7,0
4150486-5,0
4156199-8,1
3215197-9,4
3963073-6,0
3963078-5,3
3963079-7,3
3963080-3,3
3945073-5,4
3945965-7,4
3943112-9,4
3943858-2,0
3943823-5,0
3943489-4,4
3944345-8,2
3944005-3,1
3946677-6,2
3946871-4,0
3947348-2,2
3947734-0,0
3947771-6,4
3944633-5,3
3948738-4,1
3948740-2,1
3961281-1,4
3960149-4,3
3993492-3,2
3993493-5,4
3992473-3,0
3988035-4,3
3982624-9,1
4008629-X,1
4006074-4,1
4006923-X,0
4012096-X,0
4012312-4,3
4012306-9,1
4012309-4,4
4012427-0,0
4012428-2,0
4013756-7,0
4013426-5,4
3942259-0,3
3894021-5,4
3893387-X,3
3893429-1,1
3933460-0,1
3937200-0,3
3937136-5,3
3938266-4,0
3938164-6,3
3932821-3,3
3934088-9,3
3937540-5,3
3934996-9,3
3934963-5,0
3934644-8,0
3935924-2,4
3956625-0,0
3956526-8,1
3956184-2,0
3956161-1,0
3955337-7,4
3955637-0,4
3954875-0,2
3953695-0,2
3954047-X,0
3954050-X,2
3954048-1,0
3954049-3,3
4032928-9,0
4036282-8,2
3972911-2,0
3972888-X,0
3972629-6,0
3972108-6,4
3965597-4,4
3969979-6,4
3969353-2,4
3970770-5,4
3975608-8,2
3975562-9,1
3976399-7,4
3976691-6,2
3976639-4,1
3976636-9,0
3976880-0,2
3974648-2,3
3974921-8,0
3987012-7,0
3986851-6,4
3986600-1,1
3985496-1,4
4034625-2,4
4035722-8,0
4035728-9,3
4035587-4,2
4035607-7,1
3995821-3,3
3995839-0,3
3995835-3,3
3995828-6,4
3995831-6,4
3995824-9,1
3989781-9,3
3993636-3,4
3993664-8,4
3993742-3,2
3997101-9,3
3979900-2,1
3979949-X,0
3980467-3,0
3980468-5,1
3981281-5,0
3981288-8,4
3977665-1,2
3977268-9,2
3978231-4,1
3978229-6,0
3978370-8,2
3978849-9,1
3965886-3,0
3967754-X,0
3967955-0,1
3967023-8,3
3967405-4,1
3968165-3,0
3971404-6,0
3939244-1,4
3940021-6,4
3870601-8,4
3868799-0,3
3869541-X,4
3869504-4,4
3869591-3,4
3871672-5,4
3873183-X,3
3876238-9,2
3876348-6,2
3876148-7,0
3877700-5,3
3880171-6,2
3879094-8,2
3942737-4,0
3894763-1,2
3894341-4,0
3895644-X,0
3895701-8,1
3940855-8,3
3940863-7,2
3820289-7,1
3820283-6,4
3820285-X,2
3820077-1,2
3820079-5,0
3823618-3,1
3824729-9,4
3828093-0,4
3828088-7,4
3753477-9,4
3753479-2,4
3753478-0,0
3753480-9,3
3753483-4,1
3753482-2,0
3753649-3,4
3753648-1,1
3756267-6,1
3756485-7,0
3756484-5,0
3756739-4,4
3756738-2,3
3756741-2,4
3756740-0,1
3756946-0,0
3758819-6,0
3758820-2,2
3850374-5,4
3858462-4,1
3841911-5,1
3627367-6,3
3627370-6,3
3627368-8,2
3627372-X,2
3617242-5,4
3611792-3,0
3612493-8,0
3610980-X,4
3610979-3,0
3709221-4,2
3709223-8,2
3709321-9,2
3709316-5,1
3709317-7,0
3709070-7,2
3714532-2,2
3711212-4,0
3694547-3,2
3694548-5,2
3703979-6,1
3703958-9,0
3703876-6,4
3707264-8,1
3707260-0,1
3708850-1,3
3707953-5,1
3704637-4,2
3704628-3,3
3694641-7,4
3697973-1,4
3697003-1,3
3740046-X,2
3741099-5,0
3741236-2,4
3737213-8,3
3738789-7,3
3739570-5,3
3739573-0,1
3742661-6,0
3743213-4,3
3657927-8,1
3642845-1,4
3642595-1,4
3643505-3,0
3640339-0,1
3640336-5,0
3666569-X,2
3666125-3,2
3664045-1,0
3731986-6,3
3732210-0,0
3721504-0,4
3728019-4,3
3728045-5,2
3727207-0,2
3727123-4,1
3725876-2,2
3724838-9,3
3724013-8,2
3723557-2,2
3713143-2,1
3712910-9,4
3712813-X,3
3691170-1,4
3691165-8,4
3662540-2,2
3661953-2,3
3661947-7,0
3690813-6,4
3693242-4,2
3692556-1,4
3692558-5,3
3692560-3,0
3692622-0,3
3688030-9,4
3688080-2,3
3653735-2,1
3653752-2,1
3654134-X,3
3654160-0,3
3653375-5,3
3653374-3,1
3653093-3,0
3652937-9,0
3652744-7,1
3652371-1,2
3652141-4,4
3645727-4,4
3649501-4,3
3659361-3,4
3660087-0,0
3660084-5,0
3660519-8,2
3603858-9,2
3600611-7,2
3602000-8,2
3640304-3,0
3656523-6,1
3681222-4,3
3680956-5,2
3682096-8,4
3681847-6,2
3675089-8,3
3676661-1,0
3670724-2,4
3670300-1,3
3676940-8,2
3671240-4,4
3673004-4,4
3687920-0,1
3687922-4,4
3687191-5,0
3683519-0,2
3683508-6,4
3689961-6,3
3689015-9,0
3689014-7,1
3530990-0,2
3531144-4,4
3527775-8,2
3528372-0,3
3527140-3,3
3527449-3,2
3529892-5,0
3529891-3,1
3524300-2,2
3524302-6,2
3550652-3,0
3563175-2,4
3563176-4,3
3560237-0,2
3580470-1,0
3580468-3,1
3581312-0,2
3582912-4,4
3594367-4,2
3597077-2,0
3597132-7,1
3551253-3,1
3551324-1,3
3551326-5,1
3557639-5,2
3557641-3,0
3549224-6,3
3548783-7,4
3539575-3,1
3545925-4,2
3572900-6,0
3570870-8,0
3570871-X,2
3571388-9,4
3567649-X,1
3568327-3,3
3577071-8,3
3560739-7,3
3565957-X,3
3565635-7,4
3565645-X,4
3615912-6,2
3615918-7,3
3614873-3,4
3614850-2,1
3614579-0,0
3614447-4,3
3614450-4,1
3619783-3,1
3619100-9,4
3619173-3,4
3619168-X,3
3605635-1,1
3605634-X,4
3605375-9,2
3605376-0,0
3605025-1,4
3575693-1,4
3575694-3,4
3575689-X,3
3575155-1,1
3586278-5,0
3536002-7,4
3532502-4,4
3532501-2,2
3532551-6,3
3631955-0,1
3622203-6,0
3623069-0,0
3623790-4,1
3623602-9,4
3623603-0,4
3587264-1,3
3587776-0,1
3586880-0,0
3589386-8,1
3513945-1,4
3506353-0,1
3509044-5,4
3509046-9,2
3509041-X,0
3508575-1,3
3554988-1,2
3555288-6,4
3555289-8,0
3474507-8,3
3475187-8,2
3477946-4,2
3478528-0,0
3478531-0,2
3478533-4,0
3478534-6,4
3478694-7,1
3479035-1,2
3479369-0,1
3475882-0,4
3454414-7,2
3454178-7,3
3455413-1,4
3455528-8,0
3452584-8,2
3452502-2,3
3452508-3,3
3449718-8,4
3450188-4,2
3482536-3,3
3476732-9,1
3476587-2,3
3436090-2,1
3439304-8,4
3437800-0,4
3436606-6,3
3436631-5,0
3479733-X,2
3520390-1,4
3520387-1,0
3520244-0,0
3516605-6,0
3518013-0,2
3518358-4,3
3517591-5,0
3510645-9,2
3510647-2,3
3516146-6,2
3517126-7,1
3511979-4,4
3522930-5,0
3522821-X,4
3471616-4,4
3471662-0,3
3461622-8,1
3461331-5,4
3461321-2,1
3484139-3,1
3485018-8,2
3484711-0,3
3505871-9,0
3505371-6,0
3505553-3,3
3497219-3,2
3456920-8,0
3456923-3,0
3456917-8,3
3441659-5,2
3441739-4,3
3447958-5,3
3447959-7,4
3465424-8,2
3469203-7,2
3467295-2,4
3445762-5,3
3445764-9,2
3445766-2,3
3378241-4,0
3376616-0,3
3391255-3,4
3386149-3,3
3390441-6,1
3389067-X,1
3389058-9,3
3388368-9,4
3451402-1,3
3496022-8,2
3496056-3,0
3496063-0,4
3496032-0,3
3496038-1,1
3495974-X,1
3496093-9,3
3496095-2,4
3496094-0,2
3496090-3,3
3496080-0,1
3496071-X,0
3496064-2,0
3496065-4,0
3496066-6,0
3496109-X,0
3496106-4,1
3496105-2,2
3496101-5,2
3496275-6,1
3496279-3,4
3496280-X,0
3496285-9,4
3496304-X,0
3496307-5,4
3496308-7,4
3496314-2,3
3496244-6,3
3496246-X,1
3496253-7,3
3496250-1,0
3496392-0,4
3496386-5,3
3489721-5,4
3486858-1,2
3503705-X,4
3503294-X,1
3501772-0,0
3405791-4,1
3403010-6,3
3403220-8,0
3399898-8,4
3382496-X,0
3382493-4,0
3381993-0,2
3347367-3,1
3344065-7,0
3353980-X,0
3007209-2,1
3006685-9,4
3010494-4,3
3070531-8,0
3070185-0,2
3070189-8,1
3070183-7,0
3070181-3,4
3070170-9,0
3070175-8,4
3070166-7,2
3011920-7,2
3014596-8,2
3014594-4,1
3001083-6,1
3190447-6,4
3190382-3,1
3186906-2,0
3186909-8,4
3186965-7,3
3186226-6,0
3182864-5,3
3182652-X,2
3183710-6,2
3183645-9,0
3183646-0,2
3183809-4,2
3183808-2,4
3183811-2,2
3183813-6,4
3179499-7,0
3179508-5,3
3179507-3,3
3180239-6,0
3179633-9,1
3195703-3,2
3194044-8,0
3199536-3,1
3199533-8,0
3199525-9,1
3199523-5,2
3199227-9,1
3199225-5,3
3189790-6,2
3189786-4,1
3182319-8,2
3182315-0,1
3182312-5,4
3182143-6,2
3240202-3,1
3295443-6,3
3242733-9,3
3242716-9,1
3237578-X,1
3236767-8,0
3239722-7,0
3239837-3,0
3239833-6,0
3238171-5,4
3234659-1,1
3234661-X,3
3234668-2,3
3293276-8,4
3293250-1,2
3293262-8,3
3293257-4,2
3241339-5,2
3293285-9,2
3293281-1,4
3295191-2,2
3295199-7,0
3240782-8,3
3240064-4,0
3281937-6,4
3285079-5,3
3285149-1,1
3285148-X,2
3288529-3,2
3288560-8,3
3288562-1,0
3288559-1,3
3288979-5,0
3289076-5,3
3288905-9,2
3270216-9,3
3269713-1,3
3275739-4,0
3265636-2,3
3245080-4,2
3245987-8,2
3248920-8,0
3248919-1,4
3249944-7,4
3246473-1,4
3265161-9,0
3265175-9,1
3265180-2,1
3265177-2,3
3265267-4,4
3263691-7,2
3264344-1,4
3262701-0,0
3223051-1,0
3223046-8,1
3219425-5,2
3230708-5,1
3208090-9,4
3208025-9,0
3208016-8,0
3208018-1,0
3208022-3,1
3206526-0,0
3210228-4,1
3210219-3,3
3196051-8,0
3195960-3,3
3195921-4,2
3204664-X,1
3204930-8,2
3203246-3,2
3177784-6,1
3178294-2,4
3178278-4,1
3178279-6,1
3177442-8,4
3212040-9,0
3212394-3,4
3028535-7,1
3012878-7,0
3015241-8,1
3015238-8,1
3499805-3,1
3498681-2,1
3491255-9,1
3491706-X,2
3490089-9,2
3490770-1,1
3496404-4,1
3496428-7,3
3496430-5,0
3496420-2,0
3496328-2,2
3496379-8,0
3496368-3,2
3496370-1,1
3496661-4,3
3496653-5,2
3495462-0,1
3495919-2,2
3491989-6,1
3490620-3,1
3490323-5,3
3490322-3,4
3490325-9,4
3518929-5,2
3860280-8,3
3856864-3,2
3858064-X,2
3855871-4,2
3863716-1,2
3861008-8,4
3861328-7,2
3861337-8,2
3861514-6,2
3861858-8,2
3847886-7,1
3846148-1,4
3883396-9,4
3883549-X,0
3883643-3,3
3884372-2,4
3884895-6,2
3884867-1,4
3884868-3,3
3885016-6,3
3886311-7,4
3890887-3,0
3890886-1,4
3886213-6,1
3447538-1,1
3447329-1,0
3447304-7,3
3448743-0,3
3445759-5,2
3445392-5,3
3445395-0,0
3462083-5,0
3458746-8,1
3458748-1,4
3458990-X,2
3458460-9,0
3457609-1,4
3457397-9,1
3460841-4,1
3887869-4,4
3870992-8,3
3874105-8,0
3874267-2,1
3869808-5,1
3868928-9,1
3869122-8,2
3869604-9,4
3869414-2,1
3869397-5,3
3867438-2,4
3867456-4,3
3854070-X,0
3854073-5,1
3853945-5,1
3850992-4,2
3852104-X,0
3864687-4,2
3865588-8,1
3865181-7,1
3865648-1,4
3863932-9,3
3849220-5,3
3849814-7,3
3849042-5,3
3858532-0,2
3858643-X,0
3919183-2,2
3919184-4,4
3919185-6,3
3919216-3,0
3919396-X,4
3929829-0,3
3929828-9,4
3915903-1,0
3917129-4,3
3917371-2,4
3926283-X,1
3929109-3,2
3901483-3,4
3902309-4,1
3902316-1,0
3902320-3,3
3906032-1,0
3906348-9,0
3900804-5,3
3900855-0,1
3900691-5,4
3901117-8,1
3901061-6,4
3904967-7,1
3905277-4,0
3904156-6,1
3910684-X,4
3910686-3,3
3910687-5,2
3910682-6,1
3910683-8,2
3910665-6,4
3910708-X,2
3910704-2,1
3910701-7,3
3910699-1,4
3910695-4,2
3910693-0,3
3910692-9,3
3910779-0,3
3910781-9,2
3910773-X,2
3910764-9,3
3910755-8,4
3910754-6,4
3910753-4,4
3910758-3,3
3910786-8,2
3910787-X,1
3910350-0,0
3910637-1,0
3910651-6,3
3910645-0,0
3910640-1,0
3908859-9,4
3908858-7,0
3908860-5,3
3908864-2,2
3908155-X,0
3873012-4,2
3873431-6,3
3876856-8,2
3876517-5,0
3876322-X,3
3875985-2,1
3875243-6,1
3878564-6,1
3880095-4,0
3879547-2,3
3878972-3,2
3882926-0,2
3881526-6,2
3915566-5,0
3913330-4,3
3912971-8,4
3898357-3,3
3898359-7,4
3897464-9,0
3898558-4,2
3939115-0,2
3939286-6,3
3939284-2,3
3939288-X,4
3921886-0,1
3921888-4,1
3923862-0,1
3924335-1,3
3924245-X,0
3925924-0,3
3931019-2,4
3930656-9,0
5244244-8,1
5228125-1,3
5228220-7,2
5244808-1,3
5244812-3,0
5242982-4,1
5227003-1,4
5226974-7,1
5249279-7,0
5249242-6,1
5249308-0,0
5232847-6,0
5232848-8,1
5248032-8,0
5232363-1,1
5232348-5,2
5232397-7,0
5213072-1,3
5213301-4,3
5262322-4,3
5262600-9,0
5214057-1,1
5214010-8,4
5213999-0,4
5216218-4,0
5215577-6,0
5215489-8,0
5216946-0,4
5265857-3,4
5266107-4,0
5287195-5,4
5286185-6,1
5284987-3,2
5284021-5,0
5290289-1,2
5289784-0,2
5288064-7,0
5282896-7,2
5300526-2,4
5307018-5,3
5307065-3,1
5306432-1,3
5303008-7,2
5304216-1,3
5303379-1,1
5300316-0,3
5294534-8,2
5295157-7,2
5293976-4,0
5298769-X,1
5307674-1,0
5307518-8,0
5304428-7,0
5306313-3,1
5300194-X,0
5296306-7,4
5296309-2,3
5253675-1,4
5236857-4,0
5253288-1,3
5256894-3,1
5240175-8,2
5238872-3,3
5241040-2,0
5241058-X,4
5257775-1,3
5241204-8,3
5255738-3,1
5255839-X,1
5255984-9,3
5239480-0,1
5255374-9,4
5239608-2,3
5239730-0,0
5242069-0,2
5242102-6,3
5259065-X,0
5242542-5,3
5258339-6,0
5334837-1,2
5326480-5,2
5325839-X,0
5327481-3,0
5327483-7,3
5327482-5,4
5327484-9,3
5327487-4,1
5327486-2,2
5327473-4,4
5327472-2,3
5327475-8,3
5327477-1,3
5327476-X,3
5327464-3,3
5327465-5,2
5327466-7,1
5327467-9,4
5327468-0,3
5327469-2,3
5327470-9,1
5327471-0,4
5327457-6,4
5327458-8,3
5327460-6,3
5327461-8,4
5327463-1,4
5327451-5,1
5327450-3,3
5327452-7,0
5327600-9,0
5327601-0,4
5327602-2,0
5327603-4,4
5327606-X,0
5327607-1,1
5327608-3,0
5327585-5,0
5327584-3,3
5327587-9,1
5327591-0,2
5327597-1,2
5327598-3,1
5327570-3,3
5327571-5,3
5327568-5,1
5327569-7,4
5327574-0,1
5327575-2,1
5327573-9,3
5327578-8,0
5327579-X,1
5327577-6,4
5327582-X,1
5327583-1,1
5327580-6,4
5327553-3,3
5327559-4,3
5327557-0,2
5327556-9,1
5327563-6,4
5327562-4,3
5327560-0,3
5327565-X,3
5327564-8,3
5327540-5,3
5327541-7,2
5327537-5,1
5327539-9,0
5327548-X,2
5327549-1,2
5327550-8,4
5327551-X,4
5327544-2,3
5327524-7,3
5327520-X,3
5327523-5,2
5327533-8,0
5327532-6,4
5327535-1,1
5327528-4,3
5327530-2,4
5327509-0,3
5327504-1,0
5327518-1,3
5327519-3,3
5327514-4,0
5327512-0,2
5327513-2,4
5327495-3,0
5327494-1,0
5327492-8,1
5327490-4,4
5327489-8,1
5327503-X,1
5327502-8,0
5327501-6,3
5327500-4,1
5327499-0,2
5327498-9,4
5327497-7,2
5327496-5,4
5327250-4,3
5328732-1,0
5328420-1,3
5328573-5,1
5328545-0,0
5329955-8,3
5330963-1,4
5331272-7,2
5332166-3,0
5325472-X,4
5328361-X,0
5386310-2,4
5386409-0,4
5388034-4,3
5388920-5,0
5382204-7,1
5383511-4,2
5385141-7,3
5385202-2,0
5386951-2,2
5388569-4,3
5390036-9,3
5389920-1,2
5389919-5,3
5389730-5,4
5392283-9,1
5392275-X,3
5392343-2,1
5311063-3,3
5315662-4,2
5314636-7,3
5314890-1,1
5310211-9,1
5338213-7,2
5338183-1,2
5338179-X,1
5339005-5,4
5339392-8,0
5339398-9,1
5339577-0,1
5333189-0,3
5334000-4,2
5336935-5,0
5573416-8,0
5573212-1,4
5573009-2,4
5573011-0,1
5573014-6,2
5577986-5,0
5577672-1,1
5576749-4,0
5576750-0,3
5576787-1,3
5566871-0,2
5566502-X,4
5554641-9,1
5455102-8,3
5455149-1,3
5455160-0,2
5452944-X,0
5453180-3,4
5441885-X,4
5443531-8,0
5442947-3,1
5455630-5,0
5448161-X,1
5449718-2,2
5449717-0,1
5449622-X,3
5444994-4,2
5927945-5,4
5928084-X,3
5928213-8,1
5928359-4,1
5927529-9,2
5927269-6,4
5930645-9,3
5930643-5,2
5930642-3,3
5930462-X,0
5924910-9,1
5937511-3,0
5937267-4,0
5937706-9,1
5923092-7,1
5922967-2,2
5926180-4,1
5926181-6,3
5926084-7,0
5929120-7,4
5929063-9,4
5929337-1,2
5924596-3,4
5924155-2,1
5907685-9,4
5908893-3,4
5908889-1,0
5920069-2,4
5920163-6,4
5919519-7,4
5921525-3,2
5921478-8,4
5916005-5,0
5916040-7,3
5914947-8,1
5914724-8,3
5915236-8,0
5915237-X,4
5917075-0,2
5923796-6,3
5939146-5,0
5935776-5,0
5936870-5,2
5933530-1,0
5933529-5,1
5933532-5,3
5933623-9,3
5933622-7,1
5933621-5,1
5933796-8,3
5933794-4,3
5933792-0,3
5933722-1,3
5933749-X,2
5934407-8,4
5931060-4,0
5931460-2,1
5931744-8,3
5931654-6,0
5931656-X,3
5932196-4,1
5932384-7,3
5932385-9,3
5932386-0,0
5932388-4,1
5932389-6,3
5932406-3,1
5932383-5,1
5945944-4,1
5799330-0,2
5810467-X,4
5809905-8,4
5809003-3,1
5811764-4,4
5811904-7,1
5811349-X,0
5808327-3,2
5808627-7,4
5807637-3,3
5807644-0,0
5807732-9,3
5807781-0,3
5807783-4,4
6021819-X,3
6021855-3,2
6021978-9,1
6021983-2,0
6022033-4,0
6022042-5,1
6022085-1,4
6028587-6,2
6027968-4,2
6025477-X,0
6025372-6,4
5905030-6,1
5905935-6,4
5911527-5,3
5910637-6,3
5912153-4,4
5911572-X,4
5913170-0,1
5913515-1,0
5913516-3,0
5907746-4,1
5801333-4,4
5801562-X,4
5801561-8,0
5801982-3,2
5829789-1,3
5828130-8,3
5828547-1,0
5828461-1,3
5821132-7,4
5821731-2,2
5822331-0,3
5822377-2,0
5822422-4,1
5825368-0,0
5824551-8,3
5824634-2,0
5825827-0,2
5824311-8,1
5806802-9,2
5804523-X,4
5800821-4,1
5831261-X,1
5832264-1,2
5804963-9,1
5803055-2,0
5803056-4,1
5803487-2,1
5804028-6,1
5802118-5,1
5802276-2,0
5828916-X,2
5801470-4,3
5801462-5,3
6013233-8,2
6020870-3,0
6020871-5,2
6020868-5,1
6020869-7,4
6020866-1,3
6020867-3,4
6020876-4,4
6020877-6,2
6020874-0,4
6020875-2,3
6020872-7,3
6020873-9,0
6020854-5,3
6020843-0,1
6020580-2,3
6020472-9,3
6019888-6,3
6019837-0,1
6019138-0,1
6019185-9,2
6019097-0,0
6024384-6,3
6024309-3,3
6024296-8,1
6024272-5,2
6025205-8,2
6023636-3,3
6023826-X,1
6023825-8,3
6023812-X,0
6023851-9,0
6018914-8,4
6018660-0,1
6018415-7,4
6018170-0,2
6017942-6,2
6017943-8,2
6017948-7,1
6017946-3,2
6017947-5,3
6017944-X,1
6017945-1,0
5890849-0,3
5890885-4,0
5891001-5,3
5869866-2,1
5893110-3,3
5897426-6,0
5895103-9,1
5894802-2,2
5895862-5,0
5884530-1,0
5888826-9,1
5888825-7,1
6006745-4,2
6011622-9,2
6016008-9,0
6016126-5,3
6016365-3,2
6015116-6,1
6015250-0,4
6014838-0,2
6014824-0,0
6104515-X,1
6104262-4,3
6103267-7,1
6103264-1,0
6103196-9,1
6110311-X,4
6110717-9,2
6110997-X,0
6108288-6,0
6108262-X,4
6108259-X,0
6108280-1,0
6108646-X,4
6108710-5,2
6109132-3,4
6107425-7,1
6107822-X,4
6098673-3,1
6098666-6,1
6098671-X,1
6098636-8,0
6098163-8,3
6097812-8,2
6100038-2,4
6100240-X,2
6099594-2,2
6099721-7,2
6146524-0,4
6147274-7,4
6147127-4,4
6148762-X,2
6154591-3,3
6154588-3,3
6154960-1,2
6156269-9,2
6156624-7,2
6157258-0,0
6157012-X,1
6157881-3,3
6158074-6,3
6158820-1,1
6158832-8,4
6158782-7,2
6158580-4,2
6159352-7,4
6159257-1,1
6158959-0,2
6159846-4,2
6159839-7,2
6159620-9,3
6159595-2,4
6159598-8,2
6159597-6,1
6159596-4,2
6159587-3,3
6159585-X,3
6159584-8,0
6152654-X,1
6153054-9,0
6153310-4,4
6153735-7,3
6153924-1,2
6150955-2,1
6150467-6,2
6151553-7,2
6151538-0,3
6151292-2,2
6139178-0,3
6139222-0,1
6141257-9,2
6242460-X,1
6242453-2,4
6249731-1,2
6249170-3,0
6249023-0,0
6142900-0,3
6142899-7,4
6142911-5,1
6142694-9,4
88616332,0
88143971,0
89245091,4
89244712,1
89244141,0
89720541,0
89720261,3
88069401,4
79953154,2
89220621,4
89219371,3
89781061,1
89218581,2
86428802,3
89137191,4
89138642,1
89147191,1
88729251,4
89140931,3
89688201,2
90115521,1
90489652,0
90623351,1
90619061,2
90619781,4
90617921,3
89516962,4
90002721,3
89509142,4
91101921,0
88898293,3
89999201,4
90026381,0
90602741,4
90025151,1
91712202,3
90018121,4
91145891,3
90019181,0
91147401,4
90021141,4
90600181,4
90600431,1
90600401,2
90600931,1
90601471,1
90598311,0
90598351,3
90014261,0
90014441,0
89413931,3
91826101,0
89870291,0
89388651,3
88759981,1
89855801,2
87939151,4
89854571,2
87932032,1
87932011,4
87931982,4
87368982,3
91014111,0
91013991,2
91013271,3
91013571,2
91016731,3
91016811,0
91017071,4
90128912,2
91601632,2
90128922,3
90128902,1
90128862,3
90128872,1
90128892,3
90128882,3
90130081,4
90969711,2
90130321,2
90144761,0
90144362,0
90144382,3
90144373,0
90141632,0
90141652,0
90972741,3
92479311,1
91603761,2
90505181,2
90503571,1
91016271,2
91016611,3
91015781,4
91015651,2
91019021,0
91018711,4
91021091,2
91021131,1
91021171,0
91020741,0
91020401,4
89033325,2
91024081,2
91024261,4
91577991,3
91576751,0
90153091,0
91026351,4
91576001,0
91027742,1
90191301,2
90191231,4
91856561,1
90192731,2
90192841,2
90193151,1
90185951,4
91296721,2
91297261,1
90186761,1
91299151,2
90188931,1
91299021,1
90195871,0
90194711,1
91308241,0
86293173,1
90014091,2
90013781,0
90015421,2
90015031,4
90016992,3
90579291,1
90036201,3
90036091,2
95614491,3
95614851,3
89476352,3
90578411,4
95613171,3
95613231,3
91136311,2
90046061,2
90046121,2
90046091,4
90044471,4
90039792,3
90039721,3
91692141,2
90039301,0
90040161,0
91142081,3
90576241,2
91130691,0
91701031,3
90031621,3
91700981,0
90574231,2
91699511,0
90030331,2
90030273,4
90030181,2
95612361,2
90033831,4
95612751,4
90571761,1
91134461,4
89477532,1
90032321,0
90032341,4
88441543,0
89934902,2
89934921,1
91664161,4
91664371,2
88472012,3
91662672,4
89957391,4
91665061,0
90669861,4
88469062,1
87195343,4
91164071,2
91225501,4
89961191,1
91219691,3
91219571,4
90665191,1
91220191,4
91214311,4
90656641,0
90656631,1
95620831,0
95621031,2
91192781,4
91675401,1
91675411,1
90695682,2
95071141,1
95623171,2
89931661,2
95621451,0
95621331,3
95622011,0
95621911,3
95622141,2
95622121,4
95621781,3
95622551,3
95622571,1
95622611,2
95622221,1
95622281,1
76759612,0
95622371,2
95623101,3
95622661,1
95622671,0
95622681,1
95622821,3
91183321,3
90686111,1
95060321,4
90686631,3
67881482,1
91682541,4
95062931,0
90688351,1
91683691,2
90689941,4
90689981,4
90689961,0
95064151,1
90690841,3
90691281,0
90691651,2
90691691,2
91653091,2
91170601,1
86111904,2
90518961,2
90111241,4
89993232,0
90631373,2
90624831,4
90625162,1
90626571,3
91745691,0
90627231,4
90620101,1
90620931,0
90622901,4
90618611,2
90612961,1
90613051,3
90613441,0
90613491,1
90613361,2
90613651,4
90612361,2
90614931,0
90615171,3
90614291,1
8051423-3,3
8050335-9,4
8050364-5,4
8050367-0,4
8050344-X,1
8050345-1,3
8050336-0,1
8050337-2,2
8050338-4,0
8050339-6,2
8050340-2,1
8050341-4,1
8050342-6,3
8050343-8,4
8050371-2,2
8050368-2,1
8049925-9,3
8050082-3,2
8050063-X,0
8049205-1,1
8046878-4,1
8046854-1,1
8058308-7,3
8058733-4,3
8058652-3,3
8058390-7,4
8058514-1,3
8057111-1,0
8045932-0,0
8045972-1,3
8045155-5,3
8045527-9,1
8470939-9,2
8348976-4,1
8482892-2,4
8348149-5,1
8354956-5,1
8354824-9,0
8358466-0,4
8359146-8,4
8356315-8,0
8354349-0,0
8328063-1,3
8328473-2,3
8328835-3,1
8459679-X,2
8459420-0,1
8460008-6,4
8460017-7,1
8467880-4,2
8332565-1,3
8470234-8,2
8262446-3,4
8262462-1,1
8262516-X,1
8262515-8,4
8389345-0,1
8262078-7,0
8265352-3,2
8392053-3,2
8392186-1,4
8265708-9,1
8264748-3,1
8264916-0,4
8392554-8,2
8390120-1,0
8390119-5,3
8390118-3,1
8389906-9,2
8262793-5,1
8262703-0,4
8390627-7,3
8262951-X,4
8395051-9,4
8395115-X,3
8260520-9,0
8260519-2,1
8260603-3,0
8259878-6,3
8259979-2,1
8260082-6,4
8260083-8,4
8396610-X,0
8261045-7,4
8474874-1,2
8346632-X,4
8346520-9,4
8344700-X,3
8472207-8,3
8475641-5,2
8345103-4,0
8474993-X,0
8474994-1,2
8345316-1,3
8347636-3,2
8347495-9,1
8347493-5,2
8473222-0,2
8473118-4,4
8472687-8,3
8472031-6,3
8384579-3,4
8384748-2,2
8388591-X,1
8384106-0,0
8384355-1,0
8383937-0,4
8383067-8,2
8382498-X,4
8386761-8,2
8390689-7,0
8390885-9,4
8264426-0,0
8391052-5,0
8263762-1,0
8391544-9,4
8264146-2,4
8262243-9,2
8257703-0,3
8257639-5,2
8394127-X,3
8394128-1,4
8393890-1,3
8399151-9,1
8258668-8,4
8272060-1,3
8400096-6,4
8396930-9,2
8270343-2,3
8276424-1,3
8274510-3,0
8410109-3,2
8289323-6,0
8417025-1,3
8415594-9,3
8415595-0,4
8266920-5,0
8267732-9,0
8406464-0,3
8280739-0,3
8280901-7,1
8407412-X,0
8402164-1,4
8405703-X,2
8277946-X,0
8411437-8,4
8368279-1,1
8370095-1,2
8370083-5,0
8370173-7,0
8371187-3,1
8374708-X,3
8374582-1,4
8376565-4,3
8382070-1,4
8381442-9,4
94858551,1
95129781,3
94578671,2
95557051,1
94577751,2
95132601,3
86678453,3
95563471,4
95406741,4
94851811,4
94168831,4
89516792,2
91635432,1
93425131,4
93425142,1
93701231,3
93701141,0
92590111,3
92591351,4
93710241,3
94457632,0
94291211,0
94291171,0
94291111,0
93689432,0
93931141,1
89392654,2
74286082,1
91648812,1
95028551,0
94186691,3
94186861,4
94567711,4
95301311,4
90036392,1
95114042,0
94871311,0
93852502,1
95358871,3
94223281,1
94515481,0
93414262,4
94511251,4
95075611,3
94787441,1
93968191,1
93957481,2
95637801,2
95079672,2
94523911,3
94523921,2
94524251,2
94227521,2
94224661,1
94224851,0
94768511,3
95650081,4
95649961,4
95649941,3
94191461,2
95316391,0
94826631,3
95316901,0
93943742,4
94923751,3
94434673,3
94679492,4
95539601,2
94056281,4
94053261,0
94120371,1
94615351,0
94615431,2
95379501,2
93888072,4
89220622,2
95376621,4
88908822,2
78193463,0
94605381,4
94605371,2
94115751,1
94785801,0
95625951,0
94788701,3
95346602,3
94211511,2
94211461,1
94782732,1
95637451,1
93958262,1
94240391,2
94779081,4
95634941,2
95635041,0
92151674,0
94230641,0
93890422,4
86698213,3
95146411,1
92350563,1
82405472,1
94586381,1
94586401,1
95143152,3
89234953,3
94166421,0
95386881,1
94113881,0
95375311,3
95375061,1
95373341,1
94134722,2
94631491,4
92653292,4
95121351,1
95117331,0
94863721,1
88141681,1
89250501,2
88052271,0
89239511,0
89237271,4
88061261,4
89861461,0
89861671,3
89371521,3
89371541,1
89862491,2
86814323,4
89341991,4
87915871,1
90090852,3
90090752,3
90090763,0
90090803,4
90090812,3
90090742,1
90090732,2
90090724,4
90093111,0
91508722,2
90537271,1
90092972,4
90092142,2
90092131,2
90092342,3
90092334,3
90092324,0
90092382,4
90092373,4
90092362,1
90092352,1
90092412,4
90092403,2
90092393,3
90092432,2
90092442,0
90092421,2
90535231,2
90094223,2
91500991,0
90509772,1
87090217,3
90104291,1
90105521,3
90105181,4
90105211,2
90104911,2
90104921,1
90106871,3
90105911,3
90106091,4
90106951,0
90520091,1
90108511,0
91490771,1
90109401,2
90098741,3
90506351,2
90110821,3
90110881,4
90110121,2
90110161,0
91488512,1
91488551,0
91020481,4
91020011,1
91019331,2
91019411,3
91022781,3
91022701,0
91022901,4
91023211,3
91021331,3
91021571,0
91021611,4
91022061,2
91024501,3
91024861,2
91024821,3
83817756,1
90998771,4
90997771,0
91565551,0
90998861,0
90998801,2
91567871,1
91567841,3
91556361,4
90175211,1
90176941,0
90177121,1
90177171,0
90177331,4
91010281,0
89815901,3
86314733,1
88814251,1
88814271,0
89789431,4
88314171,0
86433642,1
88084851,4
89203881,4
88088551,4
89224161,4
89212661,4
89516791,3
88893451,4
81689333,4
88892892,2
89510771,4
88906502,4
88908821,2
87762711,2
87762191,0
88166921,3
88167261,2
87474252,1
88170201,3
88168971,3
89141862,1
89698141,0
90171762,3
91013021,2
91012891,4
90555761,4
91553111,1
90556721,2
91552521,0
90054051,2
90054061,3
90054071,1
90054041,2
90054121,2
90054081,4
90054091,3
90054101,3
90054111,4
90054441,1
90560232,2
90054251,0
90054241,2
90053531,1
90053481,0
90052011,4
90051991,2
90051971,1
90052221,0
90058751,2
91537131,0
90064451,2
87620038,0
90542741,2
90070371,1
90543581,1
90067501,1
91030601,0
92033271,0
91037432,0
90540081,1
90068521,2
90546811,1
90073581,0
67741734,3
67741743,3
90547421,1
91042362,2
91043521,0
91042911,3
91042901,2
90078001,0
90055762,0
90055611,3
90054711,3
89563362,0
90528091,0
91522271,2
91038331,1
90526972,0
90085601,1
90085612,3
90085533,2
90085842,4
90085742,1
90085982,1
90085993,4
97419331,0
96886562,1
94054472,3
96880971,1
96880991,3
96028582,0
97824941,0
92913822,3
96114601,1
88376592,0
97322591,4
96114901,2
92916022,3
96120371,1
92922012,1
97815341,2
97276811,0
96781661,0
95092664,1
96781925,4
94526742,3
93950682,4
96203541,4
97899711,2
96788542,4
97854951,4
96145891,2
97858031,3
97858341,1
96144121,2
96144101,0
96144031,1
96144021,3
96144231,4
97356321,0
91705462,2
94603952,3
96807601,3
96807621,4
97786431,2
96085111,4
81711715,3
97810671,3
92402492,4
96811751,3
97363041,0
92877392,0
96826821,3
96826811,0
97371112,2
96969463,0
97457371,0
97499231,4
91018992,4
94475922,1
97468752,1
96981491,1
95438192,1
96073061,1
96074571,4
96074911,1
96060091,0
96915391,1
94087382,2
96912411,0
97429902,2
96876661,2
96871482,0
92961423,0
96021371,1
96019541,4
96019281,0
96866981,0
95519472,2
92058872,3
97449751,3
96884201,3
96034351,2
96123441,3
97813401,4
96851271,4
91724142,1
92209732,2
96134852,1
97350361,0
97352842,2
97353161,0
97352591,2
96861031,0
96075841,0
96075811,4
96077771,0
96076801,1
97389131,1
810441110,0
96905081,4
95969201,1
94987222,0
96952142,3
96895292,4
96922981,1
94390264,1
97419191,4
92026562,4
97411771,4
96073261,4
96073561,0
95009902,0
87099942,0
79340283,1
96965261,0
90134384,2
97476801,0
96933181,1
96932801,3
95971392,1
95970511,2
95962971,0
94195951,2
94557281,1
94557041,0
92589322,0
94560631,1
94201741,0
94201932,3
95049751,4
94194611,2
81539713,0
97464551,4
97464391,1
97467761,0
96970391,4
91697113,1
91695682,0
96824821,0
84424822,4
96179611,4
92851153,0
97893261,0
97893221,3
96763992,2
96177431,3
96177721,2
96177741,3
97892111,0
96778461,3
96189851,3
96183301,4
89057141,2
87592301,1
89056272,2
87652591,3
89605151,4
87653712,4
87653701,2
89605551,0
89062821,0
85669275,1
89051972,2
87639751,1
87595292,4
89566211,1
8283638-3,2
8418822-9,2
8283177-X,0
8418793-5,3
8418055-6,3
8417994-X,1
8417934-3,4
8424446-X,4
8294568-5,2
8294653-8,2
8294652-6,4
8294655-1,1
8421935-9,2
8294477-1,0
8422732-0,4
88512641,3
85998086,1
89646691,0
87110582,2
89625361,2
87663942,0
88516561,3
8554438-1,0
8554459-9,0
8554408-3,3
8554867-6,2
8552687-X,4
8553275-1,1
8553272-6,3
8555674-0,3
8556319-6,3
8556086-6,3
8556997-1,1
8557031-X,1
8557056-4,2
8558659-3,2
8558884-1,2
8559245-1,3
8579776-8,4
8579114-0,1
8579115-2,3
8582026-X,4
8581155-4,4
8576550-3,1
8576562-X,0
8584845-2,3
8571780-9,2
8572245-0,0
8572521-1,3
8574309-4,2
8574576-7,0
88532031,4
87632141,1
89652871,3
87598061,2
89561901,4
89035172,2
87625941,4
89033891,4
87131675,3
89074641,4
87569061,2
89094771,4
89094962,1
87614111,3
89574331,4
87609791,0
88549652,0
8548667-0,2
8548604-9,3
8548480-4,4
8548525-1,3
8549385-5,1
8538790-9,4
8539138-6,1
8539137-4,0
8537179-6,2
8537368-0,2
8543667-9,4
8544072-1,0
8540626-7,1
8560973-2,4
8564063-4,3
8564161-5,1
8564169-X,4
8564750-8,1
8564795-8,3
92173362,4
92554451,1
62077452,1
92840851,0
92840151,2
85773222,2
92354331,0
92907541,4
93331341,1
92627832,4
93387781,4
93388241,3
93588121,2
93588141,3
93339441,0
93616021,2
92902112,3
93180681,4
68638244,2
92342181,3
93617301,1
92348031,1
77235883,0
91101774,2
92866061,2
92867012,1
83422773,1
92657571,2
93157201,1
92257821,4
92656671,1
93639301,0
92383661,1
93638081,4
92008122,1
93638171,0
92389252,1
93660381,2
92542221,0
92537221,3
93417881,4
61528942,3
92298411,0
93662271,4
92161002,1
92851131,0
93414271,4
92551051,4
93408481,2
92557602,0
83214334,3
92559261,0
93114191,3
92860451,3
93413221,4
92175381,2
92302901,2
91894302,4
93441761,1
95311601,3
93442231,3
92206021,2
93074131,0
92207823,0
92181851,0
92594691,3
93704271,0
92319151,2
92319091,0
92318541,4
95312591,0
95312401,1
93445771,1
92335271,4
92182983,3
92321701,4
92321711,2
93702731,3
92321511,4
92600961,3
92271061,4
93142022,0
91991552,0
92651321,0
92403142,3
92269062,0
93374471,3
92647811,3
68661133,2
92870862,1
92243961,0
92659701,4
92159651,0
92285341,4
93123851,3
92573681,0
93446621,0
93065931,2
93446181,3
92328562,4
95314901,0
93693271,4
93449021,2
92199073,1
95307201,4
93009061,3
92526842,1
93010631,4
93289741,3
92789673,3
91312583,4
93539851,0
93236271,4
93236301,2
91308314,4
93780131,2
92784961,3
90175343,4
90240061,0
90240051,1
90240041,1
90240031,2
90240021,1
90240011,3
90240001,4
90240121,4
90240111,1
90240101,2
90240091,1
90240081,4
90240071,2
90240181,2
90240191,4
90240161,1
90240171,2
90240151,1
90240131,0
90240141,3
90240241,3
90240251,0
90240231,0
90240211,2
90240221,4
90240201,4
90239871,1
90239941,1
90239981,1
90239971,2
90239991,4
90239881,2
90239901,2
90239891,2
90239911,2
90239931,4
90239921,0
90239722,2
91350231,0
90723761,2
91355971,4
91355141,1
92762902,4
90237601,0
90235931,0
90235971,2
90235251,2
76852052,3
91302781,3
91302761,4
91303931,1
91304051,2
91304041,1
90180901,1
90181021,4
91291681,4
91291731,0
91855331,0
90190151,2
95711511,4
94029031,3
78084936,4
94018501,4
94018541,0
94476801,2
94005981,4
94760291,1
94751651,0
95215491,1
94933761,1
94093921,0
94374441,1
95500371,1
93797621,2
93792671,2
95487351,2
94384711,1
94658691,2
94658722,2
94658732,1
94362841,3
94947002,2
94353882,3
94387501,2
94663751,0
81931892,1
94409861,2
94409712,1
93806921,1
93806871,2
94404581,0
93534732,3
93534722,4
94896201,3
94064361,2
93574942,4
93822552,3
93822133,1
94686521,4
93819841,4
95181131,1
94061521,4
94684631,1
93820361,0
93825312,3
94418531,1
94319651,3
94420192,1
94906111,1
94696692,4
94069862,4
93827682,0
95189791,2
89847772,3
94909241,0
95159982,0
83299493,3
94326212,4
94325152,2
94428271,4
94670931,0
94913741,1
95163121,3
93838271,3
93791771,4
95489021,1
94948551,3
94951051,1
93802931,3
94391761,4
94951812,0
94356501,4
94649541,3
94956582,4
94311431,2
94312881,0
94065695,0
95178751,4
92470083,3
93816273,4
94688551,4
95529182,3
94242531,0
95246051,1
94242681,4
94963981,3
94964022,1
94756771,1
94477351,0
94712582,3
94476731,2
94715511,3
94026231,4
94022881,3
94713591,1
95267351,1
92142862,1
93509932,1
94750431,4
94755251,3
93752242,4
94757271,0
94003761,3
94004081,0
93763501,1
94253911,1
91851812,1
94764521,3
94764251,3
94738981,1
95480751,0
91005072,3
91005062,2
93781431,4
94489951,2
90499083,0
93474593,0
94032491,3
94032631,3
94032661,1
94035211,3
94035321,3
94723821,3
95426201,3
94447061,0
95009691,0
94038151,0
90985461,1
90984581,2
90984551,4
91604521,1
90983681,3
90983211,1
90982881,4
90496081,1
90116801,1
90495541,0
90116572,2
90115631,3
90988241,1
91607291,4
91607171,4
90497341,3
91610321,2
90134832,4
90134792,3
90136371,0
90135861,1
90132891,1
90963991,2
90134442,2
90134492,2
90134502,1
90134523,1
90133792,1
90133762,4
90133782,3
90133682,2
90133692,2
90133732,2
90133743,2
90133713,4
90133703,4
90133562,2
90133602,1
90133592,0
90133582,2
90133573,3
91593481,2
91593921,3
91014261,2
88030501,1
86410073,2
88089621,0
87025532,1
89188411,3
87028802,1
89678221,2
91883981,4
80369522,1
88012071,2
85759513,1
89181103,1
89676821,0
88697161,2
81837074,1
89174952,4
88185832,0
87426322,4
89655142,1
89111022,2
89542701,1
89535931,3
89533791,0
89533062,0
89540943,3
76037809,2
87576412,0
87086483,4
87240222,1
87240232,3
87799311,2
88382972,3
88376591,2
85030032,4
88376841,2
87785841,4
87577632,3
89498001,0
91724141,0
88394552,0
87796401,1
89495831,2
89496031,4
87795331,2
89303991,0
88807031,4
88805891,2
89793041,3
89277441,1
88862211,3
89839061,1
83601233,3
89290311,3
89847771,4
89291721,2
89902751,4
89890151,0
87898402,1
89328981,2
89329121,4
87897301,4
89886841,1
89886851,1
87895771,3
89353061,1
89331231,1
89886041,1
89333671,0
87892252,0
89316471,0
88337981,1
88366251,2
88366201,1
89477061,2
89476501,3
89481791,4
89482071,1
87770291,2
83112213,4
87760852,3
89471831,1
89471811,2
88469281,4
88472001,3
88957701,3
89908921,2
89339701,1
91867381,0
88773621,1
87891631,0
87392693,0
88769631,2
87394402,0
88338951,0
88328361,1
89438751,2
89923621,4
89924021,2
88445121,3
88446821,1
88446001,1
88462131,1
87743321,1
88452841,1
87732921,2
87828901,1
87831691,0
89262761,4
88292291,4
88278362,0
88278341,0
89272872,0
89274781,0
88854554,1
90256331,2
90256301,2
80825622,2
91226421,1
90809241,2
91230091,0
90258521,1
91256941,2
91251891,1
91252371,0
91813901,3
90264322,4
91251531,4
90267441,2
90267451,4
91253211,4
91248961,2
91243821,2
90274211,0
91459401,3
91483151,4
91483211,2
91486881,1
89234092,3
91972521,4
91487781,2
91426061,4
90324771,1
90323851,2
82416593,4
89719833,4
91484751,4
91484961,4
91485101,3
91484641,2
91485631,1
90316361,0
90310861,4
90310871,2
90340891,0
90341291,3
90335741,2
91996651,2
90335641,1
90331811,3
90331641,3
90333081,3
91453881,1
90887721,3
91397791,0
91397411,2
91396741,0
91397071,3
91396191,3
91396271,0
91396491,1
91395761,1
91395691,1
91395631,1
91396091,2
91395991,2
91395901,1
89680902,2
91393821,4
91393961,1
91393691,4
91392481,2
91392081,1
91391851,0
91391401,3
91458461,4
91954631,3
91456661,1
91457521,1
91463161,3
91463141,2
91461971,4
91462091,1
91462201,2
91462331,3
81415682,4
91461231,1
91461411,4
91467641,2
90349201,1
91466951,4
91466671,4
90347851,3
91465871,4
91465461,4
91464721,3
91962132,2
91463701,4
91470941,1
91471091,0
91470431,1
91470631,1
91468851,2
90342091,2
91475381,2
91473891,2
90863901,3
91390741,2
91390821,1
91390641,1
91390481,0
91390401,3
91390291,0
91390091,2
91390021,2
91405351,4
91406161,0
91404341,0
91404441,0
91403431,0
91403571,1
91403641,4
90407621,3
91403111,2
91401481,3
90414531,3
91401621,3
90414591,1
91401401,3
91894961,2
91400541,2
91400471,4
88209775,2
91400661,3
91400591,4
91400251,3
91400441,1
91400391,2
91400321,4
91399231,3
91400141,0
91399941,0
91400051,1
91399821,1
91398651,3
91896291,3
91398481,2
91398371,3
91398181,3
91399091,1
91398971,0
91398871,3
91398891,1
91398761,3
90433201,1
90931121,3
91406701,2
91407661,0
89655582,1
90963571,2
91938481,3
91386251,4
91383061,4
91386701,3
90954601,1
95289371,0
91387701,2
91387671,4
91387661,1
91387741,2
91387721,0
91387821,1
91387801,0
91942441,4
91387641,3
91387591,2
91388371,4
95292271,3
91388341,1
91388231,1
91388171,4
91388051,1
91388081,2
91387991,4
91387941,0
91388671,4
91388601,4
91388541,3
91388451,1
91388431,2
90393971,3
91389951,4
91389741,3
95292861,4
91389821,0
95292511,1
81541482,0
92496371,1
89381589,3
89658242,1
91913701,1
90382861,4
91915961,0
91921921,3
91921731,0
90942781,3
90942431,4
90935321,3
90934481,2
90934631,2
90932311,2
90941611,2
90941531,4
91357191,4
91357271,3
77537832,1
90937911,2
91286201,0
91286171,0
80217942,4
91280661,4
91279691,0
90244811,2
90245431,2
90245141,4
90245211,2
90245201,2
90245341,0
91241161,4
91234951,3
91798911,1
91231491,0
88967211,3
88416351,0
72772802,1
87715121,1
89413291,0
84000642,0
89871541,1
87949201,0
90215991,0
89867482,2
90211931,2
91820531,0
90226671,1
95286091,0
90223231,1
95286921,3
90223721,3
90221081,1
91329191,1
91329081,1
91329131,3
91329591,2
90718951,0
91344071,0
91343511,4
90240301,2
90240291,2
90240311,0
90240271,3
90240261,2
90240281,1
90240361,4
90240331,3
90240321,2
90240351,1
90240341,1
8310395-4,3
8445407-0,4
8445307-6,3
8445308-8,3
8445574-9,3
8309407-3,0
8309691-6,2
8309653-9,3
8447067-1,3
8319412-9,0
8319088-0,4
8446273-X,1
8308992-5,4
8320393-2,0
8447992-1,1
8320461-5,4
8320853-4,2
8320867-4,3
8450036-9,2
8450032-1,1
8450033-3,1
8322379-0,3
8322266-8,0
8322765-9,3
8429367-4,3
8304419-8,0
8432471-8,4
8306527-4,0
8435360-8,0
8299544-4,1
8435688-1,1
8435689-3,3
8299797-2,4
8435574-7,4
8435575-9,2
8435960-5,0
8301545-4,3
8438303-6,2
8439516-X,4
8439460-8,2
8302379-7,3
8302350-5,0
8302349-9,2
8302457-2,2
8439045-3,4
8313895-6,2
8313091-2,2
8440486-9,2
8442920-7,4
8308242-X,3
8443039-1,0
8308596-4,1
8443159-1,0
8307509-9,2
8307590-7,0
8307595-6,0
8442874-3,2
8322789-1,0
8448648-1,3
8321788-3,0
8448006-X,4
8250145-3,3
8249733-X,1
8398825-3,2
8397964-0,0
8398256-6,3
8268006-2,1
8403413-6,0
8268329-7,2
8268914-2,1
8406960-6,1
8404104-8,2
8401735-6,0
8401359-0,1
8401139-6,2
8500339-4,4
8501586-8,0
8502329-4,3
8502331-2,1
8502330-0,1
8493108-5,2
8493119-X,2
8493371-0,0
8495100-3,1
8494526-1,2
8487543-9,0
8486198-7,4
8485977-X,0
8486835-7,1
8485347-4,0
8484880-9,4
8485854-4,4
8484217-5,3
8484216-3,2
8491720-0,0
8491541-9,3
8491543-2,2
8487024-2,0
8422476-5,2
8295982-4,2
8295844-2,2
8291308-0,2
8291294-3,1
8426017-8,3
8427141-6,4
8427090-3,2
8291392-4,0
8428784-6,0
8294237-1,4
8428867-0,3
8158151-4,4
8157997-6,2
8158368-9,3
8158623-2,3
8159198-4,3
8155752-4,1
8155932-8,4
8156141-9,2
8156616-2,1
8156709-X,2
8150382-2,0
8287393-2,4
8287369-5,2
8415077-6,2
8414227-5,2
8288148-5,0
8414688-1,3
8287211-2,4
8421140-6,4
7920242-8,3
7920205-2,2
7921142-X,4
7917517-5,3
7913689-7,2
7915188-5,0
7914683-2,0
7912636-1,4
8243836-1,2
8244438-3,1
8241373-1,3
8241592-4,0
8245085-X,2
8245854-6,3
8245843-1,4
8230577-X,2
8229171-6,4
8229435-6,4
8232423-7,3
8232047-1,3
8231772-6,4
8255268-0,2
8214925-2,4
8214968-9,1
8214829-5,3
8211725-4,2
8211724-2,3
8211740-0,3
8208454-X,1
8234076-0,1
8234077-2,2
8234449-6,3
8234448-4,0
8236041-6,1
8234748-8,2
8234080-2,2
8184054-5,0
8184076-4,0
8184068-5,2
8185440-X,4
8186151-7,4
8186516-3,0
8187054-4,1
8175782-6,2
8187770-4,2
8179722-5,2
8181501-X,3
8180827-3,4
8180893-5,3
8180895-9,3
8181831-1,0
8183634-0,1
8175038-1,1
8175032-0,4
8175255-0,4
8173656-8,1
8173669-6,4
8167453-7,4
8163462-2,3
8163524-X,2
8167246-0,4
8165665-X,4
8170905-7,0
8170226-2,1
8159557-X,4
8162839-9,3
8163097-1,1
8161803-3,3
8161256-5,4
8189412-0,3
8189147-4,0
8189522-8,3
8190090-5,1
8190135-2,2
8190057-7,1
8189967-6,3
8190501-5,1
8154270-7,2
8154166-0,2
8145270-1,4
8146405-7,2
8144672-7,0
8173484-3,2
8173479-X,1
8173410-7,1
8173065-1,3
8092851-X,1
8060984-X,1
8069593-X,0
8069592-8,3
8069325-5,0
8063645-6,3
8064490-8,2
8064195-3,1
8064638-5,3
8065135-3,3
8065721-0,1
8065647-2,1
8065988-9,2
8066224-X,3
8066091-4,2
8066092-6,2
8066096-3,1
8066102-6,3
8066056-2,1
8066068-9,3
8067111-3,1
8067394-X,1
8067527-5,3
8132218-9,0
8132216-5,3
8132217-7,1
8132214-1,2
8132215-3,1
8132212-8,3
8132213-X,3
8132210-4,1
8132211-6,0
8132208-6,2
8132209-8,2
8132207-4,0
8132206-2,0
8132205-0,4
8132204-9,3
8132203-7,2
8132202-5,4
8132201-3,2
8132200-1,1
8132198-6,3
8132197-4,4
8132196-2,3
8132192-5,1
8132189-5,2
8136471-7,0
8134413-1,4
8133970-9,0
8132946-5,2
8132945-3,1
8132979-9,2
8132963-5,4
8128340-3,1
8127175-5,0
8177009-8,4
8178179-8,1
8178263-9,0
8179216-7,2
8179469-5,1
8078693-X,2
8078855-1,1
8077666-0,1
8077602-7,3
8077712-4,0
8078245-1,4
8080386-X,2
8080475-X,0
8590401-2,0
8590360-2,2
8589430-4,1
8588422-9,0
8588195-X,0
8617322-0,2
8614213-6,0
8585320-1,0
8585290-6,4
8585616-3,1
8585682-5,2
8610802-3,1
8611393-3,0
8611538-5,4
8611673-1,2
8614202-1,0
8519069-8,4
8519557-4,1
8517772-7,2
8502726-7,1
8502722-X,4
8498820-X,4
8508929-X,2
8508684-3,3
8508103-7,3
8511320-3,2
8511283-0,2
8509530-4,1
8505267-6,0
8505266-4,4
8505596-6,1
8516896-8,0
8597431-5,0
8597430-3,3
8595532-9,0
8595671-2,0
8596267-9,0
8594832-6,3
8594831-4,4
8593443-6,1
8594061-6,3
8515542-7,3
8515547-6,2
8515088-6,0
8513741-1,4
8514484-0,1
8597538-2,4
8598142-2,0
8593001-3,1
8592044-3,3
8592042-X,0
8591644-4,2
8618213-1,0
8529800-3,4
8529751-4,1
8529752-6,4
8535741-8,2
8535504-3,2
8530668-X,1
8530065-7,3
8530387-X,2
8534287-0,3
8533734-8,3
8533165-0,1
8523636-5,3
8523552-9,2
8522227-X,4
8605108-2,2
8605068-4,4
8623386-0,3
8625507-2,0
8624151-0,1
8624138-8,4
8624541-6,3
8620925-0,2
8619663-X,1
8619628-8,1
8619252-7,2
8618769-9,1
8618770-5,0
8520890-0,2
8520985-1,1
8520986-3,1
8551158-4,0
8524090-X,3
8524100-X,1
8524292-2,4
8547954-X,1
8525877-X,2
8525007-4,2
8524985-7,4
8613288-8,4
8614949-7,1
8615599-9,4
8615625-7,3
8615624-5,1
8608758-2,1
8607822-1,3
8607821-X,3
8609325-7,3
8609274-4,0
8609117-9,1
8606654-8,4
8606429-X,3
8607662-3,1
8603672-0,3
8605461-X,2
8604916-1,3
8517259-1,3
8517610-2,0
8515591-9,0
8507171-6,0
8507165-0,0
8505639-X,3
8505633-9,0
8505635-2,2
8505640-6,3
8513076-7,0
8513077-9,0
8511717-1,4
8601038-0,0
8601052-5,2
8601076-8,3
8600619-8,4
8600620-4,3
8600488-6,4
8599021-7,0
8599023-0,1
8596838-X,3
8488475-2,0
8489181-0,1
8483416-6,3
8490698-3,4
8490119-0,2
8490147-5,1
8499675-X,1
8499593-7,2
8499584-6,1
8491132-X,2
8500186-3,4
8492785-2,0
8500225-X,0
8500254-6,1
8496685-3,2
8318920-4,3
8251810-4,4
8255669-0,1
8249969-8,2
8249985-6,1
8572933-6,3
7957363-X,0
7958484-8,4
7958160-1,1
7957912-1,0
7960247-4,1
7959648-X,4
7959935-5,4
7959813-1,0
7961519-X,0
7961061-6,0
7960920-8,1
7960937-3,1
7961709-6,0
7961870-3,1
7946724-0,4
7948718-8,4
7949333-2,1
7950547-6,4
7950653-6,2
7951677-5,4
7953493-7,3
7953849-2,4
7953932-1,1
7954332-0,3
7939575-4,3
7938911-2,2
7941901-7,3
7941410-5,0
7941533-0,4
7940952-6,2
7943767-8,2
7943766-6,1
8008751-7,3
8009382-5,0
8009247-9,4
8009855-5,4
8009850-6,1
8004595-0,2
8010259-X,4
8010356-9,3
8010357-0,0
8010968-2,1
8004075-2,0
8006077-9,4
8006101-3,2
8005670-7,3
8006922-7,0
8007166-5,0
8007631-0,2
8007209-9,2
8007199-9,2
7954981-X,0
7932714-0,1
7932722-X,3
7945532-4,4
7944844-8,4
7945060-6,3
7944639-5,2
7943584-9,4
7942663-X,3
7935235-4,3
7935674-1,4
7934555-7,1
7820044-7,4
7819127-7,1
7819193-9,2
7817550-8,2
7817551-X,4
7817553-3,3
7817552-1,2
7817570-3,0
7817621-6,4
7817655-1,2
7817658-7,3
7817659-9,0
7817657-5,1
7817660-5,1
7817305-4,0
7817317-0,0
7823857-0,4
7823450-X,0
7823487-0,2
7816625-7,4
7815174-X,0
7815175-1,0
7815172-6,0
7815173-8,1
7815219-7,1
7815220-3,1
7815255-0,3
7791490-5,4
7794341-8,4
7827412-8,2
8012320-2,2
8013867-5,4
8013880-8,4
8021800-5,2
8020990-8,1
8022237-5,4
8022253-3,0
8002516-8,4
8002518-1,2
8002494-1,2
8001730-5,2
8001960-2,3
8003256-1,2
8002629-0,3
7996312-5,0
7995965-5,1
7995775-9,4
7996810-4,2
7831128-1,1
7830536-2,4
7829727-6,1
7827386-X,3
7792656-0,0
7793440-4,2
7796554-8,0
7795044-6,4
8017557-4,0
8015973-8,2
8015894-0,2
7794887-2,4
7795657-1,2
7795487-0,4
7798269-9,4
7798223-7,0
7797823-8,4
7797895-0,2
7797981-5,0
7798575-8,3
7796826-7,3
7999704-3,1
8001532-X,0
8000554-2,1
8012478-5,3
8011898-2,0
8011781-2,1
8015715-6,4
8014725-2,0
8013252-6,4
8013279-4,4
8013017-5,3
8012996-X,4
7715535-3,1
7715167-7,0
7709406-6,1
7709348-6,1
7709573-4,3
7711733-3,1
7706473-0,1
7706467-5,3
7706383-9,4
7704716-0,0
7704760-3,0
7704771-8,0
7705325-X,1
7708468-X,4
7937467-8,2
7936564-0,2
7989485-1,1
7991554-7,3
7987210-1,3
8021769-3,4
8021774-7,0
8021775-9,4
8021772-3,4
8021776-0,0
8021891-1,2
8021631-6,4
8021630-4,3
8021592-X,1
8021588-8,0
8021591-8,2
8021590-6,1
8021748-6,0
8021746-2,4
8021745-0,1
8021648-1,1
8021649-3,3
8021650-X,4
8021632-8,1
8021635-3,4
8021634-1,1
8021637-7,1
8021636-5,3
8021639-0,1
8021638-9,0
8021641-9,1
8021640-7,0
8021643-2,1
8021642-0,0
8021645-6,1
8021644-4,2
8021647-X,1
8021646-8,3
8020006-3,0
8016968-0,4
8017186-2,2
8017314-9,3
8017405-2,0
8019750-3,4
8019219-6,3
8018624-1,2
8024591-7,4
8024796-5,3
8027525-4,4
8027522-9,1
8027521-7,1
8027398-X,4
8027666-1,2
8027685-5,2
8026515-5,4
8020727-2,4
8020718-1,3
8024030-6,0
8024006-9,4
8023955-5,3
8022632-4,1
8052511-8,1
8052478-2,1
8052282-5,2
8052319-3,2
8051897-8,0
8051856-5,1
8051830-9,4
8051559-7,4
8062743-0,2
8062465-6,3
8062488-7,3
8062485-1,3
8063056-3,3
8062995-7,1
8063820-0,1
8073470-8,4
8073490-3,1
8073480-0,2
8075434-7,0
8075394-9,4
8076313-1,4
8076312-X,4
8076315-5,4
8076314-3,3
8076317-9,3
8076316-7,2
8076319-2,3
8076318-0,4
8076296-4,0
8076297-6,1
8076298-8,4
8076299-X,0
8076300-3,3
8076661-5,1
8076660-3,2
8076777-3,4
8333463-X,0
8469641-9,4
8337986-9,3
8337825-6,0
8338625-3,1
8338627-7,2
8338626-5,4
8338628-9,2
8336173-8,0
8363581-1,2
8363742-1,4
8364469-2,1
8364450-3,1
8367750-6,2
8371754-7,2
8374176-8,4
8042443-3,3
8042000-9,3
8461260-3,1
8457975-3,0
8457974-1,0
8457878-4,0
8457493-2,1
8455334-0,1
8455335-2,1
8455294-2,4
8469358-0,4
8354044-8,4
8353269-5,1
8352338-3,3
8479576-3,2
8479572-6,4
8360374-6,3
8360144-9,1
8361245-1,1
8361013-0,2
8361614-X,2
8361491-7,2
8058213-6,2
8056536-8,4
8055459-8,4
8055614-7,1
8055621-4,2
8053808-8,4
8035856-7,4
8035957-3,1
8036050-6,4
8035821-X,0
8035550-2,1
8032418-2,1
8033644-9,0
8052937-2,3
8053321-8,0
8053317-6,3
8053610-7,1
8053722-8,3
8036173-1,4
8033307-X,3
8030816-4,1
8030973-X,2
8030976-5,1
8031910-4,4
8031237-0,0
8464329-2,1
8478362-8,0
8342692-0,4
8343506-5,1
8343429-1,0
8343431-X,2
8341890-X,4
8341976-X,0
8477531-0,2
8477332-3,1
8477333-5,4
8341704-8,1
8476337-6,4
8475943-2,3
8118290-0,1
8118305-X,1
8118735-6,4
8126288-1,2
8125148-X,4
8124616-4,0
8123941-0,2
8111481-4,1
8111974-X,2
8110309-6,4
8114177-8,2
8110831-2,1
8110854-3,2
8117645-8,2
8117724-5,3
8117279-5,3
7437998-3,0
7435199-6,3
7434370-7,0
7434431-2,3
7435885-8,4
7436220-1,4
7437203-8,4
7437202-6,4
7433577-2,3
7474637-X,1
7475252-4,3
7475449-3,2
7475580-2,3
7471160-3,3
7472976-X,4
7472733-4,0
7472826-1,0
7472496-2,3
7472325-7,3
7473981-X,4
7473743-3,4
7475595-4,0
7481451-8,4
7478792-7,1
7478663-6,1
7479640-1,1
7486005-5,4
7486476-4,1
7486724-0,4
7487078-6,2
7469947-6,0
7470211-X,0
7470218-2,0
7468328-9,2
7463600-0,3
7463312-3,4
7462337-1,4
7462811-8,4
7462423-6,0
7459748-7,0
7459444-6,3
7464936-X,3
7463969-7,1
7457017-2,2
7457020-2,2
7457010-X,3
7457015-9,4
7457004-4,2
7457096-2,3
7457062-7,3
7457027-5,3
7457049-4,2
7449787-4,1
7444797-5,3
7445081-6,1
7445083-X,1
7443510-5,0
7444286-8,2
7442868-0,0
7442493-1,0
7441621-1,4
7442031-3,2
7440692-6,0
7440300-4,4
7526143-1,3
7525296-9,1
7528888-6,0
7536599-6,4
7536238-4,2
7531713-0,0
7532262-6,0
7532263-8,2
7530294-5,2
7579789-9,3
7581305-2,2
7581084-9,0
7577528-9,1
7577263-7,2
7577128-0,3
7573616-1,2
7573634-3,0
7574285-7,3
7575333-0,4
7558243-4,4
7558541-4,3
7558542-6,3
7369295-9,1
7369638-6,2
7361384-8,2
7362190-0,2
7362383-2,3
7361757-3,2
7361602-6,1
7364384-7,2
7363664-9,3
7363679-0,4
7535491-0,3
7506599-0,0
7510470-8,2
7504424-5,1
7515958-1,4
7323767-1,0
7327055-9,4
7326769-4,1
7327739-2,1
7327710-0,4
7339366-1,1
7338532-9,2
7338207-6,4
7338489-0,2
7338488-9,0
7338448-8,4
7338447-6,2
7328393-6,1
7328420-6,1
7328568-6,3
7330986-7,3
7330931-4,3
7325949-1,4
7326552-X,1
7326458-6,4
7328991-X,1
7329500-1,4
7331503-8,3
7331420-3,2
8247081-5,3
8246875-X,2
8247602-2,3
8248736-9,2
8142256-8,2
8140962-2,0
8141275-5,3
8139973-2,3
8139403-0,3
8139405-4,2
8138133-9,3
8137960-1,1
8217771-9,2
8217732-X,0
8217736-7,1
8223743-0,1
8221289-7,2
8221469-0,4
8209807-6,0
7995277-X,0
7981709-X,0
7981691-5,4
7985414-5,4
7979260-6,3
7979350-8,1
7979754-3,4
7979673-2,3
7980514-8,2
7983457-9,2
7984499-X,3
7984575-1,2
7984167-4,4
8207881-4,0
8206850-8,3
8207080-6,1
8207041-7,0
8193753-0,0
8193774-8,0
8199331-1,0
8199639-X,4
8198193-6,4
8197626-9,2
8197816-5,3
8238115-2,4
8238133-4,3
8238157-7,4
8238163-2,0
8237598-1,1
8240200-6,3
8239589-3,4
8239588-1,4
8226299-1,1
8224973-4,0
8224774-7,3
8225572-0,0
8227193-2,0
7910334-1,1
7908330-3,1
7906791-7,4
7906790-5,3
7906835-2,2
7907156-4,2
7908363-7,0
7908938-5,1
7909103-8,2
7905945-3,1
7903791-8,1
7903637-8,1
7903646-9,3
7903629-9,4
7903456-2,4
7902958-2,0
8205258-9,1
8204368-X,2
8204593-8,3
8194358-8,3
8204989-4,3
8202498-X,0
8202473-5,1
8201768-9,2
8201640-4,4
8201114-0,3
7984313-2,1
7984333-8,2
7985071-8,3
7971089-8,3
7978931-5,4
7984826-3,1
7974485-8,2
7974449-4,4
7974450-0,2
7974451-2,2
7974447-0,4
7974816-9,4
7972902-0,2
7972649-0,4
7971864-X,0
7965928-4,2
7966087-4,1
7964973-2,3
7888012-7,0
7888092-9,0
7888223-0,1
7880769-4,2
7873206-7,4
7878371-3,4
7878381-6,2
7876987-1,1
7901869-6,0
7901324-3,0
7900761-0,2
7900845-7,3
7900890-1,4
7900948-7,3
7900560-X,2
7900561-1,4
7900555-6,3
7900559-3,1
7900558-1,2
7900633-1,3
7900616-1,2
8203842-X,1
4533331-5,2
4542401-7,0
4538429-3,3
4539953-X,3
4537893-3,3
4537894-5,3
4537896-9,4
4537898-2,0
4537899-4,0
4533061-X,4
4531782-6,4
4531780-2,1
4588318-3,2
4588320-1,0
4588593-5,4
4588760-0,4
4588761-2,3
4588724-7,0
4593830-7,0
4593835-6,3
4595128-X,0
4595589-6,1
4595391-5,2
4575134-1,1
4575119-5,0
4592627-1,4
4592626-X,3
4592625-8,4
4592628-3,3
4576252-4,2
4575719-2,2
4575718-0,4
4578224-2,3
4585645-0,3
4585628-0,0
4425462-5,0
4425082-2,2
4425085-8,4
4453944-9,0
4452208-7,4
4452034-9,1
4450710-5,2
4447764-9,1
4447763-7,0
4447876-X,4
4446747-2,0
4444117-4,4
4443511-5,3
4443230-5,3
4377382-2,3
4375864-0,2
4375859-7,2
4375857-3,3
4375671-9,2
4374894-2,0
4382307-X,2
4334156-6,3
4334185-2,2
4381680-6,4
4379692-1,1
4394912-5,1
4420988-2,3
4420614-2,4
4421175-4,3
4417869-7,0
4422903-4,0
4413873-3,4
4300757-4,0
4300636-2,4
4329857-X,2
4329858-1,4
4329859-3,4
4330341-8,2
4331257-3,0
4332063-6,2
4294120-2,3
4293433-8,0
4293336-9,4
4292988-7,3
4297409-6,1
4296700-7,0
4296088-1,4
4327530-5,0
4327873-5,0
4327901-7,2
4327847-4,2
4327863-2,3
4327858-9,1
4327856-5,2
4327869-3,1
4327866-8,1
4327867-X,3
4327809-7,4
4327808-5,1
4327790-0,2
4327803-6,1
4327800-0,0
4327805-X,2
4327793-6,2
4327799-7,1
4327798-5,3
4327796-1,2
4328020-6,4
4299446-4,2
4299204-0,4
4299161-7,0
4273558-3,0
4272424-7,3
4272403-X,3
4272304-7,1
4272292-3,3
4274310-5,1
4269300-2,2
4260683-6,4
4260677-0,4
4260693-9,4
4263470-8,2
4262640-2,3
4268450-4,1
4268923-4,1
4270248-8,3
4270405-0,0
4221229-1,4
4222771-X,4
4222869-6,4
4222208-0,4
4223889-8,4
4223999-5,2
4223666-8,0
4223357-3,4
4342556-3,0
5309157-1,1
5308488-9,3
5313904-2,0
5313903-0,2
5313902-9,3
5313263-5,2
5317685-8,2
5318608-8,2
5316824-2,0
5317229-0,1
5319678-3,2
5197703-0,0
5197702-9,3
5197704-2,1
5197178-1,1
5255080-0,3
5254353-5,3
5254282-7,0
5254145-7,0
5252033-3,4
5251778-9,4
5238185-X,4
5238186-1,4
5254004-X,3
5254003-8,0
5470761-1,2
5469225-0,3
5464420-9,0
5464872-4,2
5467660-8,3
5234400-7,4
5234288-4,0
5234185-4,2
5234462-7,3
5248902-0,3
5231238-1,0
5230801-1,3
5247660-3,0
5245064-0,0
5245696-X,0
5218614-8,1
5219275-4,2
5252229-0,1
5279953-8,4
5280522-4,3
5280523-6,1
5198028-X,2
5200232-9,3
5199717-3,4
5199716-1,4
5281040-X,2
5281042-3,4
5281372-5,4
5281371-3,1
5177719-0,2
5179283-9,2
5191927-4,2
5191854-2,2
5192638-1,0
5189891-7,4
5189931-5,3
5189935-2,4
5189840-1,2
5189873-5,4
5191561-6,4
5179517-0,4
5181126-4,0
5195018-8,3
5189032-6,1
5198444-6,2
5188338-4,3
5188566-8,2
5188802-8,4
5376637-2,4
5381368-9,4
5381361-6,3
5441451-6,2
5441452-8,0
5441455-3,1
5441454-1,4
5475503-1,4
5481747-5,3
5444181-X,4
5461564-2,4
5461563-0,2
5461150-4,3
5456136-X,4
5458651-1,3
5449758-3,0
5449820-5,4
5450990-3,0
5182644-5,0
5203405-4,1
5335877-9,2
5287682-X,3
5203866-0,2
5202032-2,1
5202031-0,4
5903201-6,2
5903505-7,2
5822136-0,4
5822135-9,0
5822134-7,0
5818820-5,4
5819130-2,3
5819067-9,1
5818938-7,4
5818899-0,3
5819508-7,2
5819756-6,4
5968431-6,1
5968688-1,1
5972644-7,0
5972666-6,3
5964859-9,1
5967636-8,4
5972593-4,1
5972594-6,3
5972607-1,3
5974240-4,4
5974826-7,2
5963958-5,3
5975049-8,0
5975587-8,3
5976654-5,1
5900228-5,3
5900227-3,2
5901533-9,3
5901534-0,4
5907733-6,2
5907675-6,1
5820160-5,0
5817562-X,0
5818325-1,2
5798539-X,3
5886994-6,1
5796701-3,4
5796067-9,1
5814770-9,0
5545363-9,1
5546706-2,3
5532499-1,3
5533344-0,4
5533345-2,2
5537653-0,0
5582819-7,1
5562856-9,2
5563543-3,1
5572218-6,0
5571003-9,1
5571000-3,3
5570674-0,2
5576477-5,2
5575920-5,0
5982899-0,1
5979234-0,1
5982116-1,1
5425385-9,2
5423793-3,3
5423792-1,3
5426066-8,1
5425147-2,2
5569532-7,0
5569524-8,2
5569958-1,3
5557431-6,0
5558098-3,1
5553985-4,0
5541479-1,4
5542040-5,1
89533802,0
89264643,4
93554972,0
92938422,1
93557921,0
93558041,2
93224911,1
92446241,3
93211241,2
92052031,4
91805602,2
74424024,3
92051821,2
89547905,1
92717951,1
92602581,4
91211301,2
91211731,4
91211831,3
90657352,4
90657332,0
91207571,3
91207021,3
90648041,2
76779952,3
91625821,1
91205961,4
91624562,3
91203371,4
91205541,0
91204821,1
91204331,1
90642731,1
89969325,4
91194061,2
89970911,0
89971481,4
89979181,4
91203991,3
91198562,0
91634941,4
89872202,4
91336671,3
90215211,4
90215241,4
90215261,4
90215281,0
91761692,1
93240081,3
85646922,4
92425511,2
90290025,3
92986271,1
92033161,1
79082623,1
72411795,2
90277521,2
91269171,0
88827533,2
91765781,4
90281792,1
91265721,0
91266951,4
91266551,0
91266501,1
90292201,1
91291061,4
91291021,2
91291161,2
91291571,0
91291621,2
91289701,1
91289641,1
90293602,2
91289531,4
91285981,0
93470161,3
93470031,4
92474602,4
92780331,1
92132822,1
91015102,4
93755941,3
90152542,4
92766342,1
92128751,3
93015481,0
93014311,4
92527901,1
91576193,3
93488801,4
93003792,1
92108521,1
71301833,4
93483301,4
93483141,0
93731271,2
93737191,2
93042591,0
93042531,3
93042541,2
93740251,3
92021121,4
92027331,2
92013092,2
92691321,4
93533181,4
89528204,1
95534091,4
93208311,0
92062481,4
92704691,1
92951901,3
93585171,2
92702381,4
93552651,4
92606241,2
92229291,4
92362661,2
93349661,4
92605661,0
92604941,0
91738033,0
93351511,1
92614391,4
92615731,0
93043761,1
93732951,4
92083332,4
92752161,4
93747491,4
93310661,1
92755591,1
93754641,4
85673053,1
93022351,0
89644925,2
92765001,3
95228282,1
93492883,4
93982522,4
93779371,4
94748191,0
95232861,1
94500351,2
93994201,3
94987551,2
94501981,3
94346881,1
103308041,3
104411311,1
102799951,2
104411931,2
103288071,0
101959242,0
103313623,1
102818372,1
102818151,1
102819442,0
103316572,3
102839161,3
103936951,2
103934461,0
103934382,0
106459921,3
106462951,3
104218932,3
106456871,4
104962221,2
98873403,4
106442631,2
105508011,3
105507721,3
106484061,4
106430621,0
105947012,1
105483141,1
104930512,1
105920531,4
102523192,1
105534131,2
106157611,0
61288992,3
106637091,2
106637221,4
105024861,3
106999391,1
105520251,2
106163791,0
106161501,3
100557293,2
100558353,0
105519621,1
106145901,3
99071274,3
106140571,1
99058483,1
107010961,0
105035062,3
99003973,0
83226482,2
106100291,3
105602752,0
106582211,3
106582191,3
104095753,2
105590261,2
106070751,1
105087521,4
106073112,3
106073401,2
106073001,2
105619822,4
105626091,4
106605912,3
105618081,4
107048101,2
105057671,3
75290642,4
105642861,4
106614551,0
106274271,1
105657462,0
106273921,4
106765001,4
105689971,3
106780711,4
105184321,2
105670201,0
106786041,0
105014951,1
105015081,0
105574621,1
105572631,4
105573232,3
105573252,0
106682922,4
106666421,3
105554431,4
106579271,1
106091721,4
106082171,0
106081172,2
105081661,4
106066301,3
105071792,1
105632281,2
106620041,3
105628431,0
106065341,4
104128063,3
105622071,3
85622623,0
105954481,4
104951531,0
105930081,3
106494211,2
105490941,4
105490901,1
105906221,2
105489521,0
99934652,4
98447871,1
100422101,1
98447511,4
98451271,1
98451242,0
98450731,1
98450221,4
98450391,2
98449981,2
98450091,3
98450171,2
98449701,3
98449761,3
98449801,2
98449871,0
98449611,4
98941751,3
98463921,3
98465601,3
97972151,2
98465391,3
98465121,3
98465101,1
98465251,3
98464981,4
98452311,0
97967971,1
97967981,3
98927201,2
100412171,0
100412531,2
97965731,1
90133754,2
100417481,0
100417461,4
98459301,1
99430592,2
98461562,4
98935331,0
100135031,4
88462132,4
97909173,4
89934922,3
97901982,4
80626572,3
98386781,4
98386941,4
98994581,0
96201812,0
97291584,2
96651511,2
97748141,0
81348726,0
96641611,3
91770784,3
96640821,4
96309641,4
97758191,1
91781763,0
97320391,4
95708131,1
96271711,4
95709131,0
96268791,3
96269301,3
95711071,0
96723701,1
97221811,0
95712351,4
97712431,1
97712421,2
87376812,4
95284153,1
97209051,0
87383632,3
96721112,0
97709601,1
97709621,0
97205402,2
100486071,4
98521911,0
98484961,3
97934862,2
98033921,3
100473551,3
99976601,0
100467011,1
98040641,2
98864041,2
98517061,1
98517241,2
98518581,1
98518671,0
99991511,4
98518981,4
98518201,0
98518301,0
98518331,4
98518361,2
98033111,2
98519231,2
98519341,3
98875791,3
98836901,4
98838311,4
98838291,0
98838521,2
99948872,2
99948891,2
100499711,1
98558531,1
99949121,0
98839061,4
100500701,2
98009004,0
98559671,0
99084901,3
98314801,3
99082981,2
98314451,4
96829843,1
99083421,0
99089921,1
97824242,4
99089811,0
99086961,3
99086571,1
99086431,3
100058831,4
97333852,1
97337152,3
96844762,2
99081201,4
100068611,2
99081471,3
98549431,4
98549621,2
98549701,1
97984831,1
98548081,1
97984961,3
98548521,0
98548611,0
98857771,2
97421222,3
98854681,1
98542701,0
98856851,4
98541981,0
98541971,4
98541961,4
98542011,4
98542001,4
98541991,3
98542041,1
98542031,0
98542021,1
98542051,1
98541841,4
98541851,2
98541831,0
98541881,0
98541861,3
98541871,0
98541911,4
98541891,0
98541901,4
98541941,0
98541951,1
98541921,1
98541931,0
98541821,0
98542081,4
98542091,4
97991251,2
98832463,1
98556962,0
98554581,3
99386341,0
98554081,1
99386931,2
98552754,0
98829941,4
99957701,3
97999471,4
98830541,2
98830511,3
98830341,3
98549921,4
100506291,3
98565341,4
100506841,0
90105522,2
98842231,2
98003221,0
93507323,4
98476411,2
98476161,2
98476271,4
98476081,4
98476091,0
98476071,0
98476121,2
98476101,3
98476111,1
98476151,0
98476131,3
98476141,4
98483311,0
98481321,4
98481191,2
100413391,4
98456231,0
98457001,1
78796892,4
100415031,2
98457321,3
97960221,1
98458541,1
99918571,1
100437381,1
98904981,1
98906661,2
98499361,2
98480691,4
100444721,4
96954195,2
99054011,0
98350502,2
91712203,1
98343591,3
98340891,0
97374112,1
98366481,0
98365491,2
99025621,2
99025661,4
98355822,1
96285252,2
92731382,3
96613021,4
96612661,2
96612641,1
97726721,2
97082282,2
97579201,2
97579071,4
97581581,0
97581571,0
97581591,1
97157191,2
97725051,1
97159971,1
97162751,0
108151111,1
107180511,4
108153842,2
108153351,2
108713821,0
107177031,3
100502865,3
108711311,2
108711461,3
108708583,4
108708431,3
107179561,3
89498003,2
107492481,4
107494962,4
107002291,3
109511971,0
107000222,0
106658272,0
106658262,2
107000851,0
107106391,0
107107271,1
108788391,4
107663901,4
107107331,0
107107441,2
107107461,3
108789591,2
107108211,4
106536714,0
107108001,1
109437922,0
109443021,4
107091461,2
108771702,4
107148201,0
108748062,3
107650951,1
106549193,1
107086521,2
107658701,2
107095371,4
106539713,4
107111291,4
107112442,2
109388612,0
107611031,2
107613491,2
109391101,1
109391002,2
107123331,0
107620111,1
107133861,0
107132861,3
107136241,1
107136251,0
104837242,3
107626861,0
107628361,1
107628891,0
104903372,4
107629341,4
107123571,0
107622901,2
107128861,2
107622631,4
104892243,1
107703031,3
107703621,4
107704271,2
108675231,0
107704551,1
108675721,4
107705411,4
104760998,4
107706091,4
107707891,1
107712101,2
107156731,0
107711551,3
109356991,1
107708841,2
107715831,0
107111572,3
107113191,0
107113471,2
107672381,3
109433382,2
109434372,3
107115061,1
107115211,4
107114751,2
107115861,0
107115841,4
107115741,3
107670661,1
105959842,4
108665771,0
108665701,1
108665601,0
107692011,3
107669421,0
6241126-X,0
6233369-6,0
6230223-0,3
6230086-3,2
6230332-6,4
6237725-1,3
6240153-6,1
6183940-5,0
6241236-7,1
6241794-2,1
6238271-1,0
6238788-X,3
6191165-2,1
6190914-7,0
6190106-1,2
6187547-5,1
6187325-7,4
6187323-3,2
6187265-3,2
6187154-4,2
6186623-0,3
6186597-2,0
6186297-9,0
6186197-4,1
6185694-5,2
6185089-4,2
6167126-6,3
6167406-4,2
6164688-X,3
6094487-9,4
6094080-8,1
6030281-2,3
6093997-8,0
6087227-0,4
6087526-2,1
6086791-5,1
6088631-7,3
6089484-3,2
6089475-2,4
6089478-8,0
6088841-9,0
6089207-8,3
6089032-8,0
6083522-X,3
6083580-2,2
6086641-7,2
6086411-X,0
6086210-9,4
6245512-3,0
6247531-X,2
6247533-3,4
6247521-7,1
6247155-4,2
6244539-5,2
6244145-2,2
6244333-5,1
6243562-4,2
6243563-6,4
6252858-1,4
6253518-3,4
6251799-3,4
6250537-8,1
6251494-0,4
6251218-7,2
6256305-5,3
6228680-9,2
6035960-9,1
6034641-5,4
6034567-7,3
6034936-5,1
6034832-3,1
6035223-1,1
6035250-4,0
6038258-8,4
6037954-6,4
6037953-4,1
6037942-X,3
6036483-3,3
6033823-6,2
6033813-3,0
6033812-1,2
6034216-8,0
6032996-9,1
6031669-6,1
6030056-4,4
6029919-5,4
6091071-8,4
6090929-3,2
6093124-7,4
6165582-0,2
6166293-8,2
6172996-1,1
6174122-1,3
6160812-3,3
6160538-6,1
6160462-9,4
6160463-0,1
6161072-X,1
6162227-0,2
6175594-9,2
6175546-9,2
6175547-0,0
6176369-7,3
6076815-3,1
6072079-5,1
6071013-1,2
6073866-X,3
6073581-2,4
6073757-4,3
6072874-2,3
6072977-2,0
6027441-3,0
6028199-4,4
6026477-6,4
6026480-6,0
6026791-4,2
6026796-3,0
6025807-9,2
6025808-0,4
6067090-4,0
6067182-X,1
6067013-8,0
6066924-7,1
6066751-0,0
6066792-3,3
6069532-7,1
6070062-7,1
6069810-1,1
6062523-1,2
6062525-5,2
6062835-1,1
6062680-7,4
6065205-5,4
6065396-6,4
6065280-8,2
6065479-0,0
6065408-X,0
6065625-9,3
6065731-9,2
6065856-8,2
6066127-6,1
6170974-X,0
6172291-0,2
6169405-5,3
6168857-4,0
6170130-5,4
6169965-4,0
6214818-6,1
6215610-9,2
6215281-1,2
6215381-6,2
6214071-3,4
6214073-7,3
6213801-4,0
6217062-1,1
6216322-8,2
6216324-1,1
6080923-0,1
6081186-2,2
6081384-8,2
6084354-9,0
6084197-6,4
6084987-X,0
6084988-1,4
6084972-8,3
6085296-5,0
6085312-0,4
6085941-4,3
6075971-0,0
6075081-2,3
6074768-5,2
6077504-1,0
6077061-X,0
6077062-1,4
6046039-4,1
6046064-3,1
6046085-0,3
6044228-6,1
6043675-6,0
6043828-7,2
6044126-8,1
6044084-6,4
6043422-8,4
6043457-5,2
6046744-X,2
6046947-4,1
6046946-2,0
6047586-1,1
6047615-5,2
6047532-0,0
6045355-X,2
6045547-X,1
6045571-7,2
6045633-4,2
6044714-9,3
6039907-0,1
6039665-X,4
6039678-8,1
6039573-4,2
6039590-4,0
6039595-3,3
6039777-0,4
6039116-5,4
6038915-3,4
6038914-1,4
6038913-X,3
6038912-8,0
6038990-6,4
6038804-4,0
6038909-8,0
6038908-6,2
6038911-6,0
6038910-4,3
6038907-4,1
6042269-6,4
6042200-3,3
6042227-1,3
6282532-7,4
6284306-X,0
6316769-5,0
6286519-X,4
6287312-4,1
6285331-5,0
6285994-4,0
6285238-3,0
6285279-6,4
6317509-6,4
6317508-4,3
6317503-5,0
6317583-7,3
6286262-7,1
6337931-1,3
6338220-1,4
6336598-6,0
6337077-2,4
6337337-5,4
6337353-3,4
6310485-1,2
6278941-2,1
6314219-6,0
6282195-0,3
6315329-X,0
6315079-X,1
6279537-9,4
6279536-7,1
6279532-X,1
6279533-1,2
6279534-3,1
6279535-5,0
6279674-9,1
6283175-1,2
6314721-7,4
6314722-9,3
6314717-5,3
6282760-0,1
6282633-3,4
6220457-3,3
6219825-5,4
6197304-1,0
6197305-3,0
6197303-X,2
6193378-2,3
6194089-X,2
6194146-8,4
6194162-6,2
6194674-5,4
6194543-0,0
6194544-2,4
6194495-3,3
6204538-6,3
6204774-9,4
6206845-X,2
6206621-8,1
6208326-6,3
6196883-8,1
6194950-6,2
6207454-9,4
6206863-1,1
6208597-6,1
6208665-9,0
6203347-1,1
6202429-8,2
6203539-1,0
6332637-7,0
6333363-0,4
6333398-8,0
6312920-1,4
6312880-3,1
6312743-3,4
6312591-4,4
6312217-X,1
6278436-6,1
6311698-5,1
6278118-0,1
6311844-3,2
6340560-7,1
6340476-6,3
6340471-7,0
6309612-1,1
6309615-7,2
6309614-5,0
6275351-9,1
6257221-5,1
6356833-8,1
6254813-4,3
6255364-3,3
6327750-4,2
6327027-7,1
6140050-0,3
6142148-X,2
6226014-7,2
6227542-0,4
6227465-7,1
6227315-9,0
6231503-5,3
6231396-6,2
6236452-4,4
6235420-6,4
6235415-2,0
6235948-9,1
6235734-X,4
6210743-5,3
6211172-0,1
6210183-9,0
6213404-1,0
6211590-0,0
6211591-2,2
6223265-2,3
6223103-8,0
6219523-8,1
6182865-9,1
6181858-5,3
6180234-9,2
6180233-7,3
6179876-6,4
6180823-1,0
6178935-1,2
6190407-7,3
6189771-4,4
6190039-0,1
6189396-0,0
6189052-9,3
6191843-5,2
6191910-6,0
6344526-2,3
6344285-3,1
6258171-0,4
6355359-5,1
6355416-3,1
6258021-2,0
6355719-2,1
6347093-2,4
6355973-7,3
6356255-X,2
6256942-8,2
6256944-1,2
5162933-0,3
5164108-8,0
5165051-0,1
5163303-1,3
5163193-7,0
5163194-9,3
5165734-2,0
5165747-0,2
5165725-1,1
5168147-2,1
5157922-6,3
5158333-X,1
5158269-4,3
5159690-0,1
5159344-0,2
5160540-7,4
5157838-5,3
5157789-6,4
5156937-1,3
5269311-4,4
5269027-4,4
5220769-6,4
5221133-6,2
5221758-8,2
5221786-2,3
5221583-8,0
5222373-2,1
5222842-5,3
5223413-7,2
5226370-2,4
5259582-2,1
5224575-8,2
5224576-X,4
5224577-1,2
5224587-4,3
5224588-6,1
5224589-8,3
5224590-4,4
5274348-5,4
5224789-7,2
5224739-3,2
5225089-1,3
5225244-0,1
5225243-9,0
5223175-3,1
5273307-6,0
5273338-6,0
5223888-3,3
5223686-0,1
5273008-4,0
5211923-8,3
5260845-5,3
5360218-0,0
5365036-5,4
5365139-5,1
5363668-1,0
5322061-8,4
5321159-8,0
5321330-5,0
5152888-7,4
5153811-1,1
5155747-9,2
5155333-0,2
5154830-1,3
5156592-0,4
5148849-4,0
5150160-2,4
5147711-0,3
5148649-5,2
5148310-7,4
5148340-5,4
5150853-7,4
5151117-8,2
5151833-8,1
5152192-7,2
5152398-7,0
5145125-0,0
5145837-9,0
5146436-5,4
5146294-9,1
5147447-6,3
5147245-3,1
5196504-7,0
5196287-0,2
5348991-9,0
5346876-5,4
5346464-0,4
5346465-2,4
5346436-6,3
5346434-2,0
5346441-X,4
5346457-3,0
5346526-8,0
5346251-3,1
5346246-X,1
5346240-9,0
5346301-4,1
5346179-9,4
5346227-6,1
5346226-4,1
5346230-6,1
5346219-7,3
5346216-1,1
5345804-6,4
5345809-5,4
5345814-9,1
5345819-8,0
5345831-9,0
5345853-8,3
5345780-6,0
5345770-3,4
5345773-9,4
5343269-1,4
5341698-3,4
5341993-8,2
5341961-6,4
5372929-1,1
5366169-X,1
5366021-X,1
5367294-X,0
5364226-5,3
5368606-3,1
5373824-4,3
5370100-0,2
5370656-8,1
5371198-6,1
5371865-4,2
5277924-9,4
5278106-7,2
5278642-3,4
5278640-X,2
5278639-3,3
5278637-X,1
5196144-X,0
5195515-5,1
5276833-9,1
5201561-5,4
5201383-5,3
5282293-4,3
5208991-6,2
5207919-2,1
5236101-8,2
5345396-1,1
5345399-7,2
5344181-4,0
5351915-1,0
5349621-2,2
5721252-1,3
5721246-6,4
5720709-7,0
5720708-5,2
5732819-9,4
5731390-5,0
5719026-0,3
5718817-X,3
5733574-9,4
5733754-2,2
5730494-0,3
5730593-3,3
5729540-X,0
5729543-5,4
5729538-1,4
5729535-6,2
5729815-4,3
5729819-1,3
5729818-X,0
5729817-8,2
5729816-6,0
5729822-1,0
5729821-X,3
5729820-8,0
5729802-6,0
5729803-8,2
5729801-4,2
5729806-3,0
5729804-X,2
5729805-1,0
5728645-7,4
5702382-7,2
5717651-4,0
5714454-1,1
5715383-X,2
5712087-4,0
5711998-3,1
5712707-4,3
5712746-3,0
5712764-5,1
5712679-2,2
5713277-7,0
5711216-6,3
5846225-X,3
5847019-1,3
5845362-3,3
5855753-2,2
5856064-1,1
5859617-X,1
5859655-7,1
5861329-3,0
5862207-6,3
5862376-8,4
5863291-6,0
5864187-6,4
5874041-1,1
5874192-1,3
5877965-4,0
5869405-6,2
5868797-1,4
5871982-6,3
5871983-8,1
5872024-9,0
5871818-3,3
5893315-1,3
5893549-6,4
5893551-4,1
5853854-6,0
5853855-8,4
5864563-1,2
5853469-X,1
5853656-0,4
5853585-2,4
5853587-6,3
5839005-2,3
5850094-1,4
5850095-3,4
5850890-0,4
5850479-3,4
5852115-9,1
5851850-6,1
5856531-0,4
5711715-7,0
5711562-6,1
5690870-1,4
5690872-5,0
5695536-X,4
5695655-8,3
5695975-7,1
5695927-7,4
5698374-7,1
5697951-7,0
5690904-4,1
5693255-7,4
5692108-8,1
5694903-8,2
5694055-4,4
5700911-0,3
5700575-6,0
5700305-8,2
5834736-2,4
5833830-X,1
5833643-9,0
5834901-4,0
5841484-1,3
5838128-1,2
5844775-3,0
5844774-1,0
5844938-7,1
5842971-2,4
5727958-2,3
5726628-4,2
5726589-8,2
5726241-9,4
5727186-0,0
5726935-5,4
5726908-2,1
5726735-6,1
5708656-8,4
5707921-8,0
5707801-8,4
5708214-5,2
5707368-4,2
5707307-6,2
5707306-4,1
5706814-X,4
5707062-X,1
5707170-3,1
5704538-6,1
5704557-X,0
5703986-8,2
5704005-X,3
5709090-7,1
5706047-7,3
5705682-X,3
5704736-1,0
5836555-X,1
5847473-5,2
5840673-X,0
5839557-2,3
5875800-1,0
5874927-8,0
5874851-0,1
5875152-7,2
5875321-6,2
5873797-1,2
5873802-2,2
5873821-6,1
5873817-4,3
5868242-6,2
5868320-1,2
5867810-5,3
5867471-5,3
5866645-7,3
5879607-0,3
5879610-0,3
5866290-3,3
5866283-6,2
5866248-4,0
5873540-6,1
5873173-1,3
5493638-4,1
5493240-4,3
5493105-8,2
5493102-2,4
5491367-4,0
5491679-4,4
5490850-5,0
5490849-9,1
5490848-7,0
5490593-8,2
5489262-X,3
5489615-X,2
5489604-5,3
5489656-2,1
5504258-7,2
5504027-8,4
5482411-9,1
5496427-X,3
5496500-6,0
5504770-0,2
5537070-3,3
5537067-3,2
5537135-6,3
5524436-0,0
5524441-4,4
5524780-7,3
5524867-9,3
5524588-2,0
5525058-8,1
5522192-3,3
5527790-9,4
5528105-2,0
5528205-7,2
5528710-3,0
5512638-9,1
5508865-7,2
5511557-1,2
5511558-3,4
5511564-9,1
5519997-1,2
5519702-9,3
5519701-7,0
5519700-5,4
5519698-X,1
5519697-8,1
5519075-1,4
5519176-8,3
5518483-2,4
5506457-7,2
5506456-5,4
5506459-0,0
5506458-9,4
5506461-9,0
5506460-7,3
5506463-2,3
5506453-X,0
5506455-3,1
5506454-1,1
5506472-3,2
5506466-8,2
5506464-4,1
5506465-6,4
5506470-X,4
5506471-1,1
5506468-1,2
5506469-3,1
5483374-2,1
5483868-X,2
5484435-4,2
5484458-5,1
5480915-6,3
5486019-0,0
5485749-4,2
5495695-8,3
5495693-4,0
5494918-9,3
5494657-4,2
5494456-3,4
5501389-2,0
5501804-4,2
5501514-3,3
5500115-0,3
5466144-0,4
5466295-0,0
5466277-9,3
5409057-2,2
5410252-7,1
5407103-3,3
5406990-2,3
5408382-9,2
5412987-9,3
5413398-2,4
5411091-3,3
5411252-3,0
5411254-7,0
5411255-9,3
5410949-9,3
5411496-0,4
5418054-2,1
5503495-5,2
5503575-4,1
5503640-1,2
5503728-5,3
5502179-7,3
5500185-X,3
5500494-4,1
5500462-2,2
5499276-1,2
5499452-8,1
5498644-1,0
5634101-7,2
5634917-7,0
5634916-5,1
5635027-5,1
5635762-9,2
5624709-7,1
5624353-1,4
5625847-5,0
5625401-5,1
5625311-3,1
5625283-1,0
5625289-2,0
5625181-3,3
5630203-X,4
5630201-6,3
5630190-4,4
5630460-X,4
5397641-4,1
5401982-1,3
5401091-1,4
5401315-0,0
5399750-2,4
5399742-3,2
5399597-7,0
5406237-7,2
5405862-7,1
5405984-0,2
5405419-8,4
5405385-5,2
5405035-8,0
5405029-2,4
5526260-1,3
5526427-2,4
5526733-1,4
5531339-4,1
5526625-8,3
5527291-8,0
5527274-8,0
5516897-8,2
5514644-7,4
5514050-5,2
5513324-1,2
5521064-8,1
5521062-4,3
5505250-9,4
5414958-5,0
5411904-5,2
5411905-7,4
5417442-8,4
5416946-1,4
5422962-6,4
5422708-1,2
5422467-2,1
5422191-6,1
5422179-5,3
5422194-1,4
5419776-X,3
5419913-7,3
5419709-6,3
5419321-9,0
5419241-X,0
5420868-X,0
5420578-9,4
5426199-6,0
5429355-6,4
5429457-4,1
5436953-2,2
5436282-7,0
5376395-1,2
5376157-5,4
5381882-6,0
5382926-8,2
5743838-0,1
5744073-2,3
5746062-0,1
5726192-X,3
5725511-8,3
5722789-1,3
5724299-4,0
5723679-0,2
5723474-2,3
5509376-5,2
5509869-0,1
5479246-X,3
5480386-X,3
5480163-X,2
5478321-3,1
5477685-4,4
5477769-0,2
5474692-2,3
5487532-2,2
5487559-0,2
5484973-4,0
5734817-8,1
5734819-1,4
5734821-X,1
5734820-8,0
5736179-9,2
5736368-3,3
5735464-4,3
5737286-7,4
5750084-3,3
5750374-4,0
5747811-8,0
5748802-3,4
5737703-2,0
5737871-2,1
5763701-9,4
5766336-7,1
5767106-6,4
5765159-2,3
5765158-0,0
5760938-X,1
5759388-1,4
5740156-1,0
5762421-4,0
5761267-0,0
5739943-5,3
5739714-X,0
5796292-7,2
5797326-6,3
5798684-9,4
5792515-9,2
5755885-3,0
5755761-6,4
5755607-6,0
5793828-7,4
5793545-3,1
5787781-X,2
5794574-6,1
5787011-9,2
5636112-4,3
5638315-1,3
5638792-6,3
5636739-X,4
5636847-3,0
5638727-6,3
5639420-6,2
5639225-6,1
5644237-2,1
5638016-X,2
5637785-2,1
5642728-1,0
5643333-3,3
5643334-5,0
5645237-9,4
5645233-1,0
5645232-X,3
5644336-5,2
5775521-X,1
5778986-2,0
5778995-3,3
5779179-5,3
5779105-9,1
5779104-7,3
5778160-X,0
5779987-0,0
5780234-4,0
5776021-3,1
5772216-3,2
5772222-9,3
5774536-5,4
5758414-3,2
5757602-X,4
5757186-6,0
5757185-4,0
5752238-9,2
5751732-4,2
5754134-X,0
5753720-0,4
5752922-7,4
5753036-2,2
5753038-6,1
5771485-3,4
5774199-9,4
5767505-2,0
5767537-4,2
5767536-2,1
5789154-2,4
5647308-X,4
5647185-7,1
5647051-7,0
5647088-8,1
5647091-8,2
5647092-X,1
5646782-2,1
5646758-5,2
5646547-1,4
5648079-3,2
5645558-X,0
5648728-X,1
5649923-6,0
5650175-1,4
5650176-3,3
5782083-X,0
5631261-9,2
5631366-2,3
5631364-9,4
5631427-8,1
5631431-X,2
5631428-X,0
5631627-7,3
5635744-7,4
5635755-1,4
5635756-3,0
5627930-7,3
5628352-5,1
5628883-8,1
5629675-6,1
5626021-9,3
5627634-0,1
5627174-9,0
5621017-5,4
5621790-6,0
5621805-5,3
5622036-5,4
5622064-X,2
5623312-2,1
5623309-2,1
5623731-4,3
5632360-8,3
5632343-8,1
5632172-5,2
5632177-4,0
5633071-5,4
5633543-3,0
5604879-7,4
5607771-7,1
5605180-8,3
5605176-6,1
5605166-3,3
5605129-8,3
5605360-1,0
5605333-9,2
5607891-7,1
5607883-8,2
5604442-8,1
5604701-9,0
5604811-6,2
5604754-8,4
5604166-7,2
5604279-X,1
5610697-6,3
5614191-8,2
5609355-3,4
5609086-X,0
5608711-7,2
5608505-2,2
5612270-2,0
5612188-5,0
5614958-6,1
5613786-5,2
5613629-X,0
5613997-9,3
5605803-3,2
5601308-4,1
5601989-5,2
5595524-8,0
5595523-6,2
5595521-2,4
5595823-X,0
5595664-3,0
5596632-8,1
5596376-2,2
5596679-1,3
5596753-X,1
5593023-0,0
5589964-0,4
5589751-3,3
5593166-1,2
5594640-4,4
5594684-2,2
5595064-6,3
5591515-1,2
5688575-6,0
5581584-7,0
5579968-6,0
5580344-0,2
5578693-5,0
5674615-7,0
5674614-5,1
5675119-8,3
5675809-7,0
5677605-3,1
5682949-5,1
5682845-3,2
5682929-X,1
5682930-6,1
5682935-5,4
5682938-0,3
5682943-4,2
5682919-7,1
5677374-7,3
5678669-3,1
5678700-5,1
5679089-8,4
5680181-2,3
5680150-2,0
5684019-9,2
5683907-7,0
5619893-5,2
5621360-X,4
5621540-3,3
5621525-7,1
5620928-4,4
5620937-5,0
5620825-4,4
5620823-0,2
5623214-1,3
5616545-2,0
5619046-0,4
5619636-5,4
5619265-3,1
5619310-5,4
5618673-4,2
5618609-6,4
5612860-7,1
5613507-6,1
5611852-1,1
5603555-4,1
5607113-7,2
5607352-5,4
5607282-9,4
5605896-3,3
5584531-7,3
5584625-6,4
5584715-8,2
5583863-6,3
5690566-6,3
5670694-1,1
5670804-6,0
5689881-1,3
5669117-8,1
5669115-4,0
5669175-0,3
5672605-1,1
5672607-5,4
5672606-3,2
5673363-7,2
5673364-9,1
5602366-3,4
5602408-5,0
5602659-X,3
5603148-9,1
5599428-6,3
5599851-X,4
5586500-X,1
5585716-6,3
5585718-X,0
5585719-1,3
5587606-1,0
5588905-X,2
5588319-2,4
5588320-9,1
5588328-3,4
5588232-0,1
5588126-0,1
5588124-7,1
5588125-9,0
5588145-4,2
5588092-8,2
5597414-3,2
5597989-4,1
5598467-9,1
5598648-4,3
5598451-5,1
5664607-6,2
5664582-4,1
5663962-0,1
5662979-X,0
5662576-6,4
5662414-1,1
5661789-7,3
5661172-4,3
5639890-3,0
5684270-8,3
5659829-4,4
5659353-9,4
5655637-9,3
5655638-0,4
5654716-X,3
5655287-4,4
5657237-3,4
5657128-8,3
5657194-X,4
5390863-8,3
5390855-9,2
5393671-7,2
5393115-5,0
5404297-0,1
5404268-4,2
5403887-9,4
5403565-6,1
5402825-2,1
5402688-5,1
5403105-1,0
5397731-6,2
5396585-1,0
5395017-7,3
6274727-3,2
6306309-9,1
6378454-3,4
6378636-0,4
6379258-8,2
6379687-2,0
6376592-2,0
6377124-5,3
6388185-1,1
6382308-6,1
6358078-4,1
6288589-1,1
6291060-4,1
6289622-3,0
6287914-5,1
6290604-6,1
6474753-5,3
6474397-5,1
6473720-5,3
6472622-8,4
6463961-5,3
6469795-X,1
6469796-1,3
6469797-3,2
6469798-5,3
6457781-5,0
6457597-X,3
6457595-6,4
6458985-8,2
6458982-2,3
6458753-7,1
6458832-4,2
6329490-4,1
6335745-X,1
6335637-6,2
6335563-2,4
6336027-2,3
6335386-4,4
6335094-X,3
6332050-2,0
6308721-0,4
6276118-8,4
6308297-8,4
6308226-7,3
6360362-5,3
6360782-9,3
6360969-5,0
6371322-2,4
6370421-9,3
6370488-8,3
6369820-0,1
6368785-5,0
6368457-7,0
6368690-4,3
6367769-0,0
6483543-9,1
6483596-8,4
6484370-9,2
6254167-3,0
6341296-9,4
6341793-6,4
6345417-3,1
6345184-3,2
6344999-5,1
6344994-6,1
6346248-0,2
6345746-3,0
6349073-X,4
6343300-0,2
6342925-6,4
6375234-X,4
6375443-X,2
6375710-X,1
6375856-6,2
6376132-8,2
6376154-7,2
6376184-5,4
6273683-1,2
6274535-3,3
6306031-9,3
6274193-8,2
6274261-0,2
6274259-2,2
6380061-3,2
6380752-4,1
6381499-0,3
6381508-9,3
6306809-1,3
6306810-8,0
6306653-5,1
6068963-9,1
6063603-7,2
6063837-1,0
6063784-5,2
6063965-0,3
6072592-0,2
6072591-9,2
6067610-X,1
6067603-2,4
6067522-1,4
6067262-9,1
6067201-0,1
6068082-1,3
6067858-4,3
6066659-0,3
6066665-6,2
6066676-0,3
6064337-5,1
6064352-1,2
6064403-4,3
6064882-2,4
6144984-2,1
6144423-1,4
6145386-5,0
6146758-5,4
6146757-3,3
6383155-1,3
6382840-5,3
6382818-1,1
6382855-7,0
6358146-7,4
6358946-3,0
6371882-1,4
6371725-6,1
6475557-X,3
6480468-X,1
6478342-8,0
6479963-9,3
6477776-5,3
6476758-7,0
6466015-7,0
6475631-8,1
6475417-4,3
5943361-4,3
5944640-7,1
5944643-2,2
5944644-4,0
5944450-0,1
5942677-5,3
5939423-8,2
5940928-4,2
5954152-2,4
5952681-9,0
5940433-5,1
5940577-8,0
5953909-1,3
5951558-2,3
5949933-5,2
5948010-7,3
5948394-X,0
5959989-1,2
5960037-8,0
5959579-0,3
5959536-4,2
5959529-7,3
6059745-2,1
6059049-8,4
6059122-4,1
6059162-5,3
6059309-0,0
6056945-2,3
6056677-0,0
6056123-7,4
6057389-X,2
6057025-2,4
6054681-X,2
6054503-7,3
6054639-0,2
6054637-7,4
6054157-X,3
6053948-9,2
6054042-3,1
6055748-2,2
6055812-8,0
6055439-8,1
6055611-7,1
6055612-9,2
6055262-4,3
6055255-7,4
6055291-0,2
6055345-9,1
6055346-0,0
6055411-8,0
6055160-6,1
6051851-1,2
6052118-8,2
6052537-X,0
6052582-4,2
6052393-X,3
6051408-2,4
6051344-1,4
6051368-4,1
6051661-5,3
6051777-3,1
6047890-7,4
6048650-3,2
6048630-8,2
6048858-7,1
6048852-6,1
6114984-7,1
6115852-7,1
6115426-8,2
6121785-2,2
6121589-0,4
6122862-2,3
6127470-5,0
6124733-4,0
6120302-0,3
6120281-6,0
6120231-2,1
6120949-1,0
6120450-5,0
6120673-5,2
6121237-X,2
6121070-9,3
6121055-2,4
6121150-8,2
6125714-7,0
6125886-4,3
6133127-7,0
6061426-6,3
6058569-X,3
6058099-5,0
6058097-1,4
6058225-8,4
6058122-8,3
6059554-4,0
6132245-7,1
6132258-5,0
6131848-3,4
6135671-5,2
6135548-5,0
6133791-2,4
6133854-1,4
6133988-1,3
6061045-1,3
6060160-6,4
6060150-3,4
6060054-6,3
6060501-X,0
6060494-5,2
6060435-0,3
6053069-5,1
6053012-9,1
6053121-4,4
6049966-7,2
6049956-4,3
6050016-7,0
6050011-8,3
6050008-8,2
6050006-4,0
6050089-1,0
6050264-6,3
6050262-2,4
6099029-X,1
6099374-8,4
6099304-9,0
6137241-1,3
6137240-X,1
6135998-7,1
6138059-6,1
6138034-1,2
6138023-7,2
6138020-1,3
6138030-4,1
6138115-2,1
6138114-0,4
6138112-7,3
6138117-6,1
6138160-7,1
6138163-2,3
6138164-4,3
6138544-7,0
6138683-0,3
6127633-9,1
6131687-3,2
6141923-5,1
6129551-9,4
6129494-0,2
6128167-8,1
6128166-6,3
6129726-9,2
6129881-0,4
6126487-4,1
6114415-7,3
6111879-X,0
6106277-9,4
6105383-2,1
6105560-0,4
6105288-7,4
6096884-4,2
5989617-0,0
5991132-5,1
6000190-3,1
5997340-1,1
5958262-5,4
5958588-5,4
5958429-6,1
5957385-4,2
6125470-2,4
6113824-X,2
6003705-4,4
6003869-2,3
6008260-0,4
6008261-2,1
6008429-5,1
4860911-X,0
4861207-2,4
4864164-8,0
4865302-3,3
4871593-5,3
4871297-9,1
4661461-6,1
4661378-7,2
4661644-5,4
4661959-0,0
4662392-8,2
4662736-7,4
4659346-4,3
4659202-1,1
4661197-1,0
4660902-8,3
4660897-7,1
4660896-5,3
4673014-4,1
4672445-6,0
4672488-2,2
4667795-3,4
4667788-6,3
4667474-2,2
4668309-4,2
4668810-3,0
4668847-4,0
4660864-3,3
4660815-1,0
4660775-3,1
4660782-0,4
4660776-5,4
4660784-4,1
4660762-5,0
4660761-3,1
4660684-X,2
4657817-8,4
4657530-7,4
4659149-0,0
4659122-2,3
4885702-5,2
4787440-6,4
4786784-1,3
4786799-3,3
4786691-4,3
4866646-1,2
4866644-8,2
4789947-4,0
4789950-4,0
4789949-8,0
4789416-1,0
4789169-7,2
4788917-X,4
4791821-4,0
4791822-6,0
4866929-5,1
4869301-7,2
4869300-5,0
4869302-9,0
4869320-0,1
4869162-6,3
4772837-0,4
4772838-2,0
4770187-X,2
4770605-7,3
4770604-5,4
4770606-9,4
4770608-2,2
4770609-4,4
4770577-5,0
4771294-8,1
4773933-4,4
4758882-X,4
4759218-0,0
4756849-9,4
4757363-7,4
4753636-2,4
4753586-1,4
4754247-5,3
4753255-8,0
4752947-4,2
4752137-5,3
4798633-6,4
4801366-0,3
4802535-6,0
4801763-3,1
4803374-2,3
4803375-4,1
4803694-1,2
4806585-5,2
4806593-4,4
4806360-1,2
4805828-1,4
4805829-3,1
4807472-9,2
4807471-7,4
4807226-3,3
4807078-1,0
4727606-4,3
4740334-4,3
4736883-5,0
4738462-2,0
4738461-0,1
4738378-1,0
4742685-6,4
4742686-8,3
4742688-1,0
4748188-7,4
4748190-5,0
4747930-9,3
4706903-2,4
4706902-0,3
4706900-7,0
4706899-3,1
4706911-1,2
4706909-3,3
4703758-7,4
4626941-8,0
4626944-3,4
4627839-1,3
4863202-6,0
4863205-1,2
4863204-X,0
4863210-5,4
4863208-7,3
4863212-9,3
4851052-6,3
4851302-6,3
4853171-7,3
4853544-2,1
4854072-0,1
4853914-2,4
4860569-X,3
4797221-5,0
4705406-9,4
4707571-6,2
4707256-6,3
4706307-2,2
4710002-3,4
4856021-8,3
6269184-7,0
6269202-6,0
6269203-8,4
6269204-X,0
6269205-1,1
6303023-0,4
6303025-4,2
6267554-4,4
6267555-6,0
6267580-5,0
6301376-0,1
6267505-2,2
6299686-9,1
6299825-X,3
6268283-3,3
6270598-X,4
6270714-X,2
6305099-3,0
6271266-0,1
6271267-2,3
6304779-3,4
6269463-3,4
6269795-9,3
6269794-7,4
6269797-2,3
6269796-0,2
6269890-4,3
6271784-5,4
6305320-1,0
6304078-X,1
6303934-6,0
6304609-X,0
6569485-9,0
6568414-1,2
6570225-8,4
6571579-9,4
6568583-3,2
6568524-9,4
6567396-6,0
6567693-4,0
6567650-8,0
6567642-9,0
6571302-8,3
6577007-1,2
6576967-2,2
6576726-0,0
6262818-2,0
6296115-6,1
6296288-5,2
6264197-3,0
6264229-2,1
6265763-1,4
6299269-0,0
6299389-0,1
6299388-9,1
6265138-5,0
6265219-6,4
6266848-6,0
6298438-3,3
6298021-X,0
6266278-7,4
6265970-8,2
6297770-7,2
6266934-0,1
6267176-5,2
6300248-5,3
6269049-0,2
6269180-X,4
6262422-6,4
6293053-X,0
6293109-1,2
6293111-X,3
6293110-8,1
6259556-9,0
6261985-4,1
6262129-5,4
6262140-4,4
6262142-8,1
6262090-3,4
6262248-3,3
6263200-4,0
6295235-X,0
6294783-6,1
6260643-X,1
6292471-3,4
6292356-2,1
6259856-2,2
6291473-0,0
6615459-9,4
6616190-6,3
6616828-3,1
6617083-0,2
6616851-9,3
6616955-0,1
6616924-0,2
6613104-X,3
6613236-6,4
6613234-2,2
6613226-3,2
6613135-X,2
6613508-5,3
6614121-6,4
6618115-6,4
6614804-8,1
6614832-2,0
6614907-8,4
6614691-8,1
6614702-X,2
6614721-3,1
6618759-1,1
6555197-4,2
6554959-7,3
6554169-3,3
6553873-0,2
6577541-4,3
6577325-7,2
6574650-0,1
6574123-5,0
6575851-8,4
6575152-8,3
6580314-X,4
6580672-6,3
6580610-6,2
6580851-8,1
6581169-X,1
6581688-6,2
6581695-3,0
6581680-1,4
6581683-7,0
6581684-9,2
6581685-0,1
6581686-2,2
6581697-7,0
6578752-4,4
6579281-4,1
6579642-3,3
6579593-4,4
6579656-3,4
6579528-4,2
6579840-9,3
6579877-X,0
6579874-4,4
6656916-9,0
6659090-8,2
6579931-2,2
6591081-8,0
6590771-0,0
6594116-1,0
6594082-9,2
6594349-4,3
6594871-0,2
6595012-6,1
6594778-9,4
6595407-0,1
6595493-8,1
6595197-1,0
6605090-3,0
6604837-X,2
6604841-1,3
6604928-3,1
6602710-4,2
6600909-4,2
6601919-3,0
6601947-8,2
6602231-9,3
6607260-7,0
6607306-6,4
6608441-9,1
6607941-5,4
6607875-6,3
6607909-9,0
6608158-0,0
6609649-9,2
6610445-7,4
6610832-7,0
6609991-1,1
6610208-2,4
6611143-6,4
6611106-0,2
6611923-7,2
6612276-0,3
6612351-0,2
6613276-7,0
6557304-6,0
6557486-6,0
6557040-6,0
6585826-0,1
6585565-6,3
6582281-1,0
6583372-1,4
6657933-5,4
6652300-2,1
6652298-7,1
6652360-9,3
6625926-X,0
6626030-7,0
6624016-X,1
6537554-5,3
6537556-9,4
6538214-7,2
6537954-3,2
6542765-9,4
6542764-7,1
6542767-2,1
6542766-0,2
6542763-5,3
6542762-3,3
6542747-7,1
6542793-3,0
6542628-9,3
6542624-1,4
6542625-3,3
6542626-5,1
6542627-7,3
6542623-X,0
6542618-6,1
6542617-4,4
6542616-2,1
6542694-0,2
6542705-2,0
6542664-2,4
6542662-9,3
6542663-0,0
6542661-7,1
6542683-6,3
6542684-8,0
6542886-0,2
6541665-8,1
6547711-X,1
6547703-0,2
6547189-6,2
6547065-9,4
6546975-6,4
6546694-6,1
6535873-X,3
6535892-3,0
6535997-7,1
6535342-7,2
6535381-6,3
6535376-2,4
6535190-8,4
6536705-6,2
6536621-X,0
6536601-4,0
6587465-4,4
6587261-8,1
6423818-2,0
6424012-1,3
6425531-4,3
6427886-3,0
6429541-2,3
6430101-8,4
6430017-7,2
6427315-X,4
6428585-4,1
6428102-9,4
6429826-X,0
6429758-7,1
6530212-2,1
6525750-2,2
6521682-4,4
6521491-6,2
6521868-9,2
6522052-5,2
6522056-2,1
6406697-9,2
6407589-1,3
6411583-4,3
6411582-2,1
6411584-6,2
6411585-8,0
6411587-1,0
6412134-0,4
6420078-3,1
6417113-5,2
6433040-1,4
6433678-1,1
6445286-7,3
6431190-7,3
6432012-0,0
6435072-6,3
6434962-8,3
6435039-8,2
6435567-5,0
6436082-5,3
6436797-9,1
6437060-2,0
6438106-8,0
6437986-X,3
6423497-4,3
6424293-4,4
6424405-2,1
6392447-1,1
6391543-2,1
6390538-2,3
6405720-5,2
6404986-5,0
6403587-2,2
6402137-4,2
6460913-6,3
6448450-6,1
6448426-9,0
6448068-5,1
6452580-2,0
6452812-0,2
6451354-6,0
6451353-4,3
6451039-6,3
6449936-0,1
6453502-0,1
6453477-4,2
6453483-X,4
6453484-1,3
6453468-3,4
6454072-3,0
6453912-1,4
6547542-0,4
6547543-2,0
6547544-4,3
6547552-3,2
6547558-4,4
6547560-2,2
6547566-3,3
6547568-7,2
6547569-9,4
6547570-5,1
6547571-7,1
6547572-9,0
6547575-4,1
6547576-6,3
6547577-8,4
6547578-X,1
6547579-1,4
6547580-8,2
6547581-X,1
6552959-4,1
6553051-5,0
6552099-4,4
6552228-2,3
6552277-4,2
6551798-8,1
6551860-X,1
6543382-7,0
6543906-X,3
6550586-6,1
6550999-2,3
6550236-9,3
6550230-8,3
6550020-6,1
6550122-4,3
6550355-7,3
6550367-3,3
6542137-7,1
6540550-5,4
6539638-4,3
6539835-8,4
6522619-4,0
6523857-7,4
6523863-2,0
6524258-8,0
6521295-4,1
6521054-2,1
6518136-8,2
6517962-9,2
6517815-6,3
6516779-9,4
6520778-0,4
6519573-8,1
6519572-6,0
6519610-0,0
6519779-8,1
6518801-2,2
6505624-3,4
6506193-4,3
6497854-4,0
6499003-5,1
6499077-1,0
6489703-5,3
6489705-9,1
6489780-1,4
6413061-5,3
6413447-9,4
6413446-7,2
6413580-1,2
6491132-5,3
6490883-6,2
6412423-X,2
6412750-6,1
6408415-7,0
6408999-9,0
6409675-9,1
6416464-8,2
6417802-2,1
6414542-0,3
6416203-0,4
6415922-X,0
6415793-1,3
6397094-3,0
6397301-7,4
6397635-6,3
6396067-4,0
6395936-9,1
6395225-2,1
6395224-0,3
6393536-8,2
6392180-6,2
6590320-7,1
6529471-1,0
6530333-4,3
6533938-X,1
6533241-8,3
6533529-0,3
6533531-9,2
6535080-0,1
6534286-4,2
6534627-8,1
6534554-6,3
6534556-X,4
6534557-1,4
6532070-9,3
6531923-5,2
6531536-5,4
6532947-4,4
6532361-1,1
6532360-X,0
6532336-2,2
6532274-5,0
6532126-0,0
6589350-0,1
6589092-1,0
6709457-4,1
6709675-5,1
6717326-9,2
6717395-6,1
6717062-9,1
6702460-X,2
6701995-3,2
6701505-0,2
6701504-9,1
6709155-7,4
6708602-4,3
6715422-3,0
6715907-X,3
6715362-X,1
6715080-8,3
6703811-2,2
6704084-7,0
6703373-X,2
6702664-6,1
6702665-8,2
6703077-3,3
6754805-2,2
6754809-X,3
6754939-2,3
6754960-4,0
6755503-1,2
6755488-8,3
6752388-4,2
6752456-7,4
6753031-0,1
6753030-9,3
6753494-0,4
6753521-0,4
6751369-4,3
6751546-2,2
6751547-4,3
6751685-6,4
6751706-0,3
6751713-8,3
6782816-X,4
6782522-1,1
6782557-9,0
6781733-9,1
6754002-0,2
6750450-3,0
6751005-7,1
6751160-9,2
6751455-9,3
6751461-4,1
6781444-X,1
6766394-7,1
6766190-0,0
6765601-4,3
6763380-8,0
6763248-7,2
6763143-3,2
6762780-X,1
6762597-6,0
6762497-1,3
6764058-7,3
6764043-5,2
6763999-4,3
6760660-7,3
6762208-X,4
6762041-9,0
6761996-6,3
6762288-1,4
6762269-8,0
6761846-8,0
6759022-8,0
6759076-9,3
6759079-4,4
6759293-8,2
6759790-5,2
6756521-X,0
6756979-6,2
6757607-6,1
6779198-6,4
6779029-4,0
6778839-7,0
6776208-7,2
6775795-2,1
6772823-5,4
6771851-3,1
6771123-7,0
6773959-5,3
6771274-7,1
6769710-5,0
6770063-7,0
6769308-9,4
6674486-6,2
6674527-6,2
6676057-4,4
6676169-5,2
6662880-9,0
6673024-1,3
6673003-4,0
6673745-0,4
6674068-6,2
6668640-7,2
6668318-X,3
6669310-1,1
6669047-9,4
6668902-3,1
6670327-1,0
6679999-9,1
6679608-9,0
6679573-4,3
6670913-9,0
6671412-0,4
6671545-9,0
6672381-X,3
6672079-8,3
6681292-5,4
6680826-4,0
6692503-4,3
6691873-0,0
6689691-2,3
6689763-2,0
6707929-X,0
6706945-1,1
6690249-X,2
6711366-1,4
6711337-5,2
6710486-5,4
6713532-8,1
6714093-X,4
6790276-8,0
6784453-X,0
6784850-2,1
6784985-4,0
6784901-5,2
6784513-3,1
6784650-3,3
6785521-9,0
6785516-5,4
6785177-5,4
6785209-4,4
6790172-6,0
6783338-2,2
6783409-0,4
6783410-7,4
6786392-7,1
6786118-7,1
6786148-5,0
6786059-5,2
6786947-X,2
6786948-1,2
6814732-9,3
6809295-8,2
6803608-9,2
6803780-0,0
6768339-2,2
6766655-1,3
6665745-1,1
6767051-3,1
6766898-7,1
6767188-9,3
6767411-0,4
6844455-1,1
6844450-2,2
6818748-8,4
6665275-7,1
6667655-2,3
6667098-1,1
6663186-4,4
6793773-4,3
6793735-7,1
6705790-0,4
6795779-8,4
6796018-4,3
6794771-7,4
6794542-1,3
6794585-8,0
6791187-4,1
6791220-X,2
6512176-0,0
6506548-8,1
6506363-5,0
6504927-6,1
6504812-X,0
6640086-7,0
6640735-3,4
6640736-5,1
6641657-4,0
6641343-0,2
6641962-1,2
6641963-3,4
6641961-X,1
6641966-9,2
6641964-5,3
6641965-7,0
6642088-3,1
6642706-X,2
6642927-6,3
6642928-8,3
6642929-X,4
6642930-6,4
6643626-7,4
6643251-8,0
6643450-5,1
6638210-5,3
6638879-5,4
6639349-0,1
6639250-2,4
6639291-5,4
6639486-0,2
6639561-0,1
6635571-8,3
6635639-6,4
6636316-8,4
6636344-2,3
6636732-4,4
6636965-7,1
6738020-4,2
6738027-7,0
6741606-4,4
6741561-7,0
6741643-X,0
6740563-4,3
6740564-6,1
6740568-3,2
6740544-0,2
6740640-8,0
6740212-5,1
6740251-4,4
6740319-2,3
6687955-X,4
6688232-3,0
6688231-1,4
6684745-9,0
6684828-3,4
6694495-0,1
6694546-3,2
6694660-2,1
6699856-1,0
6699765-8,2
6699533-7,2
6722755-3,2
6732892-5,3
6733377-2,4
6743633-X,3
6742066-X,1
6745109-2,2
6745141-9,2
6745142-0,1
6745623-X,1
6745827-6,3
6729827-8,0
6729930-2,0
6730431-6,4
6731351-3,3
6721521-2,4
6723780-9,1
6724024-4,4
6728598-9,3
6725527-9,1
6725487-0,3
6724856-2,1
6620514-3,2
6620749-X,0
6619359-X,4
6627638-5,2
6631149-0,1
6634907-1,2
6634885-5,0
6634913-7,2
6634689-3,3
6634081-1,4
6744585-9,0
6747380-X,2
6747581-0,0
6747788-2,4
6749314-0,0
6749536-9,4
6749663-6,2
6749864-7,1
6735500-2,0
6734687-5,4
6737644-8,0
6737346-8,4
6736264-9,0
6735939-5,0
6735970-X,0
6736072-9,0
6696533-8,1
6696817-3,2
6693095-6,3
6693096-8,2
6693102-0,0
6693105-6,4
6693106-8,4
6693624-2,1
6694127-1,2
6685812-6,0
6698203-9,1
6698207-6,3
6686088-6,4
6691584-1,3
6691363-5,0
6691365-9,3
6687240-6,0
6692738-0,3
6692737-9,2
6692740-9,0
6692741-0,0
6700868-X,2
6700866-6,4
6700884-8,3
6697306-2,1
6697232-9,1
6697123-3,2
6692735-5,3
6692639-8,0
6651364-X,0
6648751-2,1
6648199-0,1
6649103-1,1
6649038-4,0
6646767-3,3
6646126-3,4
6646944-1,4
6644246-0,3
6644735-9,2
6644502-6,3
6645148-6,2
6717575-X,1
6439696-1,4
6442531-9,1
6442666-0,2
6442929-9,2
6442465-X,0
6441591-9,2
6445034-0,3
6444886-8,2
6444098-8,3
6443851-4,1
6443743-0,3
6443451-6,3
6443317-1,0
6446894-X,3
6446188-2,4
6445701-9,4
6445116-3,2
6432727-4,4
6432851-6,0
6527865-1,3
6528375-8,0
6528553-8,2
6526700-5,1
6524626-4,4
6588347-4,0
6588020-2,1
6587941-4,0
6603256-X,1
6603257-1,4
6602783-9,0
6593968-9,3
6592622-7,0
6595904-8,4
6595633-0,3
6595704-9,4
6595668-8,2
6595748-7,0
6595759-1,3
6595757-8,4
6595756-6,1
6595772-4,2
6595780-3,3
6595782-7,0
6595785-2,4
6595784-0,3
6595787-6,2
6595794-3,3
6595806-7,4
6598559-1,2
6598644-4,0
6596656-8,3
6597186-X,3
6597151-2,4
7023952-2,0
7024640-9,2
7024711-7,2
7034594-7,3
7034593-5,1
7032916-4,1
7036224-7,4
7035994-1,1
7036903-1,3
7077618-3,2
7077715-2,1
7074002-3,3
6894435-5,0
6894421-5,3
6895939-1,1
6895995-0,4
6932969-5,1
6932550-8,4
6933527-9,2
6933530-9,3
6933587-5,0
6933586-3,1
6930782-6,2
6930607-9,4
6931226-0,0
6931235-1,0
6931185-0,2
6932167-5,2
6936765-4,0
6936965-3,2
6937814-X,1
6938147-8,0
6938127-2,3
6938426-4,4
6934726-2,4
6935693-8,4
6935731-2,2
6936075-5,2
6936133-5,3
6926252-1,3
6925965-5,0
6922768-2,2
6930127-1,0
6929569-X,2
6927717-9,4
6926488-X,2
6929667-0,3
6929916-9,2
6929138-1,3
6928823-5,4
6928822-3,4
6928894-6,2
6928038-0,2
6927508-9,0
6927482-5,2
6941376-0,1
6941430-3,2
6941437-6,3
6940846-9,0
6940777-4,4
6942425-6,4
6942321-4,4
6941926-4,2
6940650-1,0
6945567-4,2
6945546-7,3
6945651-5,3
6944960-3,2
6944414-4,2
6917581-6,2
6917763-3,3
6946233-1,1
6943574-9,1
6943575-0,3
6916338-X,2
6917104-1,4
6916842-4,3
6915089-5,4
6914510-6,4
6914774-9,0
6914725-7,2
6914563-5,2
6914601-X,2
6921314-7,3
6921497-9,0
6921762-5,2
6922172-7,0
6922157-0,3
6920199-2,1
6920612-0,0
6920814-3,1
6920983-5,2
6921138-0,3
6919614-X,1
6919447-4,3
6920179-7,4
6925200-8,4
6925288-4,2
6924378-X,2
6924484-X,0
6918507-1,3
7039740-7,1
7039091-0,1
7039450-6,4
7042465-5,1
7043919-8,4
7043964-2,4
7043739-4,1
7029971-4,2
7030551-5,0
7041821-9,0
7041061-3,4
7041153-9,2
7029419-X,2
7031962-4,2
7032484-7,2
7034337-7,0
6911691-5,2
6907253-6,0
6908043-0,4
6908117-4,4
6907952-6,1
6907992-7,1
6907994-0,4
6907996-4,4
6907998-8,2
6908387-2,4
6908363-X,0
6908171-X,2
6909727-0,0
6909726-9,0
6909725-7,4
6909724-5,0
6909161-3,2
6913188-5,0
6913187-3,0
6882777-9,1
6882841-4,3
6882818-9,1
6882817-7,4
6883125-0,3
6881431-7,2
6882183-7,4
6885300-8,0
6886803-2,2
6887154-2,0
6887159-1,0
6886933-5,0
7037914-2,0
7037053-0,3
7037038-4,0
7037244-9,2
7037308-X,1
7037325-X,1
7040224-0,0
7035858-3,0
7035748-6,1
7035750-4,3
7035474-3,3
7024312-0,4
7023699-2,2
7023698-0,4
7023697-9,4
7070458-0,2
6887761-7,2
6892747-2,0
6888215-4,2
6894013-8,1
6894012-6,2
6893724-8,1
6897431-7,3
6896604-7,1
6894853-5,4
6894720-7,4
6496087-5,1
6488139-0,2
6500140-7,3
6493005-0,2
6502043-0,2
6501398-0,1
6501509-7,2
7047206-3,3
7048137-5,4
7052842-4,1
7052841-2,0
7053076-X,0
7053093-X,1
7053238-1,2
7053235-6,3
7049508-3,1
7050032-2,2
7050244-8,2
7050683-5,2
7050682-3,4
7051140-2,0
7046982-3,2
7051320-6,4
7052123-9,0
7052176-8,1
7052174-4,2
7057373-3,3
7057374-5,1
7060758-2,0
7058115-8,1
7057979-1,0
7057655-5,4
7057647-6,1
7057619-1,2
7057602-6,0
7057842-6,2
7057682-8,1
7056617-1,2
7054210-8,0
7054021-3,4
7053920-6,4
7053919-X,4
7053811-0,3
7053534-8,0
7055090-7,1
7054349-7,2
7060024-5,0
7060062-2,3
7060066-X,0
7060101-9,4
7060098-1,2
7060099-3,3
7060111-1,2
7060128-7,3
7060265-7,0
7059511-5,2
7049071-7,4
7049195-4,2
7045541-6,4
7046071-8,4
7046072-X,2
7045709-9,1
7129058-6,4
7128080-3,2
7131352-X,1
7131627-4,0
7133993-2,4
7134813-2,4
7135118-6,4
7141026-7,4
7141080-2,1
7141083-8,2
7141153-4,1
7142319-X,0
7115682-3,2
7117927-2,0
7106224-7,3
7106121-7,2
7106114-X,0
7102529-4,2
7102669-X,3
7102769-4,1
7117288-9,4
7114283-0,0
7113346-3,2
7113053-7,1
7125043-9,1
7120309-0,4
7120828-7,2
7126136-2,4
7126118-0,3
7126122-2,4
7119601-5,3
7119488-0,1
7119446-6,0
7122365-2,1
7121246-8,1
7121213-4,1
7132052-2,4
7097808-3,4
7097784-3,2
7094331-7,0
7108884-3,4
7108829-6,3
7107377-7,3
7107508-9,4
7107645-9,0
7061571-2,1
7061719-X,1
7064621-2,2
7064624-8,4
7065231-3,1
7065230-1,0
7065219-2,0
7065221-0,1
7065220-9,2
7065232-5,4
7065235-0,1
7065239-8,1
7065214-3,4
7065213-1,1
7065212-X,2
7068589-4,1
7068515-8,3
7067305-X,4
7067546-1,0
7067551-5,2
7067550-3,1
7067548-5,1
7067552-7,4
7065702-X,3
7065604-9,2
7069001-1,1
7069568-3,3
7069540-3,0
7069548-8,4
7055824-1,1
7055827-7,3
7055822-8,4
7081514-5,0
7081602-3,2
7081280-3,2
7079609-5,0
7079526-0,4
7079797-0,3
7078642-7,2
7101220-8,4
7093428-5,2
7094089-1,3
6857217-6,0
6860589-X,2
6862252-8,2
6861015-7,2
6860833-9,0
6901781-5,0
6865614-8,3
6867573-0,3
6681036-7,2
6681032-X,3
6681026-4,3
6680973-7,3
6680972-5,1
6680960-9,2
6680990-7,4
6681018-5,4
6681019-7,0
6680949-X,4
6680955-5,4
6681665-0,1
6683249-7,3
6683265-5,3
6682913-3,0
6684272-9,2
6684446-7,2
6684030-5,3
6677218-0,0
6676559-0,1
6676515-2,3
6676513-9,4
6679374-7,1
6680094-3,0
6974496-5,2
6973698-1,1
6974005-0,2
6974023-2,4
6812609-6,3
6812096-8,2
6815307-8,4
6815398-4,1
6814738-X,0
6814326-5,4
6814271-5,2
6814556-2,3
6814558-6,3
6814539-2,0
6814542-2,3
6813946-1,3
6813901-1,0
6970947-0,2
6969902-6,0
6969388-1,1
6969355-8,0
6964975-9,1
6964936-X,4
6964653-6,1
6956983-9,0
6958468-2,4
6965634-9,4
6965632-5,0
6965689-1,1
6965631-3,2
6959539-7,0
6959531-2,4
6960093-4,0
6959938-3,4
6959642-1,1
6960322-7,2
6960200-3,3
6960160-5,4
6967265-3,1
6966421-8,3
6965770-7,4
6966153-6,1
6966158-5,0
6965475-2,4
6961607-0,4
6961606-9,1
6962383-8,0
6963019-2,0
6905663-4,2
6905614-2,0
6905600-2,2
6905606-3,2
6905672-5,3
6905669-5,4
6905668-3,2
6905506-9,4
6900650-4,4
6900994-6,3
6905503-3,3
6905575-6,4
6905571-9,4
6905576-8,4
6905590-2,0
6905586-0,2
6905599-9,3
6905593-8,2
6905558-6,4
6905556-2,3
6905555-0,1
6905554-9,3
6905552-5,3
6905567-7,0
6905566-5,0
6906617-4,0
6906635-6,1
6906650-2,0
6905979-1,3
6907408-0,4
6907412-2,4
6907735-7,4
6907063-X,3
6911413-8,2
6911415-1,0
6911414-X,1
6913684-0,4
6913627-X,4
6913566-4,3
6910745-7,1
6910325-3,1
6910332-0,3
6871683-1,0
6871681-8,0
6871686-7,3
6871679-X,2
6871671-5,0
6871665-X,2
6871662-4,4
6871663-6,0
6871653-3,0
6871916-1,1
6871915-X,1
6871857-X,0
6876891-1,3
6876890-X,0
6876842-X,0
6876843-1,1
6874916-0,3
6875032-4,2
6878429-1,2
6878690-3,1
6866801-5,2
6866789-7,0
6866435-2,1
6866434-0,2
6866410-8,1
6866408-X,2
6866409-1,2
6866413-3,4
6866406-6,4
6866407-8,1
6866405-4,3
6866009-3,4
6879474-2,3
6879481-X,0
6875582-0,1
6875405-X,2
6875367-5,4
6875167-6,2
6877160-6,3
6877174-6,3
7016044-X,1
7016342-X,2
7016335-2,1
7018346-X,0
7018926-1,3
7018927-3,2
7013055-5,4
7013038-5,4
7013590-X,0
7013685-0,2
7014496-2,4
7014447-0,0
7012375-8,4
7012679-9,1
6820427-8,3
6820425-4,3
6820435-7,0
6820433-3,1
6819840-4,0
6819857-X,2
6830827-8,3
6831573-7,0
6831224-1,4
6831790-6,3
6822384-7,0
6817377-X,1
6816873-9,0
6816477-8,4
6819359-0,4
6835872-4,0
6835273-9,1
6835686-5,1
6835687-7,0
6835689-0,3
6835703-2,3
6835648-8,4
6835653-1,1
6847605-6,1
6843438-5,2
6844180-7,4
6818130-3,3
6829856-X,2
7020455-6,0
7020501-X,0
6839983-9,1
6839368-5,4
6839365-X,3
6832143-7,3
6832385-0,1
6832588-5,3
6842079-3,2
6558403-5,1
6557981-X,1
6558175-4,2
6558174-2,0
6564880-6,1
6565863-2,0
6565684-0,1
6564380-3,4
6569313-1,1
6569325-8,1
7278013-4,4
7278573-3,0
7278558-7,1
7274991-8,2
7274992-X,0
7274767-1,4
7275198-0,3
7275415-7,1
7275914-8,4
7275784-8,4
7276378-0,0
7276298-1,1
7281136-7,3
7280771-X,1
7281181-1,3
7281282-8,4
7281286-5,4
7282140-5,3
7282496-3,3
7282246-0,4
7282369-6,0
7278817-8,4
7279877-0,2
7279772-7,2
7279774-0,4
7279666-7,0
7280509-6,0
7280302-4,2
7280139-6,2
7302440-X,3
7301041-7,1
7285287-2,3
7285739-5,0
7285079-4,4
7286378-2,2
7286463-5,3
7286530-6,2
7286719-6,1
7286732-9,3
7285888-1,4
7286156-4,4
7283337-0,3
7283317-5,3
7283302-3,2
7282939-5,4
7282708-6,0
7283890-7,3
7283839-7,2
7289057-0,1
7290577-3,2
7289901-7,3
7289891-7,1
7289947-9,2
7287432-1,4
7287348-0,1
7287349-2,2
7287336-4,3
7288100-2,4
7277462-8,0
7277617-2,3
7271934-8,3
7271933-6,1
7271928-2,0
7271912-9,3
7271910-5,4
7271909-9,2
7271908-7,3
7272049-5,0
7272050-1,4
7272084-7,1
7272101-4,3
7270960-2,4
7242607-2,4
7242606-0,1
7242603-5,1
7242278-5,3
7241998-6,0
7243531-1,2
7243272-0,3
7274379-X,3
7274420-4,3
7273210-6,2
7266883-5,4
7266876-8,0
7269657-4,1
7269458-7,1
7270284-3,3
7270297-1,2
7268380-X,1
7250647-2,1
7250994-4,0
7246729-1,1
7247533-0,1
7247536-6,1
7247642-6,2
7247641-4,0
7243108-8,4
7242973-8,2
7242975-1,0
7242974-X,3
7242937-4,0
7242841-1,4
7242814-9,4
7244103-5,4
7244223-5,1
7244269-7,1
7244008-X,2
7246953-8,2
7248607-0,3
7245220-6,1
7236548-4,4
7235018-7,3
7235069-2,2
7235130-2,2
7235435-5,1
7235434-3,2
7235433-1,4
7235439-2,1
7235438-0,1
7235437-9,2
7235410-0,2
7235537-3,4
7233878-7,4
7234128-8,0
7238556-6,2
7238302-6,3
7238303-8,3
7238301-4,1
7237334-1,3
7229104-5,3
7229091-X,0
7228988-4,3
7228979-3,4
7229306-8,4
7235617-2,3
7235618-4,1
7235631-7,4
7236041-9,4
7228158-X,4
7228310-3,2
7227588-X,4
7227589-1,3
7227585-4,0
7227586-6,0
7227587-8,2
7297346-9,0
7297078-7,0
7315803-3,0
7292255-3,3
7291023-6,2
7296894-5,2
7295268-0,2
7295010-3,1
7295097-8,2
7295084-X,4
7299645-3,3
7299864-6,0
7299979-2,4
7306231-5,3
7305478-1,0
7294699-2,2
7294871-1,1
7294875-9,2
7293095-1,1
7293359-1,3
7293277-9,3
7293514-0,4
7298496-3,4
7298870-5,4
7298757-8,1
7232386-7,4
7232013-9,2
7232072-3,1
7232073-5,1
7231285-4,3
7231038-7,3
7231028-4,2
7230766-7,1
7230900-9,0
7230571-1,2
7230564-4,4
7230622-4,0
7230415-8,4
7230413-4,4
7229696-6,0
7229764-9,4
7227435-6,3
7227439-3,0
7227437-X,0
7227436-8,1
7226954-6,4
7226936-4,4
7226937-6,2
7226934-0,4
7226935-2,1
7226933-9,4
7226893-0,0
7226892-9,3
7226894-2,2
7226889-9,2
7226888-7,2
7226891-7,3
7226890-5,3
7226887-5,2
7226886-3,2
7226465-8,4
7225973-3,4
7225499-7,0
7251764-3,4
7265079-0,1
7264456-1,1
7264459-7,1
7169673-7,3
7169701-9,3
7179463-7,1
7180223-1,0
7093182-7,3
7091434-8,2
7088406-6,4
7090251-2,3
7088267-5,4
7098999-0,3
7098975-8,4
7098604-3,1
7099767-6,3
7097036-1,2
7096459-4,3
7098250-1,3
7205780-8,3
7204954-X,4
7205039-9,4
7206432-0,2
7206403-4,2
7206899-8,3
7207414-5,4
7204314-1,1
7203891-4,1
7201438-X,0
7202496-9,1
7201873-X,3
7197362-1,3
7197375-X,4
7197371-2,2
7197376-1,2
7198156-3,0
7198504-4,2
7199396-X,1
7199645-8,1
7200302-X,4
7211531-3,2
7211700-2,2
7211689-6,1
7211298-9,2
7212603-X,1
7217878-9,4
7218567-7,2
7218610-5,3
7218607-5,3
7215443-0,1
7215263-7,0
7215299-6,3
7216904-0,3
7217137-4,2
7216312-2,2
7219471-0,0
7219472-2,3
7219598-3,3
7219780-5,1
7220217-0,0
7221015-4,1
7217228-8,0
7217549-9,2
7217590-6,4
7240397-0,2
7240439-2,4
7238963-1,0
7238964-3,1
7238984-9,4
7238983-7,1
7238978-3,0
7239056-X,1
7239049-2,4
7239048-0,0
7238886-8,2
7239200-4,4
7237974-X,3
7238138-6,0
7238069-1,1
7237665-5,4
7237873-3,3
7200524-8,3
7201403-2,1
7224619-8,2
7224633-2,2
7224686-1,4
7224360-1,4
7224562-4,3
7225006-9,3
7210254-4,2
7241111-5,3
7241007-9,4
7240839-0,0
7240838-9,2
7240837-7,0
7240841-9,0
7240840-7,1
7241543-5,0
7222255-0,1
7222143-X,1
7222119-2,2
7222565-7,3
7222624-9,1
7222932-1,0
7222955-2,1
7209682-2,0
7209392-1,4
7209411-2,4
7211007-3,3
7210899-1,1
7156825-5,0
7156856-5,0
7156855-3,2
7156283-0,1
7156231-3,4
7156007-7,3
7161963-7,4
7162159-5,1
7162201-1,0
7162581-7,3
7162933-5,0
7163245-6,0
7163713-7,1
7163674-0,4
7163706-X,2
7161753-5,3
7166845-2,3
7167374-2,3
7167240-2,1
7167791-0,0
7142505-9,0
7129521-8,3
7129116-6,1
7129168-3,0
7130602-3,1
7130600-X,1
7130601-1,4
7145249-2,4
7150682-9,1
7150681-7,0
7150711-2,4
7137858-1,0
7138879-5,3
7150563-0,4
7158948-3,0
7158982-3,1
7158733-2,1
7157264-3,0
7157265-5,1
7178428-9,0
7178433-2,3
7179161-X,3
7179174-8,0
7179208-0,3
7179243-2,2
7177255-6,4
7176682-0,1
7176666-2,1
7176990-3,1
7176876-4,2
7183608-2,1
7183869-X,1
7185842-4,4
7184640-5,3
6863194-4,3
6863251-2,0
6863324-4,1
7190199-9,1
7190450-5,4
7189902-3,4
7189965-5,2
7190659-0,4
7194206-9,4
7194184-2,3
7010230-0,3
7008603-5,3
7008602-3,1
7012091-2,4
7010328-7,4
7006315-5,1
7005074-X,0
6977130-3,0
6969127-4,3
6978898-2,4
6978757-5,2
6968849-9,0
6968850-5,1
6968332-0,3
6978289-4,4
6978067-6,2
6988477-9,4
7000467-9,4
6990289-7,4
6990307-6,0
6989835-9,0
6990699-8,2
6990351-9,1
6989154-0,1
6989064-9,4
6989660-9,4
6989483-0,3
6989378-2,3
6986129-2,3
6984562-6,2
6985680-9,1
6985681-0,3
6985672-X,4
6985678-0,0
6388441-7,1
6389741-7,0
6384485-X,2
6384557-X,3
6385161-X,2
6385160-8,4
6384961-X,1
6549105-X,1
6549214-5,3
6626891-1,4
6625727-2,4
6626240-9,0
6652088-5,4
6652071-X,3
6652111-8,3
6652099-X,1
6652518-9,1
6655082-3,0
6655620-0,2
6654215-2,1
6654211-5,0
6654322-4,2
6654323-6,4
6654300-5,4
6665355-6,3
6664719-4,1
6664703-0,0
6661354-9,4
6660764-3,2
6660426-2,3
6660581-4,2
6458596-4,4
6467985-3,4
6468275-5,0
6458244-3,4
6470098-8,4
6470440-8,4
6471563-X,4
6460340-1,1
6461065-9,1
6460610-7,2
6810446-X,0
6810386-6,2
6810504-X,4
6810281-2,1
6801095-8,4
6800347-5,1
6802713-0,2
6802935-9,1
6802916-5,0
6802952-9,0
6802944-X,2
6801890-5,1
6801450-6,4
6765523-9,0
6765171-0,0
7002613-X,2
7001632-7,1
6998365-X,4
6994406-4,4
6994489-1,1
6988242-2,4
7004836-2,3
7007464-8,3
7007465-X,1
6980089-6,1
6979946-6,0
6979641-3,2
6981370-7,1
6981369-0,2
6980626-1,3
7021288-7,1
7021404-7,2
7020942-0,3
7022139-7,2
7015279-X,2
7015393-9,3
7015489-1,3
7015526-4,2
7412007-0,2
7412375-X,3
7412540-1,2
7406897-5,0
7406791-X,1
7407391-8,4
7405675-0,2
7408740-7,4
7408709-2,0
7407652-2,1
7408399-9,4
7408414-2,2
7408413-0,0
7408412-9,1
7408409-9,4
7408408-7,3
7408406-3,2
7408445-2,3
7400023-4,2
7400399-8,0
7398093-5,0
7398361-7,0
7398799-8,2
7381591-8,1
7381572-4,0
7381851-0,3
7387483-2,0
7386165-0,2
7386148-0,2
7386857-3,1
7385147-2,2
7385128-9,4
7386021-8,1
7386070-X,0
7380534-0,0
7379858-2,2
7385795-X,1
7376811-X,0
7375488-7,3
7379095-1,0
7378549-1,2
7378562-4,0
7378261-9,3
7635205-X,4
7638226-6,1
7638169-8,4
7638465-4,0
7639371-1,2
7639211-0,0
7642533-0,4
7641994-0,2
7641900-9,0
7640838-0,4
7641065-3,2
7640702-7,1
7640794-5,2
7639830-1,0
7641334-7,4
7641121-X,4
7659755-5,0
7659750-6,3
7659538-6,1
7659968-2,3
7659947-5,2
7557519-4,4
7560382-9,0
7559636-1,0
7577618-0,3
7578004-X,0
7578083-X,1
7579149-0,2
7579363-4,3
7558279-3,0
7558277-X,0
7554089-1,3
7553896-9,0
7553806-4,1
7553807-6,2
7556485-5,3
7556487-9,4
7556486-7,0
7556866-X,0
7555439-2,1
7512772-8,0
7511727-7,3
7511752-6,3
7511769-1,2
7511111-6,3
7507989-2,1
7509793-8,0
7509282-0,1
7509117-6,2
7514735-5,1
7514693-3,4
7515105-6,2
7518655-1,4
7518596-X,4
7519049-5,1
7519055-0,4
7519429-8,1
7519431-6,1
7519430-4,4
7519425-0,2
7519427-4,3
7519437-7,1
7519436-5,2
7519433-X,1
7519432-8,2
7519435-3,2
7519434-1,1
7519421-3,0
7519358-X,3
7519883-1,2
7516647-X,3
7516768-1,4
7516778-4,0
7517431-3,3
7682555-7,3
7719389-0,1
7720156-2,2
7720132-X,4
7720128-8,1
7720125-2,4
7720494-3,3
7720495-5,0
7720492-X,1
7682006-2,2
7682002-5,0
7681103-5,0
7681192-8,1
7681470-2,0
7680832-7,1
7680994-1,2
7680932-1,4
7679430-0,3
7679342-2,0
7679343-4,2
7678582-6,3
7676758-5,4
7676614-2,2
7675134-9,1
7692524-9,1
7693738-4,1
7690418-6,1
7690955-4,4
7687894-1,3
7687825-4,3
7684194-0,0
7684168-X,0
7685088-7,0
7684866-8,3
7685467-8,3
7686362-0,1
7687089-1,0
7687557-2,3
7687204-X,2
7688490-2,2
7689194-2,2
7685836-6,0
7644172-4,4
7644576-X,2
7643598-2,3
7643715-4,2
7647579-4,2
7644012-3,2
7644105-0,0
7644124-4,4
7644156-6,3
7644042-1,3
7646315-5,1
7646577-4,0
7647127-9,0
7647159-0,2
7647158-9,2
7645370-6,0
7645614-0,4
7650004-0,4
7636737-0,1
7636056-2,4
7636036-7,3
7635564-8,4
7648003-8,4
7648004-X,0
7648008-7,0
7647976-7,1
7647973-1,1
7647972-X,2
7647975-5,4
7650672-3,1
7728117-4,1
7727364-5,3
7728571-8,2
7721269-1,3
7721700-1,4
7721522-1,4
7722099-7,1
7722498-3,4
7723340-7,2
7724979-5,3
7717062-6,3
7717254-6,3
7717922-6,0
7717917-2,4
7718177-9,3
7669961-1,1
7669765-X,4
7675172-6,1
7675435-4,2
7675414-7,2
7675701-2,4
7674038-5,4
7673598-8,0
7673835-X,1
7671842-4,3
7672129-6,0
7698899-9,2
7669221-9,3
7668262-5,1
7668263-7,3
7341798-2,3
7342436-5,2
7342434-1,0
7345017-2,4
7206160-1,1
7206328-4,2
7207610-7,1
7207527-8,2
7207525-4,3
7208919-3,3
7346980-6,1
7346610-3,0
7207448-0,4
7348152-8,0
7348150-4,2
7348146-2,4
7348141-3,4
7348139-5,2
7348135-8,1
7348130-9,1
7348125-5,2
7348123-1,4
7207731-9,2
7207076-7,3
7346923-5,4
7346926-0,1
7346899-0,0
7378139-0,3
7377739-1,4
7377703-2,2
7377717-2,1
7377811-6,2
7377566-5,4
7365040-1,2
7365681-1,0
7367183-5,4
7368042-4,0
7370738-5,4
7370686-0,3
7370685-9,3
7371973-2,4
7371992-6,4
7371996-3,3
7372114-8,1
7372104-5,3
7372332-9,0
7372430-X,0
7357863-X,0
7357734-9,0
7357738-6,0
7357699-X,2
7357717-9,2
7357766-0,1
7569767-8,3
7570397-2,0
7570983-X,1
7571012-4,4
7600065-X,3
7572984-4,1
7573239-4,1
7573311-9,3
7582223-6,3
7582777-X,0
7571381-5,3
7584509-8,1
7583950-7,4
7585645-2,4
7585006-6,0
7321446-8,3
7309257-0,2
7309199-0,0
7309141-2,0
7309139-4,4
7309055-8,0
7309954-7,3
7313193-3,2
7313726-7,0
7313722-X,0
7313718-8,3
7313709-7,4
7313711-5,2
7313735-8,3
7320992-0,0
7320854-9,0
7320957-9,4
7322444-0,4
7321843-0,2
7323540-4,3
7323645-8,2
7308200-8,0
7307815-0,2
7307797-1,0
7308623-7,1
7311230-3,1
7311159-0,2
7537776-0,3
7542617-1,4
7542619-5,1
7542632-8,3
7542848-0,4
7544471-0,3
7549085-4,1
7551568-8,1
7551466-X,1
7551486-5,1
7552139-X,4
7552050-4,3
7545837-5,2
7312091-9,0
7333775-2,3
7333769-7,2
7333764-8,2
7332821-X,4
7331971-1,0
7332023-7,3
7334770-X,2
7333998-2,2
7333993-3,1
7337757-6,2
7337881-8,4
7336635-6,0
7336152-3,3
7336322-4,1
7339831-7,3
7545343-8,1
7546509-3,2
7548353-X,0
7548154-2,2
7548150-5,1
7548148-7,1
7548146-3,0
7548139-6,1
7548131-1,2
7527514-X,2
7527373-5,2
7523204-8,3
7522073-X,2
7351419-0,2
7352036-9,0
7352049-7,0
7351923-5,0
7351934-X,3
7340591-4,3
7340415-5,0
7340407-6,2
7340316-2,3
7340097-2,3
7340040-6,1
7343358-6,1
7343324-0,1
7352355-6,3
7352876-6,0
7352958-9,1
7353144-9,0
7353154-1,2
7354499-1,0
7354498-X,0
7354497-8,3
7354496-6,0
7354565-0,4
7354564-9,3
7354430-9,3
7568051-6,1
7563110-6,1
7562211-6,1
7564298-3,0
7540800-2,0
7536995-7,3
7331765-7,1
7400477-3,2
7401724-4,0
7402322-9,0
7402230-3,4
7402194-2,0
7402874-9,3
7393881-3,2
7394625-1,3
7384517-6,3
7384936-8,3
7383336-4,2
7603546-8,0
7602894-5,0
7602609-0,3
7604887-0,0
7604893-6,4
7604676-7,3
7608769-X,1
7608035-2,0
7607953-9,4
7608300-9,3
7607396-8,1
7607400-7,1
7606928-3,0
7607120-9,2
7607190-8,3
7606473-5,2
7654088-5,0
7655121-7,0
7655120-5,4
7655492-1,2
7656724-6,4
7658335-5,1
7659383-1,1
7659145-5,3
7659157-1,0
7658859-0,4
7658580-9,3
7612166-0,0
7611229-3,1
7611237-2,4
7611161-5,0
7617563-5,2
7617638-0,3
7798827-1,2
7799318-4,0
7800094-7,3
7800217-X,3
7814259-1,0
7814241-4,3
7814254-2,1
7814547-9,1
7811857-6,2
7812901-2,4
7812115-6,1
7812418-5,3
7809246-3,0
7810864-7,4
7810873-8,0
7810874-X,0
7810744-7,4
7810071-8,0
7807823-7,3
7807921-8,4
7807036-9,0
7807112-0,4
7808922-6,4
7809023-3,0
7808547-2,0
7808414-4,1
7820713-9,0
7629649-X,2
7629652-X,1
7629679-8,4
7629616-6,4
7629617-8,1
7629412-X,4
7629415-5,0
7629436-2,0
7629357-5,3
7629356-3,1
7629359-9,3
7629358-7,1
7629353-8,0
7629355-1,1
7629364-2,2
7629365-4,3
7629366-6,0
7629367-8,3
7630000-X,2
7627023-3,0
7626964-0,2
7631172-3,4
7632371-7,3
7621587-1,0
7627719-3,3
7627512-1,1
7628688-2,4
7628466-4,3
7628340-3,0
7628341-5,1
7628337-3,3
7628338-5,1
7628339-7,0
7633913-8,2
7634226-0,1
7630894-8,4
7630895-X,2
7622417-4,3
7833629-9,3
7806382-2,2
7806697-8,2
7806785-6,4
7806775-3,0
7803336-7,3
7803431-2,2
7804133-9,1
7808101-2,4
7808169-3,4
7823253-6,0
7823254-8,3
7821494-5,4
7821486-6,3
7821525-2,4
7804612-4,4
7804667-7,4
7802153-1,3
7800456-8,0
7800472-6,1
7813648-9,4
7813965-2,0
7813964-0,2
7813980-9,2
7814875-7,2
7814758-2,1
7814757-0,1
7802803-X,4
7802761-8,1
7802548-6,3
7589649-5,1
7589653-7,2
7586772-6,0
7590388-5,2
7590265-X,1
7590164-3,0
7590165-5,3
7588888-7,2
7600072-7,4
7600033-8,1
7600035-1,0
7600036-3,3
7595306-1,2
7594742-7,4
7594740-3,2
7594741-5,3
7594568-4,3
7594801-9,3
7594817-2,1
7598316-3,4
7598302-3,3
7597724-4,4
7597476-8,3
7596658-9,4
7862736-X,1
7838152-3,3
7851994-3,0
7861470-X,0
7619030-1,0
7620303-7,4
7619653-X,4
7619663-2,2
7625260-5,4
7625383-0,3
7625379-9,4
7625345-3,0
7625570-1,1
7625618-4,3
7625722-0,1
7625911-5,4
7626067-5,1
7626038-9,1
7626030-4,1
7626196-6,2
7623337-1,0
7593138-1,2
7593822-X,3
7593554-8,4
7591972-5,2
7592694-7,2
7592679-0,0
7623482-0,1
7622664-1,4
7623062-7,2
7624624-3,3
7624104-5,0
7860665-9,4
7841468-8,2
7842537-9,0
7842378-2,3
7843382-0,2
7835209-8,0
7835632-1,3
7844690-X,1
7844678-9,3
7860089-4,1
7859456-4,2
7858800-1,3
7858804-9,2
7858755-X,1
7805094-9,4
7804963-3,4
7804958-X,1
7805053-6,1
7805338-3,4
7805560-6,3
7832880-1,2
7833136-3,3
7499168-2,4
7498898-6,0
7499634-X,3
7494254-5,2
7494180-1,0
7493682-1,1
7497515-9,3
7499382-6,2
7498525-8,4
7501779-2,2
7500655-9,3
7502915-4,0
7503785-0,3
7502207-3,1
7502248-6,4
7737223-X,1
7789159-6,4
7789163-8,4
7789202-4,2
7789054-2,3
7736426-8,0
7734241-2,1
7733661-X,2
7733492-0,0
7734820-2,3
7734546-5,3
7740326-7,1
7740184-0,0
7740182-7,0
7740265-1,1
7740262-6,3
7740910-0,4
7428860-0,3
7428935-6,0
7428870-3,2
7429730-4,3
7429812-7,3
7422095-3,4
7422975-9,1
7422854-7,0
7422707-4,4
7422618-4,3
7424091-9,2
7424734-X,1
7421655-3,4
7420590-4,0
7420898-2,0
7420203-1,1
7415308-5,0
7425867-4,3
7419767-3,4
7419883-6,4
7419221-9,2
7418490-9,1
7417800-6,4
7417498-7,3
7417071-0,0
7416387-1,1
7416136-7,2
7415904-5,2
7410785-8,0
7410877-3,0
7410899-2,3
7413114-9,4
7413457-9,0
7781339-9,4
7781363-6,4
7780876-0,3
7781544-1,4
7782201-8,2
7784445-8,1
7783645-0,2
7783830-8,2
7784534-8,4
7787184-2,2
7787211-2,3
7786776-4,4
7405410-6,2
7405409-X,3
7405541-0,1
7405139-4,0
7393116-1,3
7389944-9,0
7390083-1,0
7403197-4,3
7403199-8,4
7389591-9,4
7396307-9,4
7396304-3,3
7396305-5,4
7396239-6,4
7396082-8,3
7395489-2,3
7397263-X,3
7396754-5,4
7393921-1,1
7768584-3,1
7777351-6,4
7778454-2,4
7779087-4,1
7779589-0,2
7775718-3,2
7777191-8,1
7777425-X,1
7773934-8,2
7774416-X,2
7774716-3,4
7774952-6,2
7774933-2,2
7774881-8,4
7775291-X,0
7753695-9,3
7752234-6,1
7750492-5,0
7757500-6,2
7757744-3,4
7757745-5,2
7756935-5,3
7757164-1,0
7755998-0,4
7755997-9,2
7755474-5,3
7755528-3,3
7755241-2,0
7755221-7,1
7757910-7,1
7758608-1,2
7765003-8,1
7738225-X,1
7737715-3,0
7739315-8,3
7748256-1,1
7748421-3,0
7748387-6,1
7749248-9,0
7746357-5,3
7745183-0,1
7745224-0,1
7745225-2,4
7741577-8,2
7743705-7,0
7744338-9,1
7744171-8,2
7489533-1,1
7489359-9,1
7489258-2,2
7488872-8,1
7487907-6,1
7487704-1,3
7487693-X,3
7491332-1,4
7491094-8,0
7491300-X,4
7490539-7,4
7492957-X,1
7491620-9,4
7495388-1,1
7495580-6,0
7495581-8,3
7494821-9,2
7494885-2,1
7495937-3,3
7496509-7,3
7457164-5,0
7457367-X,3
7457353-X,4
7457631-4,0
7457557-6,1
7457561-8,0
7458558-4,0
7455073-9,3
7455435-X,1
7455452-X,1
7455444-0,4
7455904-2,4
7455913-3,4
7455777-8,3
7456302-8,0
7456585-4,1
7454357-8,0
7451338-5,2
7707358-6,1
7702049-X,4
7702322-5,2
7700481-1,1
7700500-2,1
7700499-9,2
7701314-X,3
7731184-5,4
7730239-9,0
7730080-7,2
7729615-X,0
7731269-3,2
7731279-6,4
7732900-9,0
7732899-5,1
7732936-8,4
7732359-1,3
7725600-2,3
7725342-3,0
7726968-3,3
7754743-2,1
7761186-4,3
7760935-9,3
7760940-2,4
7761666-1,2
7762919-3,4
7714670-3,2
7760075-9,4
7758853-5,4
7759794-X,0
7713653-7,3
7713608-2,3
7712783-3,2
7716829-8,3
7716467-7,1
7716216-2,2
7764299-6,0
7764849-X,2
7764977-9,4
7763346-5,2
7763898-5,1
7763893-6,2
7763718-9,3
111401021,0
109657853,2
111893211,4
111893201,3
110626301,0
110625781,1
110625223,0
111408912,1
111894581,2
111409731,2
111895191,0
110147012,4
110147382,4
110147432,1
110147132,0
110147122,0
109024242,1
110146292,2
110148492,1
110148302,3
110148262,0
111842901,4
111843111,2
111843671,1
110965592,4
109838771,0
110471013,4
110967941,1
110976702,0
111587201,4
971996612,0
110488091,3
110981991,1
111064011,0
111920912,2
111920461,0
111931561,3
110507872,0
110507811,2
110509081,0
110509862,0
112053101,3
112053081,4
112052841,4
112052761,1
112050441,1
110076001,1
110082571,1
110082641,2
92922013,4
110082721,1
111495162,2
112055191,0
110081831,1
112055451,1
112043891,2
110991391,3
111566681,1
104981596,4
112116661,3
110996571,2
110996831,0
98890532,0
110993702,2
111000771,0
110437111,3
110997861,2
110438642,2
110599471,1
109987141,3
111109821,4
111949241,2
111951021,4
111088642,1
111091201,2
111466321,1
111109681,0
107042503,0
110612631,1
111548241,3
94390265,0
111015261,3
109851071,1
109892092,1
112113201,2
111549481,1
111012321,2
110458233,2
110462142,1
110962001,2
103280962,0
110960941,1
111577351,0
111581661,4
111092832,0
110030521,0
111969591,4
111094092,0
111961181,0
111958511,0
111461641,0
111087511,1
108016523,4
111088231,0
109971761,3
108915881,0
108916541,0
107238101,0
93148134,1
108889232,4
107788491,4
107226201,1
107789711,4
108359011,2
109306822,2
111306331,2
110736631,2
1047860712,4
110736181,4
111811011,1
110221421,1
107433912,1
111808331,3
111321964,2
110696791,0
110696841,2
110210971,1
109823031,4
110259951,2
106898822,2
112199381,3
110820201,0
112207011,0
110248481,3
106892742,1
111222211,3
111222051,2
112208651,0
111337321,3
109583182,0
107442242,2
110715961,2
107440772,2
107440822,3
110720441,2
111331142,3
112945881,0
109589633,0
96613022,2
111335121,2
110698012,3
110696701,3
112204251,0
104438322,4
112203241,0
112203291,2
111238561,0
111238251,1
111238311,0
111739011,2
96365532,1
111249371,1
110794831,0
1025400517,1
112231321,4
109790762,0
109790781,0
112235801,0
112235561,2
96360123,2
110295031,2
112235261,4
109794342,0
112237701,1
109820622,1
111231451,4
110791701,4
110276041,2
111279481,2
111764981,4
110766291,1
112243771,0
105271012,0
112243601,1
112242971,0
112253201,3
111275211,3
109800871,0
112246471,3
110773521,0
109787561,4
111266411,2
111181521,2
110308781,1
109742631,2
110307101,1
111734631,1
110753902,0
111293961,1
110724944,4
111298751,4
110726511,4
111304051,2
110743311,0
101734964,3
109081645,0
109833351,1
112206931,0
111342632,0
112211811,2
104444636,2
111788271,3
111245341,0
111029671,4
110044151,0
110048791,1
112024311,0
111523761,3
110551951,4
110057313,1
110544671,3
106660764,1
112151511,2
112150781,2
112150961,4
112153871,1
109917231,1
112155111,1
92132824,3
110901121,1
113642811,2
112302551,4
112311771,2
112305421,1
113652271,2
107841003,2
112327711,3
112182312,3
114726221,2
112218372,3
110233773,0
110232962,4
115703831,0
108868845,3
114688881,3
113252893,4
971996613,0
108607652,4
115444801,1
112486792,3
107479933,4
112696744,0
113249311,3
112696451,1
115386471,0
112533471,4
112526821,4
114529311,3
113418751,1
113423012,0
113423022,0
68902063,0
114456321,1
112472101,4
115737921,4
115737911,1
111335112,1
112448661,3
112448601,0
112382821,1
112425501,0
112425971,4
112424591,1
112423131,3
112422411,4
109055604,3
112416181,3
112414441,2
108921334,1
113522822,1
111321966,4
112427641,0
112427651,4
112242953,3
115689811,1
115689881,2
115683531,1
113685611,0
113685781,3
112281422,3
113157442,4
114831371,1
110949164,2
116486071,4
118311972,3
117577971,3
113635922,2
118129991,2
116839731,3
118695441,1
118148061,4
118147461,4
115856132,4
110680472,2
117341851,3
118115271,4
118118332,2
118750211,4
116830781,1
92764823,2
116820121,2
118140322,3
115909281,1
115905151,3
113402102,3
117025422,4
118303883,1
117019962,3
116458321,0
117021972,2
118355381,3
118356491,4
118356321,3
118357321,3
117015263,1
117015531,2
118789931,0
118789161,4
117809331,1
118307041,3
118315021,0
116983481,4
116498061,3
118755691,4
117775191,1
118328541,2
118333931,2
118336141,3
113104053,1
116504252,4
116990404,3
116973353,2
116972502,4
116966612,2
117013961,3
115886911,4
117010392,0
117787473,4
115891911,4
116519222,2
118783321,0
116522491,2
117785371,2
116522501,2
117005411,4
114533172,0
107079872,2
118351751,0
118769381,4
118769391,4
118769441,0
117772541,2
118791571,4
118742621,1
117612381,1
118730161,0
115120553,4
116379141,3
118116271,1
117608911,0
118100972,2
115831762,1
118124991,4
116391482,1
118127651,1
117823861,3
117824323,2
118717101,2
118716821,3
118156691,4
118157181,3
118157251,0
118160762,0
118160231,3
118158911,2
115923121,3
83992682,4
118140501,1
117585991,3
117582461,0
116819543,3
117580211,3
117573622,1
117572892,1
117574112,2
102340234,3
118117001,0
118116921,1
118116981,0
118116971,1
118116961,1
118116941,3
118117281,2
118117251,4
118117261,2
118117271,3
115114682,4
118736591,3
116385602,2
116370182,2
118105701,0
118106521,4
116368441,2
117615331,3
118108961,3
118109061,0
117615801,3
118103623,3
116363531,0
116363621,3
118112161,4
113720881,2
113720271,1
112255102,4
112270632,2
988790111,4
112269262,1
114799691,0
115667541,4
98896309,4
114320541,2
113332571,0
112647441,0
113309641,4
113313542,4
114961201,4
113972621,3
113978991,1
113030411,0
115009011,1
114988171,3
114247692,2
115240351,1
115198651,4
114094541,2
112726541,2
106374603,4
112781531,0
112781361,2
112783332,0
115175051,2
114046711,2
111843123,4
114043361,4
105236916,4
109611503,2
111805084,2
109602632,1
112920872,2
103974146,4
112926311,0
118415031,4
118414691,0
107148202,1
109913617,2
113172459,1
116559081,3
113369055,4
118403411,1
118415991,4
118418691,3
117066112,3
116095191,4
115260941,4
110762782,3
760378012,0
115290171,4
112740731,4
114091071,3
106414022,0
114239921,2
115216291,0
115214931,0
112839102,2
112843771,0
115252462,2
114272691,0
115247911,2
112843781,1
115296921,3
111685313,1
114198261,4
108286414,4
114164012,4
115339682,0
115317191,0
109731955,3
114044451,2
114036801,0
114038032,1
108447832,2
111846042,3
115161101,1
115139901,3
114151951,0
114152281,3
100727532,2
99192797,0
112160203,4
112132472,2
112312671,0
109223822,0
111213872,4
113120951,0
113121521,2
113121881,3
113122781,1
113873322,1
113951361,1
111961182,3
113951821,2
109971762,1
113960471,4
113939941,1
113947281,3
113950491,0
113065511,2
112900852,1
115126731,4
114141171,3
115114681,1
115135401,0
113213441,4
113197191,0
113820411,4
100515467,0
113196471,4
113196791,1
113197001,2
113810681,4
113195801,4
113196091,3
113987381,4
111063433,4
106161503,3
114934251,0
112053092,1
112053113,2
113998702,2
114130162,0
115093202,2
112910231,4
112906111,3
113941951,4
105104585,0
113918991,2
106091722,3
115002661,0
113904661,2
115018661,4
113914141,0
113955081,4
113239981,1
112120493,3
104981597,2
113242221,1
113233911,4
987853610,1
113787642,2
113785171,4
113223391,4
113223371,4
113223421,4
113223401,4
113223171,0
113223561,1
113223581,3
113223601,2
113223531,0
113223541,0
112001522,1
115014361,3
987980710,2
104095754,1
113920233,2
113175791,4
113855642,4
113168331,3
110929542,4
113636892,2
113630001,4
112353241,1
113624512,3
112351171,0
108990765,0
112376981,2
112388671,2
112394071,2
112378291,1
113594901,1
113598232,0
112410191,0
112403681,3
112403671,0
115453201,1
114459592,3
101636734,4
112465321,4
112466951,2
115375891,0
112339382,4
112340331,4
114589821,3
112344844,0
112344851,3
112344182,1
113616512,0
113446891,1
101609673,4
113453941,3
111510743,2
113434422,0
113365961,2
108751553,0
113282561,4
112656811,2
113263661,0
107718542,1
114382501,1
113255891,4
109745101,0
110863132,2
111175742,4
112297191,3
112296821,1
111185421,3
110837793,1
112305521,4
112302471,0
111199521,4
113397021,2
115351581,3
113400261,2
115358741,3
113401922,2
107151001,3
107150971,4
107150531,0
108258541,4
107140301,4
108741302,2
107641721,4
107100621,1
107094301,1
107657121,3
107097163,3
107656201,0
107656571,3
107097581,4
107097591,1
109443911,1
107666461,0
107666491,1
107103771,2
107103991,2
107654731,1
94713192,1
96702651,4
96244681,4
97692291,1
97692301,0
96704671,4
96683131,3
97673971,2
96686552,2
96216241,2
96216091,2
99211261,3
99211141,4
96217231,0
97237021,4
99211301,3
99211271,0
96352521,3
94133782,0
95350685,2
96341601,1
96341543,2
97527921,4
96457291,3
97645911,1
97021401,4
96467382,2
96528112,2
96452743,3
96452801,2
85759514,4
96358102,1
95390282,4
95390452,4
96383211,4
96376461,1
96376441,3
96376381,4
96377072,0
96571451,4
96378551,0
97062311,4
96574063,4
96360121,0
96362141,4
96361941,3
92639685,3
96637231,2
96311321,0
96306051,3
97761941,4
97761921,2
96305891,3
96297151,3
95810111,1
97188371,0
96299271,3
96295892,0
88967212,3
97303871,3
97293391,2
92336762,2
95030823,2
97297101,2
96753821,4
93923782,4
92804182,4
96761461,1
96173751,2
96173631,3
96761183,3
96172861,2
97078221,2
96591431,4
96591401,3
96392461,1
96391802,4
96391891,0
86951462,1
86951912,0
86951722,4
96567401,4
96384001,3
96366032,1
95875181,0
96365531,1
95873211,1
97097591,0
96344891,4
96345061,0
97527601,1
96345391,1
96543711,3
96349921,0
97520411,2
97101061,1
91942832,0
86979942,1
97599361,4
73483223,2
97032421,0
91940522,2
96411682,2
98446361,2
97957211,0
98446621,2
100420311,2
98445361,4
96960922,2
97955431,2
100422981,0
97453372,3
91607172,1
98447911,2
98440831,0
87406606,4
96212761,0
91867853,1
96213502,4
96213121,1
91758652,0
96336041,1
96663322,2
96334341,2
96335571,3
91761762,4
96335701,2
96332492,2
97156802,2
96462011,4
97023441,3
96528831,4
96447011,4
97006761,0
97001911,2
97001833,4
90164213,0
102586011,4
102104581,2
100494293,4
101468991,0
102098321,4
102099771,4
100981541,0
101977662,3
101977681,3
101006711,2
98884442,3
98505022,1
101004391,0
100498391,1
100498401,4
101559131,3
101554741,0
98027683,1
102545861,3
102545781,2
101550841,0
101012251,4
100473572,1
102556392,3
102556561,0
93534723,4
101569283,4
102499271,4
100480813,1
102554491,1
93425074,3
102351931,2
99161662,0
101671561,1
101677602,2
102648571,0
100684421,1
102363611,4
102036331,3
100502862,3
100502872,1
102172141,4
101088282,2
100583871,2
100584831,1
101585822,2
100581891,2
102709941,3
102674552,4
101680961,4
102672821,4
102672891,0
102106281,2
92175382,1
100602621,3
100617631,4
102673831,2
101687031,0
81720856,3
98357591,1
97798434,1
98358011,3
98357982,3
98358141,3
98358061,1
98358021,3
98358171,2
100125521,3
100125591,1
104087771,0
96180723,4
89923622,1
91675823,1
99513221,2
88446002,4
99514721,4
98381121,3
100128371,4
98381491,1
99501831,2
100628461,1
100628391,0
98375351,0
93968312,4
100628221,3
100628151,3
100629281,3
100629261,2
100629341,4
100629171,1
100629051,1
100629031,0
100628881,2
100628971,4
100628821,0
100628851,1
100628691,1
100628491,3
100628551,3
100628601,0
100628581,2
100630491,3
98370421,0
97884562,0
97884513,4
99008651,3
92335934,2
101665131,1
101665612,2
96754073,0
99532385,3
102654041,0
100646861,2
102653931,0
101674151,1
100487311,1
100488161,3
98018681,2
98018691,2
98890531,0
100468021,3
98849211,1
100530651,3
99404121,2
64732034,4
97979821,3
97978921,4
98851491,1
98851082,3
98851201,1
98844781,4
97982851,4
98548911,4
98549071,1
98549211,0
96707431,1
91848215,4
96709471,3
97682381,2
97199301,0
96713111,3
97249691,0
96243141,1
97196301,4
96241542,1
96701533,0
89864604,0
97679851,1
96685871,4
91921732,2
98164791,4
98164761,0
98707541,4
98708401,2
98167961,4
98705581,4
98167501,2
98167361,0
98167301,3
98705111,0
100397591,3
100397941,2
98145051,1
98154111,0
100391611,2
98155302,3
100392261,2
100392701,2
99256831,2
98157792,0
98700311,1
98160461,1
8103217-8,3
8108345-9,2
8110054-7,1
8102287-0,4
8103895-3,1
8103117-3,2
8103118-5,1
8102987-2,3
8017464-7,3
8017465-9,4
8017466-0,2
8017467-2,1
8017468-4,1
8017469-6,4
8017470-2,1
8017471-4,3
8017460-X,2
8017461-1,1
8017462-3,3
8017463-5,1
8017496-9,4
8017494-5,1
8017495-7,4
8017492-1,3
8017493-3,0
8017491-X,0
8017488-X,0
8017489-1,4
8017487-8,4
8017486-6,0
8017478-7,4
8017477-5,1
8017476-3,1
8017475-1,3
8017474-X,0
8017473-8,3
8017472-6,0
8017562-8,1
8018361-3,2
8018341-8,3
8018299-1,0
8018196-1,4
8025114-9,4
8025603-7,2
8031623-9,1
8029012-6,3
8028986-7,3
8028362-7,3
8028414-1,0
8028304-4,0
8028303-2,2
8028346-9,3
8028627-9,1
8028600-0,1
8028470-0,1
8030160-5,4
8030054-5,3
8043424-6,0
8043048-0,1
8043183-7,2
8044379-0,2
8044383-2,2
8044380-7,1
8044400-X,3
8044401-1,3
8044403-5,4
8044405-9,3
8044406-0,3
8044407-2,0
8044415-1,0
8044385-6,1
8044386-8,3
8044389-3,4
8044391-1,0
8044390-X,4
8044393-5,3
8044394-7,3
8044396-0,2
8044398-4,3
8044442-4,0
8044441-2,4
8044438-2,1
8044432-1,4
8044431-X,4
8044428-X,4
8044426-6,0
8044427-8,2
8044425-4,2
8044422-9,4
8044421-7,2
8044449-7,1
8044109-2,4
8036487-5,0
8036587-X,4
8036474-7,1
8036473-5,4
8036855-1,3
8036686-2,3
8036692-8,2
8037008-3,4
8037792-9,3
8037664-X,0
8041157-3,1
8041158-5,3
8041840-X,2
8041655-2,2
8098381-3,1
8098407-7,1
8104605-6,3
8104852-3,0
7967378-3,3
7893079-6,0
7893732-4,1
7897040-7,2
7897034-1,0
7889463-7,4
7892680-3,1
7884894-3,2
7885253-X,4
7965609-7,0
7964314-0,3
7964461-3,1
7964495-9,3
7968843-5,1
7969570-0,3
7968212-8,2
7967877-4,1
7968323-7,2
7869729-7,2
7868956-2,2
7876434-X,0
7874693-0,1
7864417-5,1
7867843-3,3
7866988-1,1
7651779-7,0
7652701-X,4
7652628-3,4
7653946-5,4
7928129-1,2
7928051-0,0
7928538-0,3
7928387-3,3
7929840-9,3
7918516-X,4
7917671-5,2
7919550-6,0
7919596-8,1
7395003-1,2
7388615-2,0
7388645-0,2
7388204-X,1
7389078-3,0
7388777-7,2
109913618,2
124902353,2
127859291,4
125390732,4
127809751,3
123744252,3
125417831,4
126338831,0
123901502,3
123901492,3
122799062,3
102740832,0
122809944,0
121691446,3
122808551,1
124399041,1
124398351,2
989031511,0
123299311,2
122812776,1
122810602,0
124404201,1
123280391,4
125035681,3
122788311,2
123915181,0
126872131,1
123414792,3
127847871,0
127847891,2
95027085,3
125411832,3
127801411,1
105431772,4
125412371,2
125412381,0
126865451,2
126869851,2
127272951,4
126852671,1
122309373,3
124878992,0
127273051,2
126302511,1
126305431,3
127827241,3
987853615,1
126352241,4
126230182,3
99371602,4
122545821,1
122545971,2
123525631,2
122973702,2
124204151,4
122544061,0
122498231,4
122476682,3
123473471,3
988790119,1
120728502,1
122493751,0
122494291,1
124228101,4
118056742,2
122946261,4
116749825,4
124777911,4
122521701,2
124720581,4
122523141,2
122523612,3
124194191,1
125188241,3
123490492,2
124769441,4
124769301,1
122534551,1
120733722,3
122961141,2
124778021,0
123513061,2
122958551,0
123506493,4
126348002,3
127326101,0
127901981,3
126350571,0
121379051,3
118940331,2
118455352,1
121380991,2
121841681,2
121388771,2
120892561,4
121072752,4
118268813,0
122378021,1
122885551,4
124875151,1
122335551,0
122376201,0
122878281,3
122375551,3
122373221,1
124331841,3
102545862,2
102545782,3
123401291,1
124363981,2
122835501,1
124358841,0
122419151,4
123825861,1
122823682,3
123828131,0
120946671,1
121826951,0
121827001,2
121827251,3
121827141,2
118952581,2
121828371,3
121825481,2
120940731,0
120940652,1
118950811,3
118400862,4
113365963,2
119815221,1
120916731,4
121475401,0
121475391,1
118974032,2
118974021,2
118974061,0
118974051,2
118973981,1
118974011,4
118974171,4
118974181,2
118974191,1
118974082,4
118974091,3
118974141,3
118974281,0
118974301,1
118974291,3
118974311,1
118974321,3
118974211,1
118974251,2
118974241,2
118878452,4
119369591,0
119369641,3
119369601,4
119974031,1
119366111,0
119366131,3
118881881,1
119312051,2
122250011,4
122251431,2
121554011,2
121554021,2
121554931,0
122246911,3
118330012,1
122402782,4
123817842,4
124812661,3
122401781,4
124375091,3
124373771,2
971996618,3
123903002,3
122806001,4
122806261,2
123734051,4
124294431,1
124294441,2
123454832,3
122903741,2
123735131,3
123735171,0
124869821,0
124318651,2
122881241,2
122881581,1
124862552,0
122324871,0
122324161,0
123364631,3
123364871,2
122910472,0
123410011,0
123410091,1
123410061,2
124272961,0
123408981,4
123408921,0
119524155,4
122905894,2
122897211,1
123458781,3
123340591,4
124838382,0
124369361,1
122411051,0
121848424,2
124785881,4
123399841,4
122407791,0
123389424,1
101515834,2
123388931,2
123803362,0
122869011,4
123836632,4
121865753,2
124825041,2
987853614,4
123349811,1
123861291,4
124342731,2
124345371,2
122365724,2
115530432,3
126736701,4
127169251,1
123901503,4
127149192,1
127148721,2
126714902,1
97343167,0
126742751,4
127164192,2
119398093,0
112465418,2
126185811,1
127743531,1
127748781,3
126126011,1
124913772,1
127740361,2
127783971,4
125464321,4
126116041,3
125497231,4
123948972,1
126130671,3
124342644,3
126254453,0
126804031,0
127869481,0
126244561,4
124836462,2
118480052,3
125477561,3
124920792,3
122725222,2
123929415,0
126134182,3
123817843,4
127155371,2
127393171,3
127393271,3
125368681,4
118822696,0
126222181,1
126190671,2
126190692,0
126191531,2
126107641,0
126105844,1
126213151,0
127200491,4
127212641,4
127189561,4
127203761,0
124993602,1
126197161,4
127677701,1
124990232,3
127181641,3
125565791,4
126217591,2
126214421,0
125564611,4
125564861,1
125564851,3
127171401,0
127171651,4
127727894,0
125548961,0
127667021,3
125545531,3
127880371,4
127726361,3
111147642,4
127222921,0
122251432,3
127776661,4
127201931,0
126270221,1
125353772,0
126761721,2
122367222,1
117461771,2
116866791,1
117417873,2
117671072,4
117676982,1
116860581,0
112769852,1
116217721,1
118020941,1
116217431,0
117456922,0
118021704,1
118595931,4
114800202,0
117220602,0
116160381,1
118079531,2
117275931,3
118080311,3
118080341,2
118080321,2
118080331,0
118079121,2
118079131,4
118079161,1
118079151,3
118079191,0
118079171,3
118079181,0
118079201,1
118313061,0
118313621,3
117025674,0
118293361,3
115929271,0
116479121,2
116478861,1
112562202,2
116478241,0
118800721,3
99532387,1
115926081,2
115925451,1
118318001,3
115928802,0
116347563,0
117588461,1
116891161,3
118626101,4
118207191,2
116275721,4
109610892,4
118210761,2
114668013,3
118623391,0
116301521,2
116855931,1
116856301,2
116858071,2
116852121,2
116851781,0
111345444,3
117411991,4
117470132,4
113744802,4
106899584,3
100272113,2
118028311,1
117688231,2
118682471,0
118184771,0
117690711,3
118678331,4
118678321,3
111321968,0
116324921,1
116323161,4
116324201,1
116320942,2
116869101,2
118671911,2
118670992,1
115767702,2
118165871,0
118567731,4
116200572,3
110766292,0
116243781,0
116243801,0
118593181,3
117182961,1
118559081,0
118010832,4
116196501,3
117187102,0
118652601,3
116913211,4
118648051,2
118629421,2
116261651,4
111847324,3
116901401,3
115162472,3
118634021,3
118635851,1
117230581,1
118608971,2
118614731,0
115252292,1
114688882,1
117982781,0
118615481,1
118616861,0
113717202,4
110773523,0
118616441,0
121045211,4
121669961,3
122164941,4
119400042,4
120502841,0
121605711,1
118850701,2
122217691,4
122216461,2
119345751,2
121597761,0
121107442,4
119983261,2
122267281,2
120040541,3
122260161,0
121706181,0
120529301,1
121014381,1
121014371,4
120105181,0
118147473,1
118714832,1
120108821,4
120659721,3
120659671,4
122311361,2
122944511,4
124896191,2
122295461,0
123414681,0
123414791,1
123409741,4
123409731,2
123788622,4
123409911,3
123409971,3
123409931,3
123410041,1
123410031,3
122303563,2
124277762,0
123404991,1
123404981,2
123405131,2
123405151,1
123405061,1
123405081,1
123405091,2
123405101,2
123405111,2
123744251,0
121336411,0
119086181,0
120213481,2
120213471,2
120213461,1
120213451,1
120213441,2
120213431,0
120213421,2
121338001,4
121926041,2
120847921,1
119716742,0
120213681,2
120213691,4
120213661,0
120213641,2
120213731,4
120213721,3
120213701,3
120213711,0
120213551,1
120213541,1
120213531,4
120213522,1
120213511,2
120213631,4
120213611,4
120213601,4
120213591,0
120213581,1
120213571,1
120213801,3
120213821,3
120213811,1
120213791,2
120213781,3
120213871,0
120213861,4
120213881,2
120213831,1
120213851,3
120213841,2
121333911,0
121325471,0
117969093,3
119091081,4
92665773,4
120202661,3
120816491,0
121902051,3
121315121,4
115247913,1
100856952,1
121898961,1
117973233,0
121328731,3
121919662,0
118498152,1
120737101,3
120744332,0
110313604,3
118079142,1
120747571,1
119049891,0
122021921,3
120743771,4
119756182,1
119771492,0
119773121,0
117568875,3
121975871,2
119031982,3
120763981,4
119066482,1
121285731,3
120726101,1
120725981,2
119070503,1
120728501,0
122146311,3
119632021,3
120603791,1
120603941,0
122149731,0
110148493,4
120591751,4
120591791,1
120608071,0
120609062,0
122145051,1
122146281,1
122146291,4
122146301,4
122146241,1
122146251,4
122146261,4
122146211,4
122146221,2
122146231,3
122146191,4
119180432,4
119180351,2
98630973,0
121962881,1
121963701,4
120755931,0
116183682,2
120753412,0
119025161,3
118533762,4
120779231,4
117960432,0
117960282,2
117702691,3
117734101,4
116441521,3
118817881,4
115941634,4
118271741,3
117715391,1
118260591,2
116435532,2
118263021,2
117707831,0
118263081,0
118272381,4
116430311,1
117712261,0
117712543,4
118264871,4
117742581,0
116965361,1
115969991,2
118233751,1
116407891,2
116407311,2
116407702,0
117752951,4
115955502,4
116457142,4
115989201,2
86479306,2
116565581,1
116084241,4
116581421,0
118393501,3
117076471,0
117839511,2
117077892,4
116563853,3
110929572,1
118437001,3
116592551,1
118434181,2
116040501,4
116039941,1
118423771,0
116597731,1
116596131,0
117151902,2
118447091,3
117950521,2
116619241,3
116619251,0
113260872,0
118442411,4
118383942,2
116123741,1
118376921,2
116551101,4
117890831,1
118376301,2
112159703,0
116530281,3
117080493,4
118374051,0
118370381,2
116111622,4
118390201,4
116126593,1
118388801,0
116622731,0
116633062,1
118276391,4
118276401,3
116452341,0
118231161,0
115002462,0
115992151,0
111047132,0
118850011,1
116949452,1
118242821,0
118242833,2
118243181,2
116950691,3
116642262,0
116643361,3
118488901,3
117130651,0
116037261,4
116039391,0
92961424,0
118427341,0
118436781,2
117942451,4
117914851,2
117915091,3
110438645,4
113239548,0
115528382,2
118474302,4
118388601,3
116544711,2
118480051,0
117874471,4
117869481,1
117869601,2
116117971,0
118380871,0
94492402,2
114321584,1
116524151,2
116108311,1
116108911,0
116108971,3
116108284,2
118834111,4
115958142,1
117962541,0
115964921,4
118291991,1
117964332,3
116605431,0
113187036,1
113187027,4
118820361,4
118276331,3
122696071,3
122696162,4
122696941,2
122698261,1
124936001,3
121014072,0
124545681,0
120105782,2
115856133,4
125160451,2
123180391,3
123180961,3
123987591,2
124970511,2
123983562,2
122728631,2
122702031,1
122029462,0
117585992,4
123142901,3
120697947,3
123147262,2
123728761,1
123169011,0
123169162,4
123169122,2
123170512,3
123169962,3
123170142,3
123167351,4
123168552,4
123173851,3
109657854,0
87768823,3
124428541,1
123330511,4
122765571,0
122219462,1
122752161,2
125005551,1
124444361,3
124046031,4
123188002,2
124055171,1
123191222,0
123675391,0
113616513,0
124547551,3
124048811,3
123176691,3
123176611,2
123178143,3
122569662,0
123203871,4
122077573,2
122760281,4
124960621,0
124960611,2
108532412,0
987980714,2
123964411,1
124958231,3
124451211,4
989050513,3
122732593,2
121554022,0
123963201,1
124957971,3
124955201,4
123967811,2
122734882,4
988963011,3
123237901,3
92175383,2
123980381,1
124474701,4
124469271,3
123212861,4
120751462,0
120781501,4
105340243,0
121272541,1
123418532,3
115953203,4
125031151,1
124425811,3
123336732,1
122770471,2
124426511,4
122574402,1
93310663,0
123150682,0
121400231,0
118920441,4
121858851,1
121398061,3
121858421,3
121859341,0
121859161,2
121402171,2
121862181,3
121862221,0
121376091,1
118946071,4
118940821,1
121380521,2
119147831,2
119149081,0
119658821,0
121943061,1
106414024,1
121942071,3
119144091,1
119131931,3
120576371,1
118754873,0
121007471,1
119318571,2
988963010,1
102662564,3
119321361,4
120997363,2
119323051,2
119323071,0
119323061,3
119323111,2
119323121,1
119323081,1
119323101,1
119323091,4
121743341,4
121743181,3
119323501,2
119329321,2
122232911,0
121954501,4
121954991,0
112218373,0
119127941,3
119127541,3
120826621,3
121320581,1
117232973,1
120831011,3
119701151,3
119124833,1
1025400518,1
122156601,2
119172361,1
122093751,0
122093761,4
122093771,1
122093781,3
122093791,0
122093631,2
122093621,3
122093581,4
122093571,0
122093591,4
122093671,3
122093691,1
122093641,3
122093661,3
1059207226,4
121118481,2
122104571,2
120798081,1
119141131,3
119141161,0
119138651,3
121343931,3
119139341,3
119139481,1
118018546,1
119137441,4
119145111,3
118659322,3
120810971,2
121367881,0
120632072,2
119666821,0
111335122,4
121132201,2
122117501,1
119223981,0
119225411,1
121192942,2
120092641,3
121195341,0
119220361,0
122053211,2
118652722,3
119203531,2
120601322,2
118743182,1
119582021,0
122030801,4
119238642,1
121186111,1
122481543,3
124696351,1
123043071,1
124709051,4
123020892,3
122457171,2
123020711,2
123020731,2
123020751,2
123020741,3
123020771,1
124691071,4
93639302,4
123600311,0
120847933,0
124686631,0
124126981,4
124688891,1
123587492,2
122499351,4
122986331,2
98593762,3
123541871,1
123540271,0
124181931,3
124176482,4
106892792,3
123054302,2
124190121,4
123057781,4
123057941,0
124102881,0
1074799310,0
124598011,1
124104861,0
124595001,3
124595932,3
124107631,2
124107921,0
125079541,3
123131783,4
122153542,1
125090181,4
124097311,3
124097291,0
123126961,3
125086611,3
124099081,0
105236919,3
124100521,2
124100161,2
122097662,1
123090421,2
119172225,3
123647231,0
125061261,4
125060441,3
122654662,0
124090151,2
122654631,4
122654651,0
122097822,3
122097892,3
122097672,1
122097702,0
122097722,0
122097712,0
122097742,4
122097752,2
122097942,2
122097932,2
122097922,0
122097952,2
112920873,1
124078721,3
124662181,0
123013561,3
123013541,1
123013621,0
123013631,1
123013681,2
123013851,2
123574371,1
122465361,2
124143681,2
124144231,0
124144211,3
124145051,3
123569981,4
124705621,2
124142911,4
124143021,3
124705921,0
124143511,2
123577521,2
124683301,1
124616211,0
123611272,1
124610031,3
123119951,1
124110091,4
123116631,3
123602301,3
124111571,4
124115161,3
122606801,4
124555301,3
123996691,1
124002961,3
110626302,2
124551951,3
122623212,1
124119061,3
107961285,4
124636531,2
122661521,4
124635751,1
123640171,2
122674042,1
123107191,0
123662252,1
122116822,3
125045601,1
124072351,0
124061471,2
124061151,1
123057641,3
123057651,2
123057661,3
124681632,3
119137442,3
123551792,3
124660291,3
1087037013,4
124496841,4
122712034,2
123943161,3
124506051,0
124940031,3
118061241,4
118068341,0
100364403,0
114188524,0
116131751,3
114190952,2
116194951,0
118544021,4
118544311,3
116191681,2
118541311,4
118056741,0
118541571,3
118541581,1
118541591,3
118541601,0
118541611,0
118541531,0
118541521,2
118541561,0
118541551,4
118541541,3
118541471,3
118541461,2
118541451,3
118541441,0
118541481,3
118541401,1
118541381,2
118541391,2
118541431,0
118541411,0
118541421,2
118541331,4
118541341,3
118541321,0
118541361,2
118541371,3
118541351,3
117568001,2
114764622,1
117568872,1
118549561,3
108675724,4
119416931,4
121392802,4
120904271,1
112718052,1
121395561,0
119420981,1
119421021,2
118924152,0
121853841,0
119422491,4
119420871,2
119420841,3
121690231,3
122182431,2
118829632,2
121620871,1
119937071,4
97343166,3
121055501,1
119396891,3
119396911,1
122171371,4
119398091,3
119398171,3
119398191,1
121055143,4
119390331,1
119934051,4
119392511,1
118914791,0
121865721,0
121865981,0
121865811,4
121864481,0
117920193,4
121875311,0
121875331,4
120429371,2
118974261,3
118973941,0
118973891,2
118973901,3
118973861,3
118973871,0
118973881,1
120915293,0
118973851,4
121803081,1
119802842,0
118968611,2
121814181,3
121814991,4
118415992,3
120373191,0
121424501,2
951113139,3
121430551,2
98891438,0
1113341014,0
121433391,4
121887861,4
111064012,3
122186711,3
118822692,0
120512111,0
119389631,1
119389111,1
119389101,4
119389122,4
121620031,1
115939762,2
119382381,2
119385841,1
122190291,0
122177301,1
117538901,2
117286381,2
116163681,0
116173502,0
118031701,4
119832241,2
120934101,1
119832081,2
121799461,2
119485661,0
118981291,0
121796301,0
121796781,0
121769331,1
98903159,3
121774251,4
119834802,2
119834981,3
118897081,2
118897111,2
119893941,4
118898451,2
119450051,2
103927023,3
107231122,0
93157202,1
109785421,2
109785171,3
108899321,3
101861152,3
108899351,3
108899341,4
108899431,2
108820541,3
107339401,3
107775281,3
107339361,3
109207641,1
109771511,0
108814721,2
109590111,1
107417932,4
108968211,0
106750204,3
106901241,0
106901201,0
106900921,2
106900941,4
107275662,2
107772661,0
107772641,0
106899581,3
106898691,0
106898681,3
107754991,0
108863292,0
108863282,4
106921061,0
107744031,1
107744511,0
103900552,2
109257871,3
107244861,2
107805191,2
107242384,3
107805041,0
107804981,1
107799801,2
109301511,1
109299812,0
109310911,2
107843271,0
107843211,0
107852081,1
107303812,1
109243011,0
103857163,3
108848391,4
108847812,1
107301294,1
107301171,2
107284882,3
107435032,4
107433181,4
109602631,4
109593381,4
109591821,0
108967791,4
108967831,0
105216082,2
109967541,3
112175251,1
110929541,1
110929571,0
112193621,2
112194401,2
98935332,2
106506799,2
109953551,1
110391102,1
112179451,0
110891262,0
110397531,2
110397721,2
107307211,2
107307241,2
108286411,0
107307731,1
106867521,2
107306112,1
108851931,3
107300111,1
106859812,3
106886241,0
107850671,4
109223821,0
107855441,4
107841511,0
107841481,1
106878761,4
107841101,2
109225091,2
107841171,0
106878511,3
106878121,1
105323273,3
107866931,3
107317981,1
107318282,4
106869771,4
107865912,2
108803081,2
107340772,2
107340713,2
107342211,1
108807071,1
107309161,0
107309751,4
107309581,4
109186441,2
106337863,3
106337892,1
107324571,1
107325201,4
108812861,1
108812911,0
108813021,3
109200051,2
109200061,2
109199961,3
108809571,1
109207101,1
108304462,4
108791221,4
110927551,0
110926951,4
110366641,3
112167431,1
109961781,0
111640121,2
112189541,0
106523095,2
95314634,3
96432951,4
97053841,2
96498741,2
97048313,4
96419961,4
96485501,2
97042131,3
96497031,4
96428142,0
97028201,2
97034041,3
97585701,1
97585751,2
97585631,2
102662562,2
103108231,1
104095441,0
102672592,4
102690712,2
104086811,1
102678682,0
103149641,3
104618451,1
104619631,0
104617271,0
103455781,4
102896451,0
104575151,2
102898261,0
103464661,1
102910381,0
102973881,4
100227163,2
104520671,0
103539001,1
104517611,1
103545561,1
103543921,3
102992261,1
103488232,1
103495352,0
103013601,1
104494361,1
103013361,1
104469242,1
103056351,0
103552101,4
104670201,1
103057951,3
104675711,0
104087631,2
102692801,1
104097541,3
103426531,0
103446982,4
104551652,3
103432821,4
103432961,3
104562431,3
99639924,2
58461272,3
103083221,2
102709572,2
102702642,3
92269063,0
102699711,4
103064521,1
103573371,4
103087611,4
102724102,2
104612391,1
104128371,2
102648544,0
103136521,3
103627851,4
103628682,2
103138014,3
104620111,3
104602771,2
103422501,0
104586241,4
104024931,3
102905013,4
102905024,2
103458091,2
104035381,2
104035621,2
102338372,2
104026442,4
104580771,2
104580881,3
96701534,3
103418161,4
99192796,4
101895882,3
102405601,2
100869441,0
100921101,1
99258752,1
97054952,2
102383501,1
101415523,0
102377131,4
101888231,3
100900401,4
102548611,3
101994961,3
101572381,4
100529731,3
102504441,0
100530061,1
102503681,4
101034441,4
102512791,1
102512801,4
102512811,1
102015631,3
100522582,0
101031222,0
101515831,1
101519742,2
102522141,2
102519091,0
102027111,3
103807252,2
104211721,1
104227181,3
98874775,1
104766661,4
101569273,0
104209701,1
104206711,1
104950361,1
104751971,2
104751861,2
101729423,3
102298051,4
101740732,2
100746311,0
104728481,2
77667784,2
103050122,3
103047211,2
103049141,1
103048481,3
102740831,0
102728672,2
102728662,1
103601621,2
104169101,4
104169141,0
102733572,2
103043941,2
104161841,1
103052131,1
103051841,3
103034171,2
82938662,3
101861161,1
101861151,1
100889521,3
102421031,3
100353862,0
101843411,1
101425531,0
100364402,4
100866581,4
102410882,0
101856552,0
100861562,0
100862171,3
101904081,3
102398262,3
100372245,3
100903892,2
101882221,4
101883723,3
102368922,3
100426992,4
104849472,0
104836291,2
90134385,4
103718562,4
104830801,0
103684672,3
102583722,3
104869431,3
104795992,4
104795651,2
104792951,1
104300661,2
104301862,0
96952143,3
104220012,2
104218891,1
104218862,1
104224861,1
104768481,1
102551112,1
88512643,2
102610422,1
104326631,1
104325441,3
102570892,2
104322201,3
103705452,2
103720122,3
104831431,1
94026232,3
103701742,0
102755982,4
102755652,1
101636733,1
104138701,4
104137151,4
102744231,4
102744241,1
104702721,2
82162234,2
103581351,2
102751302,4
103027601,0
103027591,0
103075531,0
103568921,1
103280961,3
85590405,4
104245025,0
103751171,1
100508594,2
104249811,3
103752851,3
98629341,2
100227511,3
98628111,2
98630971,2
98625361,4
98624431,1
96306402,2
96306752,0
98246721,4
98247041,0
98625821,2
98247081,1
97731472,3
99125461,0
99128601,3
99130942,2
100248921,0
100955151,0
99431732,0
101456282,1
102577942,0
102576222,1
102082751,2
102083061,2
102588021,2
98160141,0
98160061,0
98159711,2
98159701,1
98698211,4
98159071,2
100382001,0
99255631,3
98161441,0
98160961,3
98702901,1
98703261,0
98702611,1
98702811,3
98702761,4
99282771,2
97598702,0
100386581,3
99284891,1
77552873,1
98147751,2
98142851,0
98143771,0
102054321,0
102053201,0
100422692,0
92108522,0
59198933,4
98083722,3
98083712,4
98083742,0
98083732,4
98083752,4
98083761,3
98083111,2
98082852,0
98084442,4
98084432,4
98084232,1
98084252,2
98084102,0
98084122,4
98084112,0
98084092,4
98085632,0
98085692,0
98085672,1
98085452,3
98085462,3
98085382,1
98085402,4
98085412,2
98085433,0
98085312,3
98085302,1
98086761,1
98086491,1
98086291,4
98087901,1
98087821,1
98794241,3
98794251,0
98794411,1
98087701,2
98793671,1
98795381,1
98088211,2
98089211,3
98089091,3
98089141,3
98089471,1
98090811,4
98780031,3
97107682,0
98079112,4
98079122,0
98079142,3
98079152,1
98079222,3
98079102,3
98079272,0
98079252,1
98079232,2
98079242,2
98079962,0
98079942,1
98079972,1
98079982,3
98079932,3
98080432,1
98080424,2
98080412,0
98080392,3
98080372,0
98080782,4
98080812,4
98080822,3
98080852,0
98080861,0
100333651,1
100333681,1
100333971,4
98081112,4
98081092,4
98081102,3
100334001,1
98081122,0
98081132,1
98081183,1
98081172,4
98081162,0
98081202,2
98081192,0
98081312,4
98081332,3
98081382,0
98081352,2
98081372,1
98081503,3
98081492,0
100334581,1
100334531,0
98081632,1
98081642,1
100334471,3
98081722,3
98081712,3
98081702,0
98081692,1
98081672,2
98081762,4
98081752,2
100334361,4
98081742,0
98081732,1
98081902,4
98081922,4
98081932,1
98081942,4
98082112,4
98082062,0
98082051,1
98082102,4
98082092,3
98082082,1
98082642,3
98082803,4
98082813,0
100285871,1
98066231,3
98063362,1
98063412,3
98063422,0
98063402,4
98063581,0
99288101,2
98803581,4
98062641,2
98820681,4
95818293,4
98821871,1
100289771,2
98822181,4
99316861,2
100297871,0
98042581,2
98043011,0
98043221,3
98815711,4
99811011,1
98815781,4
98816451,2
98816281,0
98058221,4
98057801,1
98057811,4
98057541,3
98057582,2
98057421,1
98055032,2
98054421,4
98056101,2
100291991,4
98044341,4
98816561,4
98049921,3
99246981,0
100356811,0
100357741,0
98118521,3
98750801,2
99245831,3
98748991,2
98749101,2
98749201,4
98749341,4
98107631,0
99814662,3
100374231,0
98753201,3
100374301,2
100372841,4
98171551,3
98166091,0
91921922,1
98165921,2
100941132,1
102611421,4
102616061,3
101508462,2
102606411,4
102606421,0
102606381,2
102606371,0
102606391,4
102079911,4
102565761,4
100948591,1
100406782,2
98138261,4
100341841,3
100341901,2
100342291,2
100341451,2
98136661,3
98136771,2
100340311,3
98739481,4
100339191,3
100339151,1
98134021,2
98133251,4
98741731,3
98133431,1
98740681,0
98131831,3
98131801,2
98131671,0
98130691,0
99223461,2
98129852,3
99223241,0
98129271,2
100349101,3
98129051,1
96464716,4
98127841,0
88012072,2
96463753,2
100345511,1
100345741,0
100345051,1
100344851,0
100345251,2
97022832,1
100344591,1
100344311,2
98122131,4
100358221,4
98122381,3
98123241,4
97298732,0
98980111,4
98409671,2
98409821,3
98408381,4
98433161,3
98433091,2
98433151,1
98432203,2
98975221,3
98432981,1
100633891,1
98430401,1
98430431,0
100633951,3
100634061,1
100633751,0
100634371,4
100634431,2
100634191,2
100634321,2
100632951,2
100632891,1
100632861,2
100633071,3
100633021,2
100633011,4
100633471,1
100633381,4
100633391,2
100633401,4
100633161,3
100633151,0
100633131,3
100633311,3
100633301,4
100633341,3
100633331,2
100633321,2
100633261,1
100633251,0
97877533,0
100630891,1
100630821,3
100630741,3
100630661,2
100630611,1
100630561,3
100631201,1
100631111,1
91198563,1
98819061,3
96360133,4
98092291,1
81457836,0
98091492,2
98091751,4
99757631,3
98769271,4
100315801,0
98769531,2
98768871,0
107050062,3
107043431,1
107594071,4
108030191,1
107037001,2
107039393,2
107039403,3
107039413,2
107039423,3
107039303,3
107039293,2
107039283,3
107400141,0
107399821,1
107901681,0
107902251,1
107902091,3
109703631,2
107532581,4
107533161,3
108532411,2
108038951,0
107065532,0
107065553,3
107065753,1
104087662,3
107065812,3
96180725,2
106977405,3
109449281,2
107558361,0
109453071,0
107055121,4
101123522,1
107063281,2
107069742,4
109480621,3
109480511,2
109480231,3
109480171,1
109480121,3
107072331,4
107072281,1
107575212,4
109466541,3
107079871,0
107079731,0
106085256,3
95092668,1
107592811,1
107034921,3
108006312,2
107035191,1
108618281,1
107503372,4
107503362,1
107503382,1
107503402,2
107503392,3
107503422,1
107503412,4
107503432,2
107503452,1
107503492,2
107503502,1
107503512,0
107503522,2
107503532,1
107503542,3
107503552,0
107503562,3
107503572,2
107503582,4
107503222,2
107503252,3
107503262,1
107503232,1
107503242,4
107503282,2
107503292,0
107503272,1
107503312,3
107503302,2
107503352,4
108621451,0
107501761,3
109536811,0
107012092,2
107496061,3
107010851,0
107497524,0
103027594,4
108624481,4
106963081,3
96075842,0
107518421,4
106956031,2
107516361,2
107522181,1
107520001,1
107520041,2
109525941,0
107486821,4
107015313,2
107015323,1
107015303,3
107015333,1
107015343,4
107015193,2
107015183,0
107015173,4
107015203,1
107015074,2
107015013,3
107015023,2
107015032,3
107015004,2
107014713,1
107014694,3
107014674,0
107014684,1
107508271,2
107014743,1
107014723,1
107014733,1
107014603,1
107014623,1
107014613,0
107014634,3
107014643,3
107014233,2
107014213,1
107014223,4
105023332,2
109534431,1
107012913,4
107012923,4
107012903,0
107012881,3
107012893,2
107012933,4
107012723,3
107012693,1
107012783,4
107012773,2
107012793,1
107012743,0
107012763,0
107012753,4
108122371,4
107012104,2
107012113,1
107012123,0
107012134,0
107012143,2
107012154,0
108615381,3
108614851,2
107480952,0
107481371,3
109521101,0
107482041,4
107015363,2
108614751,0
109527171,1
108614401,0
107504491,1
107503752,0
107503782,3
107503802,2
107503792,4
107503822,4
107503812,1
107503832,2
107503852,4
107503842,1
107503862,0
107503652,3
107503672,2
107503682,1
107503692,2
107503702,0
107503712,1
107503722,0
107503732,2
107503742,3
107503892,0
107503872,1
107503882,0
108617511,1
107017031,1
107017081,4
107017091,2
108619371,3
96134855,3
102744234,2
108617971,2
108617771,3
107006951,3
108618721,4
108618521,1
108618591,4
108618431,0
107872681,4
107386341,1
107386301,0
109125261,3
108501762,1
108501542,0
108501451,4
109677281,2
108496052,3
108496372,0
108496302,2
108496262,3
108496152,4
107883141,4
107883391,1
107393251,2
109045152,4
108672541,4
108672431,0
108172222,1
108661391,0
107692891,1
107692151,3
107692141,4
108675002,4
953146310,4
100498392,2
98882392,0
107694651,3
107695921,2
107695111,4
108685171,2
107699051,1
107698751,3
107698831,0
107698511,4
109346222,2
108014141,1
107049013,2
107603991,1
107048963,1
107049053,0
107049043,2
107049033,3
107049024,2
108019861,1
107052131,0
107603741,0
107603671,0
108582652,1
98430402,3
108024982,2
108025092,2
108015951,3
107584741,4
108025511,4
107048883,4
107048874,2
107048861,2
107047291,2
107041641,0
106858681,1
106859001,3
105339271,2
105340241,3
105893351,4
100392264,0
105338721,1
102383512,3
105335931,3
99284004,1
105334721,3
105899681,3
105899261,4
105346173,4
107620531,3
108749282,2
107630961,3
108749442,1
108749481,0
108749562,0
108749312,4
108751141,0
108751162,1
108751112,1
108751252,0
108750991,2
108752241,2
107136271,1
107136261,4
107136421,1
106982592,0
106118183,0
108091611,2
107512851,4
109552901,3
107538421,3
106986061,2
109575561,1
99697743,2
99151562,0
100260442,2
98592771,0
100254621,1
100257171,1
98070041,0
98070362,0
98069744,0
98069561,1
98069612,4
98069902,3
98804231,2
98804441,4
99783341,1
99783381,3
98804491,4
98804731,2
99782731,4
99782871,3
99783001,0
91954663,4
91954713,3
97581512,3
97581502,0
98073896,0
98073672,0
98073682,0
100276961,2
98073101,2
98073002,2
98811721,1
98811581,0
99782031,1
98071392,3
98071382,3
98797331,2
98060971,3
98060871,3
100280981,1
99294031,3
98059271,4
98059851,4
91464722,3
98058672,4
98058682,4
98058641,3
98058692,1
98058702,2
98058712,2
99165581,0
100144502,3
87932012,4
87931983,1
91350232,0
97199263,3
92764822,1
98689781,1
96699133,1
99187681,3
99671171,2
99670551,1
99670761,2
98694291,1
100161511,4
98696131,3
96244582,0
98580701,0
98580681,4
97741562,3
99131981,4
99132401,0
98581441,2
99132591,1
98582011,2
98578581,1
98578801,2
98578921,4
98578881,3
98578851,2
98578821,3
96295823,1
99134151,4
98579261,0
100245431,0
99136471,1
99136371,3
99136041,3
99136061,2
98297691,0
99137251,0
99138501,2
98575831,3
99139551,0
97744422,1
99141191,0
99141251,1
98590571,1
99140481,0
99139971,2
98589121,4
98278471,0
98278681,3
98278891,4
99142211,0
99141761,0
99141671,4
98586151,4
98585971,4
100262471,4
99147521,3
99147491,4
98583491,1
98284691,1
100258431,2
84000645,2
100149881,1
99162851,2
98189361,1
98667601,1
98668381,4
98668581,2
91826102,1
98670991,1
98670841,0
99156911,0
98671381,3
98671401,4
98671911,3
98671881,3
98671681,1
95274724,2
99157691,4
98672161,1
98673311,2
98672841,2
99168791,0
100139851,1
57411582,1
98205601,4
99167871,3
99167721,4
99211411,4
99642421,2
98211561,1
100201021,1
100190521,1
100194261,4
99633822,3
816601710,1
99216982,2
100195762,3
98603061,2
98604391,4
100220381,4
99092071,0
99091711,4
98599201,0
99082121,2
99081771,1
99081811,3
99081931,3
83912943,2
98329171,3
98333801,1
83132932,1
99059331,2
98322951,2
98325521,0
97832072,1
97830653,1
97829852,0
99613001,0
97361172,1
99614181,1
100419191,2
98444821,1
98445061,3
96963983,4
97457622,1
98443951,2
100418111,1
97958691,1
99931801,2
91593482,1
97968211,1
98465891,2
97969891,3
98911481,3
98911311,1
98919461,1
98478451,4
98478441,4
98478491,3
98478481,4
98478521,0
98478511,2
98478501,3
98478551,3
98478541,0
98478531,1
98478561,3
100451421,4
98476601,2
98476581,2
98476561,2
98476571,2
98476551,1
98476621,3
98914071,3
98475531,2
98475551,3
98475561,0
98475581,4
98475571,3
98475591,3
98475611,3
98475601,2
98475621,1
98475761,2
98475771,4
98475801,4
98475791,3
98475781,1
98475831,0
98475821,0
98475851,3
98475841,3
98475921,3
98475931,3
98475961,1
98475941,4
98475951,0
98917761,3
98917841,1
98904051,1
100437611,0
98906321,1
98500601,0
100441251,3
98907591,0
98496681,4
96951372,4
100484721,1
98508871,0
98508891,3
98509111,4
98886771,4
98022711,0
98885781,2
98021431,2
90059673,1
98886321,2
98886391,2
100497101,1
98884701,2
98012201,3
98884811,1
98011161,0
99372382,3
98009901,1
98882391,4
98009801,0
99371601,3
98880531,1
98880631,2
98016731,3
98880411,3
98021341,2
98600831,3
99098571,1
98600851,1
98601691,3
98601671,2
100213531,0
98601821,4
98601211,2
98601011,2
98601261,1
99729231,2
99102191,2
100212301,3
99098851,3
99100111,2
100206655,3
100207361,4
97777412,4
98621161,2
98622611,0
98617091,3
100231361,3
98223741,0
100186031,0
100186321,1
98636051,0
98636161,3
100186851,1
98229461,4
99192712,1
99616971,2
96689214,0
104041621,0
97674924,0
99615901,1
98207511,2
100196581,2
104520703,3
106229671,1
105243271,3
105241401,3
106718511,3
106233021,0
99124413,2
105198431,3
106174911,0
105193731,0
105195211,3
106738711,0
106183571,0
105254031,1
105252812,3
105815411,1
105814711,2
105251331,1
106377501,0
105257871,4
105811871,2
105811331,2
106374602,4
105262672,3
105261761,0
106370982,0
105822411,2
104409202,0
106368611,0
105265851,2
105264171,3
105820002,1
105828841,3
103313465,3
105270991,1
105270971,3
105270921,1
106393821,2
105267561,0
106393861,3
106392501,3
959314511,1
105839841,2
105282491,3
105283021,1
105833782,3
106798871,4
106798741,2
106798731,4
106248541,4
99202254,2
106801381,2
105683322,4
106204481,2
105226981,3
105229222,3
105146831,0
106256961,1
106256001,3
105697921,1
106815851,3
105138441,1
106817661,1
106262571,3
105143731,3
105289701,4
105288591,0
106406101,4
105292832,2
105791201,4
106401861,0
106404891,2
106405031,4
105294801,1
105296921,2
105296981,3
105799301,3
104448942,1
105305651,4
105805221,1
105312481,3
106417331,2
106252831,3
105149991,3
106816541,0
105696931,2
106699801,4
106204071,1
106209701,1
106209621,4
105223931,1
102298072,2
105716052,2
106214181,3
104500652,1
106701211,1
105248261,3
105248322,2
105738031,3
106218651,2
105248161,0
106362191,1
106362871,1
106363371,1
106363021,2
106363651,3
106363601,2
106363621,2
106363551,4
106363561,1
105861751,4
106363451,1
106363981,2
106364531,0
105377981,4
106845011,0
106352101,1
106352671,4
106356291,3
101851063,0
105320762,1
106308281,0
105318062,4
105328412,4
98157793,3
105326542,4
105749901,4
105768721,1
105768121,3
106187141,1
105770142,0
105214281,3
106192701,3
105772252,4
105212881,0
106191111,2
105212231,0
106190461,4
106190351,1
106190501,1
106190681,0
106190601,3
106189891,3
106189971,3
106190171,4
106189511,1
106189711,2
106189071,4
106189271,2
106195931,2
105285542,1
106411561,3
105284871,4
105781041,3
99148653,3
106194211,0
106194331,1
106194431,1
106194051,1
106193731,0
106193641,4
106200111,3
106750171,1
106199471,1
106123901,2
105568932,3
105569961,4
106134442,4
106686441,1
106127992,0
105564811,3
106122491,3
104663892,3
105847541,0
106833251,2
106348481,2
105852391,4
104421992,3
105271721,2
106391061,1
105277511,1
106387471,2
105837531,1
61552762,2
102434682,4
106389181,3
105275731,0
105275762,3
105275783,4
105358043,4
106824851,0
106356881,2
106356871,2
63711202,1
105861021,1
106852811,3
105365532,1
105647532,0
106771141,2
104009692,1
97205403,3
106775861,4
101784892,1
105165732,3
105655601,2
105166431,2
105656311,2
106762731,3
102898272,3
105168461,1
95274725,2
105154052,0
105690781,0
105693121,0
101362451,1
102472391,2
102470992,1
100848071,3
101963092,4
100845361,2
100859411,4
85789022,3
100856951,0
100856911,0
100857751,1
89203882,0
101956851,2
101954291,2
100134763,2
101699921,4
102687101,0
100601432,3
100613051,2
100612721,0
102643721,0
102642011,4
102642271,3
100093933,1
89471832,2
89471812,2
82698162,4
100586661,3
102697131,4
101596811,4
102211371,4
101605032,0
100567473,1
101601021,2
100570512,1
101609672,3
102221591,2
102517931,1
102517921,2
102517941,2
102517911,4
102517991,3
102517971,2
101544631,4
102526591,2
100499962,0
100499971,3
102523931,1
87234724,0
100556251,3
102178191,2
102033011,3
100504451,3
101782911,1
99186893,4
101778901,4
102341951,4
100675701,3
101834042,4
101831411,4
100727102,4
100727531,0
102326171,0
41910963,3
101210741,3
100703571,4
102315311,1
99214012,4
100812211,2
100814561,0
100272112,4
100816081,4
100822431,1
100278442,3
101924591,2
102475111,4
102487591,3
102446021,2
102435691,0
93151433,3
100842701,1
100326852,3
100840311,1
93660382,2
101435791,0
102429811,0
760378010,2
101440571,0
102427061,3
94217933,4
101873681,1
102418381,4
100731561,0
101287972,2
101720712,2
101286661,4
100790201,4
100789251,3
100789341,2
101765201,1
100783573,0
93222733,1
99147152,2
101749561,1
100770481,1
75168875,4
100255202,1
100762151,4
100814991,3
109646251,2
109646242,3
109025481,4
109025361,4
107956742,0
107956752,2
107956811,0
107956914,3
107957042,2
107467632,3
107957161,1
107957202,3
107956531,1
107956611,0
107468392,2
107468382,2
107468712,2
107957291,2
107957472,2
107957442,1
107957402,2
107957542,0
106700133,2
109076731,0
107468862,2
107469212,1
107955862,4
107955852,1
107955732,3
107956041,1
107955442,3
107955691,0
109631771,4
109631751,0
109632941,3
107414972,0
109085101,1
109267331,4
106892631,3
102760904,1
107271863,2
108858781,3
107756911,4
106913801,0
107760551,2
106894751,0
103317972,2
106894011,2
108859751,2
105307172,2
106907031,4
107253852,1
107743561,0
107743991,2
100227034,2
106229563,0
107460811,3
107460901,4
106721572,0
109615611,1
109610891,3
107442192,2
109610111,0
108436501,2
107457481,0
106232653,0
107436891,0
109109971,2
107437932,3
96244584,3
107364621,4
107926012,0
107366291,0
108489022,2
108489652,1
108489742,3
107368701,1
107934391,1
107934571,0
107933911,0
107935551,4
107935201,4
109036921,3
107935041,4
107936311,2
107935831,1
109039201,0
109039501,0
109644692,1
106814602,0
107352341,3
107352311,4
109645161,3
109645192,4
107931001,3
109042211,1
109042401,3
107378591,3
109043441,0
107933361,1
107911721,1
109034731,1
107912481,0
107911292,1
107940931,0
107940421,3
107940251,3
107940302,0
109630311,1
109630381,2
109629791,0
109629871,4
109631091,3
109631101,0
109631231,4
109631221,3
109631151,2
109631141,3
109631131,2
109631121,4
109631111,3
109631331,0
109631341,3
109631351,2
109631301,1
109631311,2
109631321,2
109631271,4
109631281,3
109631291,3
109631241,0
109631251,2
109631261,3
109631431,1
109631451,2
109631441,2
109631401,2
109631421,1
109631411,4
109631371,2
109631361,3
109631391,3
100208762,2
109631621,4
109631631,1
109631641,4
109631651,2
109631661,1
109631671,2
109631681,4
109631691,4
109631741,4
109631511,1
109631531,2
109631521,1
109631551,4
109631541,3
109631561,0
109631581,1
109631571,0
109631591,4
109631611,1
109631601,2
109617361,3
109067181,1
107446601,4
109614631,3
109614621,2
109614501,1
107460471,2
109613801,4
108540821,2
109454381,2
107060631,3
109461042,0
107078471,1
107077172,0
107077411,2
107077481,0
107076621,4
107569501,4
101697644,2
107082511,1
107888912,0
107404231,2
107404531,3
107905021,3
109697011,3
109697681,4
109007351,4
109134701,2
107413231,3
107382591,2
107382581,0
108503541,3
108503362,1
108503351,2
107385481,3
107712571,2
107153751,4
108700131,1
108698681,2
107163791,3
102015633,2
108698551,0
108697442,3
109347331,1
107723991,2
107724001,0
107724031,1
107724181,0
107724161,4
107724111,2
107724061,4
107724091,4
107724071,0
107724332,4
107724291,3
105934853,1
107722941,2
107722951,4
107723181,2
107723201,2
107723211,2
107723241,0
107723071,2
107723431,2
107723451,3
107723291,3
107723361,2
107723391,0
107723341,3
107723351,4
107723661,2
107723612,4
107162192,0
107172411,3
107172401,1
108163721,4
108163851,2
108164711,4
108164681,2
107169381,1
108166832,4
107174791,4
105414501,2
105413381,0
105390361,2
105390351,2
104904011,3
106017501,1
95027083,0
106017981,3
98942843,0
105383851,3
106016062,0
906449114,2
104896451,0
106014061,2
105399041,0
91576194,1
105431821,3
105431771,2
105431783,0
105431621,1
105431581,3
104867051,2
104867041,1
106528811,2
105428351,0
104984773,4
105982241,4
105478411,2
105478221,3
105472231,0
105419851,2
105981901,3
102099482,1
105982932,2
104442271,2
79494883,1
104432761,1
103881352,4
102774172,3
104438321,3
102791821,3
103340301,0
102763041,4
102768051,1
103886071,4
104444634,2
103349851,3
103349841,3
103349831,2
104455121,2
102779102,3
100871388,2
102848282,3
103400441,3
102866402,3
102865822,2
103351241,1
100373592,1
102870881,2
103851561,4
102862501,3
103857162,1
103856621,3
103373542,3
86481544,3
103494441,3
104465031,3
103010462,0
104490661,3
104490481,2
104491701,2
103020603,3
103990451,1
103019202,0
103018492,4
103510261,3
81415683,2
100275842,1
102876841,1
103855871,3
102860161,0
102385953,0
79016799,0
100893362,0
103381572,0
100893942,4
104352781,1
100388372,1
103867081,3
104358451,3
105402431,3
105400081,1
106526091,3
105410772,1
106513213,0
106552071,0
105436641,2
104310434,2
105423491,3
105435601,1
105435491,3
105435411,3
104879312,2
102467202,4
103900551,4
103914621,3
104401741,0
103911351,2
102795601,2
102831732,2
103820062,1
103829911,4
102851871,2
102846271,4
102970822,0
101741602,0
102978872,3
85904353,4
129934241,0
128946941,1
129376732,3
130625011,1
129925631,4
109541985,4
130619001,1
130619231,2
128943291,4
128943301,3
130117551,2
130116911,4
130675501,0
130115761,4
95143153,1
108622044,3
129932541,2
126548951,0
125964833,0
127084282,4
125573571,0
104520704,0
125976124,4
127637901,0
126528044,1
129913071,1
128449171,3
128426981,0
128925052,0
129902021,4
129413771,0
128916421,3
129414691,2
129904272,2
130647481,3
130655821,1
127962972,3
127962981,4
125998701,0
127984711,1
125044603,3
124623652,3
127110311,1
128257731,1
129787461,0
129787431,2
128303621,0
130754331,1
119524157,0
127848892,3
129784781,0
129785121,0
129784912,2
128806721,4
130236731,4
127756991,3
127756971,1
126026431,0
127995901,2
127994741,4
127032261,3
125169512,4
125662851,3
127584301,0
129996301,4
128329071,3
129992361,4
129493281,3
130607301,1
128864532,1
128864911,1
130610161,0
130600201,1
125814831,3
126437152,2
120816492,2
126439692,1
125820362,3
125813682,2
127405881,2
126435181,0
125810121,3
111788612,0
122439272,2
125275591,3
125274542,3
125826141,0
125267641,4
126886371,4
126927661,0
125051462,2
127114271,4
106901202,4
124668912,4
127451181,3
125795932,2
126484081,4
125789224,0
126908541,4
110678711,2
110680471,4
111908391,0
107889182,2
111942571,2
111105451,4
111935781,2
111450981,0
110609861,1
97712432,0
97712422,3
110683342,2
111354573,1
111924841,4
110559981,3
111428831,1
111116891,1
111145271,2
110018771,0
110032471,1
110585841,3
110585601,3
111147641,2
110866041,3
111174712,0
109754081,3
110856153,3
110843343,0
111674751,2
110842162,3
110313602,4
110091231,1
110091191,4
107016982,0
111076101,2
111482181,4
112035981,3
109541983,0
108622042,2
111068411,4
111479411,4
110541241,1
108633062,0
88905736,0
110041802,1
110825691,1
110830871,2
111211461,0
111182872,1
111183621,0
109737021,3
112311351,0
104352782,2
109930001,1
112144151,3
112136691,3
112005531,4
111047131,0
110549192,1
110548712,1
110548271,1
109569343,3
111510742,3
105104584,4
111990892,3
111990811,2
107545522,0
107544615,4
111127741,4
110572981,1
110575581,2
111717401,0
112263591,3
110321461,2
111151691,1
111267511,4
111161341,2
112276021,2
110875661,2
111707661,3
109783201,4
112258041,4
107329222,1
98891437,3
115523701,0
112671561,1
87620039,0
115530431,4
113285371,4
111595123,2
113344941,2
112595531,1
112595551,3
112650731,0
112651342,1
112655812,2
98903158,0
98905059,4
114315421,2
114321571,3
112638741,3
169622521,4
169622221,4
171884001,4
171883871,0
171881761,2
171878501,2
135833703,4
169672202,2
158151466,1
170896351,3
169670404,2
158147422,2
169666472,0
161508873,4
170909401,3
143745684,3
160650584,4
170819681,3
161568815,4
171936891,3
168614794,3
171936441,4
171936241,0
170831411,4
170831461,4
170831471,2
169735301,4
170827791,2
143683616,1
171953931,1
113120952,3
153659203,3
152828772,0
171951561,2
169714831,3
171957191,0
159207062,3
171851001,2
170854781,2
161534272,0
163573722,4
170931811,1
169935892,2
171910071,3
168953112,3
170950281,3
170948641,4
170948401,1
169694171,1
170790342,3
170800931,3
169699302,1
171902091,0
169698051,0
171904751,3
170801421,4
154750842,1
170796281,1
170807491,1
170807351,3
170807361,0
144947272,0
168961681,2
161348016,1
170934431,0
102398263,2
160222005,4
169014832,0
1670300711,1
170960351,0
169973242,3
168965832,4
168964802,2
170939022,2
170945491,0
169948642,3
169943371,2
170923431,2
171843891,0
171847111,0
171846381,3
171839981,3
149294766,2
171843221,3
170865591,4
171838941,0
170868131,1
171839391,0
171866231,3
169614731,3
171867641,1
171860301,1
169608632,3
171857091,3
171857081,3
1398694111,3
161583383,3
169680581,1
169939281,3
170934001,3
168973311,4
170826171,4
161565983,3
165210972,4
162495065,0
149498496,0
170994491,3
167393782,1
170983831,4
169882101,0
169043106,0
170998671,4
169870171,0
169870051,4
170969391,1
170971641,2
170977131,2
170951091,2
169982651,1
168011181,4
169987211,2
155243734,1
169049351,4
169049181,4
169047271,4
170986291,3
164160492,1
1543167712,0
170963991,4
167805042,1
168933211,3
168932421,3
168932371,2
165326002,3
171161001,3
158403652,4
168948841,1
170033561,2
171160061,0
170040822,3
154484404,3
171140721,4
170022891,3
171137461,0
144494713,1
171018071,1
171018061,0
164220563,2
171017751,4
169028891,2
169026774,3
167403601,4
161268642,4
171013561,3
171012051,0
169021341,1
169020362,0
172038911,1
172037951,4
169129361,1
170332961,1
172077111,4
155706792,0
171363271,3
169123992,0
171360841,4
102556393,3
169130881,4
166525162,1
172074241,2
171324411,2
169133352,0
172044811,3
171393641,4
171395691,2
170294031,4
169138301,0
172042151,1
155680326,1
167619182,4
171376381,2
169144781,1
170369731,1
155656389,1
65547295,3
171370541,4
169143992,1
169328931,4
170169721,1
171302211,0
171301861,0
170188281,1
171306471,2
172130001,2
154382617,3
169312811,2
171249941,4
171250031,3
171250001,2
171249911,0
172149661,1
169288311,3
167664551,1
165426763,0
171253841,0
171253862,0
170137223,4
171255331,0
171255311,0
171255321,2
160018406,2
172145991,1
169299321,0
161017045,3
172148201,2
171269581,0
157736173,3
170149681,2
171276181,4
171276201,0
169284361,0
170148861,3
169178851,0
169178381,3
171381121,4
161130072,4
171397951,0
171397941,1
171398031,0
172016401,0
171397801,4
171397811,2
171397831,2
170290091,2
172007421,3
171380731,4
171380001,1
171379032,1
169152701,1
172024561,4
170368561,1
170233001,4
169268782,3
169269031,1
171232621,0
154310175,3
172177111,2
172174181,1
171232901,1
172185741,1
172185831,3
172185691,3
171237311,0
170255641,0
170255691,3
170255901,1
170255891,3
154295335,4
169241332,3
169241341,0
170212042,0
169241361,0
170331472,0
172093781,4
170348871,1
172095471,2
172085312,4
157673866,2
171340451,2
171340201,2
172090581,3
172092121,0
170175111,3
172100131,0
172100231,3
170175631,3
169338821,3
169338831,1
1428105410,0
169095942,2
172082271,2
170354011,3
171332671,0
172084721,3
170356691,3
172075721,4
169108371,2
169110132,4
170343092,2
171315261,1
167576872,3
172068231,0
172068621,4
172107891,1
146298152,1
172107461,4
150766692,0
167232901,4
167233471,1
167233311,1
164997061,0
167233691,2
168308711,4
168306641,3
168306371,1
166105401,0
164958208,2
165012262,3
167216161,3
167217041,2
154636244,4
167431041,4
167430131,4
166457291,3
166456911,0
167941082,1
166456031,0
1547204610,4
167439311,4
162495064,3
167415061,0
163469752,0
173360321,2
175152311,4
175152421,2
174173581,4
175151671,3
175155101,0
172247911,3
175578021,2
175579081,0
175578381,1
175578451,0
175581371,4
174463271,4
1349961013,2
174464291,1
1269656926,4
175583011,1
174464901,2
175583211,1
174466011,0
172245932,0
175576871,4
174471482,3
168929446,0
175574331,2
173348541,0
172237551,0
175600291,0
173350101,0
173539051,1
174370341,2
174370351,1
173539101,1
172412291,2
172412331,4
172412381,1
172410051,3
173535031,4
175475361,0
173533451,4
172415131,4
174371891,3
175488492,1
175489001,4
172419981,3
171013562,4
172398932,4
173518781,1
174390491,4
175489901,2
174379291,3
174379461,3
174379121,1
175497301,4
174379261,1
172404801,1
173507591,3
173508471,1
173508431,4
175564361,0
173311661,3
172339631,4
174335331,0
175445041,1
154636247,2
172376891,0
175444381,4
173502651,1
173505881,3
173505791,1
173499471,0
173499461,0
173499511,1
174339201,2
173499541,1
175472561,4
174347051,3
174348541,0
174348511,2
174348501,0
174348321,2
174348311,3
160240952,3
173484881,0
172367091,3
173485431,2
172368881,1
102470993,4
173309751,4
174544251,0
173277891,3
173277951,2
172307012,1
175520401,2
174534771,4
167875343,1
175507381,2
175518651,4
173280001,1
172303681,3
173385951,1
172266441,2
171114932,0
174528461,2
174527711,0
172279381,3
174490411,2
173397541,3
172285511,1
172282611,3
172281941,3
172283471,2
172282971,4
172271931,4
174508401,3
173382421,0
175633521,4
172271181,1
173381211,2
172271441,3
1589706512,3
173380321,1
173379351,0
172277424,1
173377841,3
173378452,1
172275301,3
173375701,4
175627931,0
174518182,3
157376753,1
175509751,1
175511431,1
173318721,1
170075972,4
170074402,3
175558911,1
173499371,1
173498511,1
173498641,4
173498811,3
173498861,2
173500541,3
175453221,3
173498101,4
175455781,2
173496501,4
169922772,2
173493391,0
174333051,0
173493641,0
173493571,4
173493771,2
173493761,4
1541013310,4
173492901,1
174332811,3
173486671,3
174579351,2
174578121,1
173312211,0
174577431,4
174571091,4
162310723,3
173341091,2
174566071,1
167837953,3
172344161,2
174561261,0
175547821,1
174560622,2
174558351,3
173309981,4
173317731,3
174573641,1
175568842,1
175567971,3
175568341,0
172335241,3
174571681,2
172334171,0
172334701,2
172333851,3
172334071,2
173321161,2
174585221,3
173319281,4
172332951,1
172332731,2
172332651,3
173318961,3
168915214,4
172269451,3
173386791,2
174521021,2
173386311,2
173386491,3
170102155,2
173283692,2
174552131,3
174552731,0
175525331,2
173289341,1
173289321,4
174550881,1
174549431,2
172296861,4
174562131,3
173328631,0
172359391,4
170087252,4
172356021,0
173287841,4
173288261,3
172296153,2
173291181,3
175527592,1
173291041,1
173289772,1
175526061,0
107555347,1
171214194,3
175130582,0
174156401,4
174152631,0
175143921,1
173153271,1
174148261,4
163275084,2
173153651,1
173153741,3
169268784,0
173152172,1
175142871,3
175142211,1
175142272,2
173173991,3
175115461,1
175114681,0
175115121,4
175115131,2
172182802,3
175120131,0
175120161,1
173035021,1
175251981,4
174264591,3
174265561,4
174262581,4
174262321,1
175256551,0
175256411,1
175255971,2
174274152,0
175245311,0
169128612,3
174269171,2
175247941,0
175306571,1
173052481,0
174313131,0
175307661,1
173730201,4
172743491,0
173725691,4
173683401,3
175658261,4
173682401,1
173682391,2
173682481,0
173682471,0
172691471,4
172691521,4
173723791,3
175649141,0
174653471,2
175647471,3
172718991,2
172708351,3
175651851,4
172714361,3
173920091,4
172814601,1
173917461,0
175019981,1
172812691,4
173922691,3
172813271,2
173551421,4
175786131,0
173550231,0
175786781,0
131844458,1
174815171,2
160644952,0
174802121,1
173543241,2
174808531,4
171878062,3
173595272,1
172615691,3
173594871,0
173594991,3
172616191,4
173595711,1
175815961,2
174786152,0
174785961,2
174785931,4
173558771,2
172588901,2
175777351,4
173557251,3
172560601,3
174813491,3
172561261,0
175782081,4
175782111,2
175782051,3
173560361,0
173560401,4
173557121,1
174795221,4
170720443,3
175704621,0
175704481,0
172644771,0
172644241,2
172644281,3
172643321,4
173759391,2
174589301,2
172646541,3
172721341,4
173717431,0
172722211,0
172722221,2
174713491,2
173718491,4
172724511,0
173711621,0
174714931,2
175724171,2
173738121,0
174610691,0
170695558,0
172637741,2
172634501,0
175686851,0
172725261,0
1079660216,0
172725941,1
175688591,4
172727831,1
174703241,1
175669031,1
168816382,2
175669231,1
174670781,1
174670791,4
172696001,4
174676721,2
172701851,2
174677731,3
174677941,2
175664141,4
174677441,4
173671221,1
172700152,0
175661331,4
173671531,1
172700771,3
173671611,4
172707331,4
173702821,2
173701051,2
174662011,2
175640031,1
173698721,1
175670182,0
175669981,4
175669971,0
174793641,1
174793231,1
173569171,0
175752651,3
173778271,0
175753931,3
172661041,4
172662711,1
172655351,3
174645781,0
174631041,1
172685231,0
172685091,4
175760761,0
174644121,4
174644161,3
174644701,3
173771971,0
174644741,4
174644881,1
175698811,3
174703441,2
175698261,3
160537626,2
174710581,0
172735871,3
172735681,1
173733351,0
1422619833,3
172732691,0
172732861,3
172734231,0
174695271,3
172737471,1
163845762,3
173734451,0
173728011,3
173727751,4
172741581,3
171721432,3
175685191,4
173725941,2
173721011,2
173720941,1
173720511,1
173720521,3
173720371,0
173719941,1
174693881,4
174693854,1
175680591,0
173722411,2
172751671,1
174693122,0
173722511,0
175735251,4
174635941,1
172678091,1
174635753,3
174635371,1
175739961,3
174630041,2
169817222,4
172672361,4
175757061,4
174646571,0
172667281,3
172667072,1
172665591,1
694141613,1
170658803,2
175766611,3
172666801,2
172676911,3
175735221,2
172685821,1
174627761,3
172686062,3
172680531,2
175748982,1
172679841,1
172679811,0
172682321,0
172682861,3
174623721,2
175812741,1
173589871,4
172621581,1
172621201,1
172621221,0
174824671,3
172606561,3
171857012,4
174832542,3
175799941,3
172607511,2
172607691,4
169622772,2
175808221,4
175800691,2
169672203,1
172560051,2
172558731,4
172559001,1
172559011,2
172557491,3
174816931,1
140461849,1
173746671,0
174617201,0
81702785,2
175733681,4
175733441,1
175733401,4
175731122,3
173740191,2
173741301,0
175732721,1
173767681,3
173767241,2
175706831,0
172653161,1
173754061,3
173754041,3
175718291,0
123602302,4
132928222,2
171437811,0
170316111,2
170316161,0
171996321,3
171996351,2
171435261,4
171432931,3
171986721,1
171424211,2
170296651,4
147704003,0
171986621,4
171983731,0
171983841,4
171984291,3
171983891,2
171984001,1
1480667210,3
169172531,0
171391121,0
170267642,3
172028161,1
172028021,4
172028861,3
168404211,1
168404101,2
168404251,0
166847151,0
163748814,0
168396861,1
165737481,1
165736211,1
161751534,3
168402711,3
166844251,2
165715901,2
153999512,3
166833081,4
166838041,3
168427221,0
165708891,3
165708911,3
165708901,3
165708961,4
165708991,3
165709001,2
165709011,2
165709031,4
165708391,1
165708421,4
166878851,1
168537921,3
168537441,1
155791094,1
166985061,2
166983341,0
166982751,3
166982151,1
166953842,3
165849151,1
165851041,3
166957411,2
165847291,0
165847711,1
166958081,4
165845731,3
165846021,2
168553011,1
166961251,4
156780192,1
169211942,0
162102673,2
167063841,2
165952601,2
167058601,3
160676874,3
167057881,0
165947741,3
168636111,4
168635691,2
165958951,1
165086391,2
165956411,0
163982942,1
167083841,3
167083892,4
165955081,4
165091231,1
165969641,4
167068081,1
166877743,1
166877191,2
168417221,4
165718311,1
131859328,2
166874411,2
166874272,4
168442621,1
168442701,2
168441471,2
166853851,1
166859751,3
166859761,1
166858761,4
158151464,3
167084271,3
156193074,0
167087961,3
168673811,2
167105561,0
165996882,3
165996911,0
165996751,0
165132991,1
165998581,3
167123661,4
152636864,2
161731762,3
166161771,0
158263423,4
167139121,1
157125322,2
168701471,2
167141491,1
166755191,4
166742511,2
166743841,0
166737441,4
146890654,4
153900972,3
163804803,2
161863857,2
168320541,1
165769501,3
168297231,3
165749872,1
165749671,2
165749681,2
165749031,1
164705252,0
166944441,0
96464717,3
152852262,2
166951784,3
166951241,4
166951251,0
166951291,1
166951321,0
166951351,3
166920512,2
166921042,1
159045962,0
166946011,1
99224362,2
166927091,0
166927101,0
166930421,2
166929421,2
166922011,1
148066729,1
166922403,0
169209441,2
169208781,1
171973271,2
148686383,1
171410821,2
171440391,1
167564502,4
171390291,2
171982191,0
171419331,3
167568822,1
169188901,4
171994781,3
171997351,0
170317921,0
171436811,4
164602612,3
166858701,1
166858451,0
161989333,1
165878102,0
166866361,3
166866161,1
166866731,0
160725812,1
166909631,4
165930571,3
165893472,1
155758604,1
165895591,1
165895711,0
165894961,2
168436731,2
161271913,1
163495282,1
162525201,3
162525431,4
162483861,4
162484101,1
162484141,4
162484211,3
120255787,4
164172881,3
163497021,2
163497081,2
163497071,0
156364128,0
164191571,4
152385393,1
164187651,1
163507941,3
162520651,0
163508731,4
163508251,2
131362624,1
161610031,2
161609431,1
164058841,0
164046981,0
162577611,0
162577521,4
159638312,0
164051761,3
164038751,4
161591031,3
162569511,1
156139957,3
162566681,2
162566751,1
161587491,0
162567681,1
133724462,2
164041021,2
161566021,1
161565982,2
161566161,2
163573711,0
163573721,3
158510643,1
164064711,3
162593141,1
162592241,1
160601373,4
161572451,0
161571692,0
162554741,3
162554711,0
162554651,0
162556261,4
160565591,0
161549601,1
162538281,4
154693627,1
163566902,2
162458041,2
163575521,2
163575511,4
143564605,0
163577631,2
161324503,0
164129821,4
157520828,4
162452901,0
161606711,1
161605241,1
160607363,2
162580631,0
161601931,4
164066091,1
145518644,1
163407631,2
155416072,2
163405311,1
164293391,1
164293181,0
164292751,3
164292771,3
164292851,2
163411131,4
163411291,4
163410472,4
143398133,0
161464841,2
161464641,2
161464611,0
161464621,3
161464731,4
161464721,1
161464711,3
161423421,0
162300481,4
161468077,1
129135122,0
143605373,0
163469561,3
163469331,3
164219081,4
163469821,4
162490681,3
162491961,1
162491881,0
162491831,2
129132352,4
162488611,0
163469271,2
162487061,1
163475371,4
162488101,1
163475321,3
163475241,1
162485721,4
162485802,2
162485781,0
162482371,1
163477991,4
147521576,1
164183091,2
164183611,4
163490541,1
163490591,0
163484441,2
163487661,1
163486791,3
163492871,0
162441041,0
160219311,4
163552271,2
161348014,1
160222004,1
162444521,1
162444531,1
162444541,2
162444551,2
164108202,1
162444831,0
160225263,1
163545501,4
162447251,3
162445331,1
163547331,3
160226012,0
164109291,4
164109261,0
157533052,3
164110651,3
163555071,3
164116411,1
163553951,1
161333493,3
163557181,4
161337182,0
161337192,3
162460211,0
164123561,4
164126001,0
157516413,4
162447572,3
151353382,1
162192151,3
162193041,0
162193351,2
162193171,3
163280221,2
163280201,0
163280241,0
162153732,1
163280271,4
162155441,4
162155291,0
162156351,4
162155551,2
163282201,1
163275082,4
163276321,1
162172321,2
162171672,2
164375231,4
149716295,2
162170501,1
162170511,0
162170531,4
162170541,0
163296851,3
163295441,2
163295091,2
163292882,4
163292892,0
163292902,2
163292782,1
143478634,0
141197293,0
155857421,0
153076991,1
153921932,2
156974511,0
156974981,4
156982811,4
153066075,1
156980781,0
155870661,1
153063482,4
156977931,4
155876322,4
155876332,2
156977811,4
142937184,0
155863441,4
100190523,3
158686211,1
158686961,0
158686851,4
158687221,1
158687201,3
158686991,4
158687011,3
161123351,2
157589373,3
161101791,0
161101591,0
161101601,1
161101621,1
161101681,2
158666891,1
158667511,0
148686382,1
158667521,1
161102811,0
161102781,1
157559592,0
161132181,3
161131591,1
152250742,4
161130071,2
158695721,1
160141792,4
161348015,1
166357421,1
164108204,0
160225264,4
154534887,3
160226014,3
167983241,1
167983481,1
167477031,0
167476731,0
166356041,3
166356061,4
167466221,0
167466312,1
167466431,1
166358101,2
145529562,0
166358611,0
164122352,0
156295913,0
167444721,0
165242091,3
167446961,0
154554255,4
165219501,0
161335912,4
166353711,2
157538305,0
167977341,1
167807972,1
167807111,4
166327451,4
150660962,2
167830801,4
167830931,0
166303201,2
166303741,1
1421019826,1
166302041,1
167274672,0
165284352,1
165285942,0
166300021,3
165967851,4
165964491,1
165961881,3
167072241,2
165962051,3
165962461,4
165962371,4
167093801,2
157172112,1
167092241,0
156204024,2
167096741,1
135833702,0
165946111,2
167079701,3
161521202,1
165958331,3
168681451,4
167088581,4
147521577,1
163490592,3
166412533,1
161271914,3
166415601,0
167917521,3
167917441,1
163494374,0
166408512,4
155243733,4
163461742,0
167951661,0
167951532,4
167952211,4
167927171,4
154621827,2
166400921,2
167982051,0
167475431,4
167475241,3
167469121,0
165219354,0
166345871,1
166346601,1
167448442,1
166346411,1
163575554,4
158510644,1
166006131,3
166006031,3
166006321,1
167002031,0
166005011,0
166005691,2
166005661,2
166005701,2
166003802,3
1546104023,2
166004031,2
166004171,2
166004481,2
166996032,0
166996761,1
166009571,0
166996591,3
168583791,3
166008531,3
168585411,0
166993771,4
166992561,0
166992571,3
166992581,3
166992611,0
166992471,4
166991811,3
166991791,4
166991801,3
166990121,0
166990151,4
166986331,4
167017242,0
167017621,4
167017701,2
166333461,2
166333631,4
167994351,3
167993621,0
943152870,4
167456312,3
167008731,3
167010211,1
167006511,2
133724463,4
168561151,4
168622301,3
168620481,1
168614281,4
167022723,4
164089316,3
147193615,4
167024781,1
168608861,1
165079401,0
165079441,0
167027391,2
167030077,1
161568814,0
167092201,3
167090541,1
152746322,3
167090701,2
167108631,3
165992432,0
165991431,2
168668251,2
167112481,3
168672091,3
168671711,0
161494584,2
166000911,3
166001401,3
166002171,3
166142571,3
166142561,0
166142481,1
166142781,0
166142971,3
168712241,2
168712201,3
166142371,3
166143661,3
166143781,1
166143101,0
167120111,4
167691561,2
167691551,3
168205952,2
166716251,1
166716201,0
166716151,4
168204771,2
168204131,1
166718524,4
166712831,2
165447391,1
166712861,2
168208101,0
167703831,2
167703591,0
167703551,2
167706341,4
168190321,0
166664631,4
167652521,2
167652511,0
166662551,0
168566891,2
167012561,0
167012531,3
168567651,4
167010951,4
158127203,4
167039751,2
167035361,1
167038931,1
167038921,3
154766629,3
156114912,0
167061081,2
150410212,0
951113151,1
167059871,2
161534283,4
129634961,0
129141483,2
125928754,0
124140176,2
128183521,0
129648111,2
130331341,4
130369851,3
128182673,3
129652071,2
129173951,3
128652651,2
128652641,3
129646031,4
128648302,2
129632281,3
129632781,4
129633971,2
128659571,3
128659561,2
128659541,2
128659533,0
125948804,0
128175651,4
129637361,0
129637401,2
78598423,3
130491692,0
127552522,1
128543661,4
128054302,3
129025611,0
128542522,0
129513881,2
130502851,2
132741311,3
133711981,3
132741511,3
131251651,1
131252001,3
132738391,2
130747933,0
124902354,4
127859292,1
118400863,0
85998647,2
130767592,3
131785791,2
129798222,1
133173681,2
131786901,0
132758271,0
132751891,2
132199581,4
131229561,1
131229491,3
132747651,2
129787452,4
131227871,4
131227841,1
131228121,2
131228171,2
131228892,1
123744253,4
130284352,2
131254691,3
131254411,2
131256001,4
131255651,0
130770315,1
131249241,1
132244511,0
131260601,0
131260631,0
131261321,0
131261441,0
133227701,0
132729551,3
133724871,3
133724461,0
131239921,2
133722911,0
133718271,3
132730421,3
122085802,1
128994391,2
128575171,3
128576441,1
130536821,3
128527752,1
130471161,2
129616991,1
122156602,4
126999762,1
128113211,0
129722881,3
128111944,1
129232131,2
129721861,3
124231588,4
128073772,1
125836804,1
130340721,1
126952472,1
129188981,1
129195591,3
128085091,1
129748111,0
128096541,0
140724821,2
136807463,2
143398131,2
143395161,4
143395251,0
141695711,2
143395611,3
143395471,0
143396141,0
143396241,3
143395841,2
143395931,2
143396021,2
142907071,0
142907791,0
143393141,4
132081703,1
143394161,2
143393961,4
143394001,4
142909041,0
142260121,2
142913091,1
138307622,3
142892491,1
141742561,3
140766781,3
141745921,3
142889631,1
140759461,3
142979941,1
142980581,3
141810801,3
142956451,2
141811171,0
141195221,3
141811463,0
138940832,1
140701802,4
138385793,1
140696321,2
141191902,1
142952161,0
142299461,2
141189311,1
142951061,4
142950991,0
142950941,4
142950621,4
142950641,3
141189872,1
141842221,2
141425791,0
141864191,2
143309641,2
143309111,4
142750361,0
142750691,1
130049452,0
141860311,4
143296661,1
137949022,2
140680132,3
138408083,2
141709261,1
141288511,0
131573623,4
141292411,4
140026282,4
141293632,0
142926311,1
122943104,3
142575871,1
140911372,4
140373001,3
142577631,4
143197301,0
142574401,2
143210421,1
142713161,3
128828453,1
127855845,2
140913721,2
142016982,1
140928202,4
142592251,2
143364191,4
140445221,2
141319801,2
141948511,3
143392741,4
143388881,4
139341157,4
138840332,3
141939271,2
142825701,1
141328351,4
142998851,4
142995141,0
141216331,1
142972561,3
140664791,0
140664101,2
128994394,1
114130166,4
138375871,1
137827643,2
138940632,3
138507405,1
139062671,3
138502441,4
139004291,0
119278461,3
118788347,3
119275611,0
119275661,4
121532611,2
119282131,2
121732191,4
121533671,3
118787112,3
121533321,4
121533301,0
121533061,0
119284541,4
121225821,3
114130164,2
122090791,1
119244322,4
119239161,1
122093561,1
122085801,1
120098201,4
119267212,4
119266011,0
116353402,0
120101741,4
119253281,3
118077231,0
118077221,2
118077252,3
116144851,3
118496621,3
116156651,3
118069781,2
118504891,2
118521061,4
118521051,2
102420394,4
119993451,3
121095001,3
121094731,4
122209811,2
121658422,2
121590841,4
121590681,4
121590361,3
121096752,2
121096472,2
121657741,0
119350821,3
119364061,0
91692142,1
118052281,1
116752342,3
117556731,0
117556751,0
118529801,4
117550082,0
117549251,2
116720701,4
117553132,0
116168881,3
117288082,0
121736051,1
121736341,4
120987121,0
118347413,4
117009112,4
120568242,4
121540311,2
120010921,2
118342172,3
121542751,4
121737441,4
121543251,0
122227371,3
121030861,0
118321292,3
119303781,4
119299121,1
119364331,2
121087571,0
119362531,1
119362541,4
116973355,2
118874791,1
121573721,0
119370181,1
119370191,4
116530453,2
117887983,2
121773741,3
121772921,4
119501351,0
121772951,1
119501401,3
121772941,1
121442721,2
119850313,1
117877283,3
100455809,0
120345771,4
120345851,2
121441232,3
161553991,2
161556221,4
161556311,4
148147562,4
161536351,1
161534621,3
161534201,4
161534271,3
161534282,4
163999601,1
161533581,1
161531451,3
161546471,2
156115133,1
163985601,3
152710334,1
163993661,1
161544591,0
161543121,4
161514451,1
166545772,4
165548392,1
166539301,2
166538811,4
165576401,2
166539021,4
167517221,1
166537821,0
167516881,1
168054831,1
166537691,1
150880942,2
162105172,0
166559701,0
168035771,4
167527341,4
168037081,2
166557461,4
165553611,0
166553821,2
168040031,4
166555511,2
166555031,0
166554891,3
166554881,3
166552521,3
168040811,1
167622345,2
164553832,1
167621214,2
165666331,0
163041791,2
163594533,1
154101338,2
163042551,0
163607551,3
163606961,3
163607991,1
163610612,1
161923812,0
163050141,3
163602941,4
163051381,1
163051361,1
163051371,2
163604611,0
163052931,2
163052981,2
161888162,0
167564501,0
155596743,4
156698442,3
167568821,2
167569431,4
167570562,0
167570951,0
168081661,4
166528941,2
166527471,1
167523111,1
167519951,1
166531542,1
161128173,2
167524771,3
167537622,2
157604212,3
165655401,0
1614029220,4
165655331,3
155656387,4
165647121,3
166511311,3
166522681,2
166512231,3
166512151,0
165648551,0
165651071,4
165651361,0
166525161,1
167628741,4
167590491,1
166464071,4
165632741,1
165632621,2
167590102,2
166463952,3
166462741,4
167582151,0
167582531,2
168123621,1
163014681,0
163626111,1
161881401,2
158029072,1
161879521,3
161897754,0
163642491,1
164744201,1
163014651,0
163641322,2
150047922,2
167556771,4
165601241,0
166573401,2
162996031,2
155779925,4
161908285,2
161906951,2
161910661,0
160767102,4
155802274,2
163632491,0
163629681,1
163630941,2
163630953,0
161962021,0
163708461,4
155742332,2
160695482,3
156845223,4
161920791,1
161919191,2
161915912,1
164707511,0
164708091,4
161918671,4
133063102,4
156828795,0
163688631,3
163688751,1
161944351,4
161967031,2
164690641,4
158667512,4
165608771,0
166570281,3
166580361,2
168067231,0
167561411,0
167562511,4
168069442,1
165590661,2
151236332,0
165665671,4
165665691,3
165665711,3
165665721,1
165665741,1
167622951,3
165660041,4
155680324,3
168156752,2
166505791,4
168154651,4
166507691,0
166507681,2
168152251,1
168152171,3
168152151,0
166507931,3
166507191,4
166507301,3
166508761,4
168146031,4
166516651,1
165643461,1
165643481,0
165643421,1
166516141,2
166516751,4
165645931,4
165646231,1
149403953,1
152803861,4
151674521,4
143709262,1
152789252,4
153629301,0
151693161,4
151691851,4
148171626,0
151686801,0
152806891,0
153659202,2
153658951,0
152828771,4
152829701,4
151690711,0
157172111,4
157171951,4
157172581,0
157157961,3
154709211,0
154710522,2
138053072,4
154710942,2
149352584,3
157161191,3
156182442,2
157161761,1
157163861,4
157166491,1
154702981,0
156174511,3
154885021,3
157155231,2
154882441,1
154882461,1
156024901,4
142451153,3
156029901,0
156029911,0
154867681,2
154918931,2
154919361,1
154919191,0
156006111,3
157107801,0
156005921,3
157107821,0
157145771,4
154892511,3
133828513,2
139384493,3
157109201,2
152668931,2
154900431,4
155975791,2
155975972,3
156020471,0
154877751,2
156020001,3
156019991,2
152656072,0
154873141,2
156024073,1
154872911,4
157125321,1
154905051,3
156098272,0
141396986,3
154906772,4
153842111,3
156094591,0
156013301,4
154886181,1
156038411,3
153758512,1
157123781,3
140461845,0
157119971,0
154916751,0
157120071,2
154917271,2
154917371,4
157120771,1
157120981,1
154917841,4
157115821,3
157115811,4
157115781,0
157115801,3
157115861,2
157115771,3
157116311,3
157116231,1
157115961,2
157115941,4
157115951,0
157116461,1
157117221,4
157117531,0
157110931,3
154923631,3
154923621,2
156001973,3
156004301,4
156004291,0
156003771,4
154695141,3
154695131,3
154694271,3
156133961,2
157244321,0
156133631,1
154794141,0
156137471,0
156136931,3
1313141715,1
157217271,1
142518043,1
139299997,3
153689581,0
154673791,3
154673692,1
153684202,1
157193731,2
157193871,0
152724952,4
154671764,3
157202721,3
156207251,3
155313731,0
155314281,0
155314701,4
155315641,1
156294351,0
154591771,4
1407945210,1
156164932,3
145937963,2
154746901,4
154747401,2
154745641,4
132741512,1
156151032,2
156150901,1
152308562,2
155319581,1
155319611,0
151676584,3
156148761,3
157256521,0
154793501,2
149404352,1
157268761,4
156140431,1
154735412,2
154735483,1
157267901,0
154754932,4
156158431,1
152777451,1
151657932,2
154750841,0
97453379,3
157253531,1
157253581,1
147193612,0
154786503,3
154780731,4
154780441,4
156130551,3
156115481,3
156115021,0
156115132,1
156115271,0
157229881,2
133745362,0
154774162,0
154774081,2
141447053,0
156113671,4
156113531,2
154766661,0
157232211,0
142514833,3
157208011,0
154693622,3
153704281,2
154691161,0
154724924,2
156198971,2
156198951,4
154683031,2
154682512,1
154681951,2
156193071,4
154720671,4
154706141,0
149348826,0
143752193,2
154671101,1
156206401,3
145989732,0
156206252,3
157532651,0
157533051,2
155298031,2
153553911,1
155300792,4
157538381,0
137632783,4
154556221,3
152319971,2
156302181,0
144674066,1
141602542,1
153580542,4
156295521,4
154550322,4
148591845,1
156297111,0
155311831,1
154553681,0
157516471,2
157516412,2
156292451,4
156292461,3
155313332,0
153876241,2
150284713,3
151588242,1
151585251,1
147212382,2
153869511,3
153860641,1
153855762,4
151635661,1
152630421,4
151634231,1
145822515,2
131707342,1
151646821,0
146830103,4
152924103,4
152924081,3
154010331,3
154010351,2
146048542,1
152916471,4
152913811,4
146997766,4
151805331,2
152923551,1
152913031,1
151781421,4
151781861,2
151781841,2
151782681,3
145101582,0
152997761,1
152910501,4
153999511,2
153965251,4
153960621,0
152965361,2
152965471,0
100231364,1
149042704,1
142908395,4
153059423,0
151945261,0
153983701,2
153017211,1
152038511,1
152038971,2
142889632,4
152859921,4
154083641,3
154087401,4
154087421,0
152847541,4
154080311,3
154080331,2
154080341,3
154115991,0
151910712,0
154078451,3
154078461,3
154078472,0
154078481,3
152854241,0
150025322,1
148066726,1
146992023,1
152874451,1
154137191,3
152871171,0
146108522,4
152872321,4
150056523,2
146081874,3
151908191,0
152887211,2
138186383,4
116180024,2
156745731,3
156746211,2
156753371,0
156753361,0
152284832,3
156751771,3
156751491,1
157582811,0
155641081,4
156750191,4
153122693,3
156755621,2
155595531,1
156698441,1
156698431,0
156698421,4
154251911,3
157563201,1
154259943,3
157560501,3
157560511,2
157560521,2
157558801,4
145448456,4
157559591,4
157579951,1
157580691,0
155589771,4
154242572,1
157574021,4
155583501,3
157575831,1
153103753,0
156653142,3
152213071,4
155624021,1
157599111,4
157612831,0
157612851,3
156741531,0
152265524,3
155620671,1
155635701,2
155634601,2
155634591,3
155634561,3
155634571,3
155634491,1
155634481,1
155634551,1
155634542,1
157592481,1
155634531,3
155634521,1
155634511,3
155634501,1
983558211,0
155632241,1
157604261,1
157604211,1
155631391,2
152910711,1
152910701,1
152899691,0
154027081,3
145092802,3
151791091,0
154029601,1
146069229,1
149960122,4
144086562,2
151786001,3
154033831,1
152898741,1
152898751,4
152898771,2
139128597,4
146079144,2
148004832,4
144087232,2
154067571,1
152938991,3
154055601,2
151819131,0
148035502,2
152937441,0
149232312,0
1501203510,2
153764661,1
151534372,2
151537161,1
152662561,4
131844457,2
149331673,3
152746321,4
153719881,2
149348824,3
154056641,2
149013763,0
152953521,4
149021512,4
143078783,1
152929211,3
148042502,1
151827881,3
152842181,1
129760218,2
154081041,1
154079671,2
154079651,3
154079442,0
154080121,3
154080111,0
154080141,0
154080131,4
139169674,4
152849021,4
151878351,3
146937005,1
154093311,4
151902031,3
152831751,0
152831911,0
152832811,4
150018533,0
152833161,2
151900321,4
151900459,3
151897923,2
148605834,0
162408303,2
163515641,1
162414462,1
162414231,0
163536431,1
162423231,0
163534091,4
143548863,4
164141001,0
163512641,4
163513341,3
143547375,1
155270573,0
163524081,0
158492432,2
163521673,4
163521461,4
162424951,4
162430601,0
162428122,4
164160491,4
154837683,3
162773391,0
147201572,3
130552049,0
163849461,1
161850421,2
161850571,2
163778431,4
132990072,0
161843201,3
156999252,3
161845601,0
163802371,0
161859601,3
163801491,3
163843311,4
163843361,0
150301767,3
161655631,0
162764462,1
161652821,2
163867481,3
162789441,4
160536582,2
160537625,0
163865141,3
164976591,2
163869681,4
163869211,2
162783361,0
164957281,0
163853721,3
161633501,0
161635141,3
161629581,2
164253081,2
163434181,1
143435966,1
163432671,4
163432661,4
164215931,3
162470941,4
156305276,4
161235353,3
162468831,1
163405581,0
163404271,3
162294241,3
162294251,4
163401751,2
163401961,3
163401521,4
163401531,4
163401481,0
163401561,0
163401391,1
163401381,3
163461741,0
162464472,2
162464501,0
162464511,2
162464541,0
162464531,4
162495063,1
163467191,0
162495951,2
162495502,2
161711261,1
162703961,0
157123782,3
151549003,3
162723331,3
151534373,4
162720181,4
162720131,0
162720381,4
162720281,1
162717851,0
162717811,0
162717781,4
162717771,1
163934861,0
161731801,0
161731761,1
161731851,0
164900841,3
164900361,1
164900431,1
164900231,2
161723641,4
140461847,2
162682812,1
161703391,3
162666051,0
163928821,4
163929601,0
164911151,2
154894322,1
163930191,4
162723301,0
164910421,4
162616801,2
161508872,1
161721681,3
161720591,1
153758513,1
161720311,1
161719671,2
163915992,2
162778431,0
163864341,0
162775701,3
163861961,4
163951971,0
163952581,3
162670331,4
161682211,3
163951122,2
163953141,3
162689891,0
161695701,1
161696461,1
142810548,2
150285902,4
164986451,4
161669172,0
161670511,2
163847301,0
1422619827,0
163847071,2
163847002,3
163845761,2
143805757,4
161699071,3
112024312,4
161707001,2
162677191,0
161706181,0
132875553,2
160442274,2
161709321,3
157099605,2
162661431,0
162660981,0
155980603,0
161519201,1
163985111,4
161515521,2
163982941,4
162618051,3
162618141,4
154720467,4
160646264,1
162605171,1
154709213,4
162608681,4
160650583,1
161484392,0
161484381,0
164008021,2
161494591,2
161494583,1
161494721,4
162597581,0
162600231,0
164005881,2
78218423,4
162717491,1
143820312,1
162627731,3
161527611,0
161524381,2
162635321,1
161497361,1
164031321,3
162613161,2
158151463,4
156193073,1
161510111,4
158144252,3
164033521,1
162619502,3
164035701,2
164035321,3
164035371,2
161498641,4
164030171,2
164029501,4
162638181,3
161521241,2
161521271,4
161521201,0
157552883,1
158673611,3
160119681,4
131260602,4
161093221,0
160150441,2
157583284,3
161111121,1
158679081,2
158679111,2
160126991,4
158687301,4
158687271,1
155596742,3
158690961,1
161107471,3
155592324,0
161109561,4
148676792,3
158682871,4
158684461,2
154186274,3
158628672,1
158629031,2
158629511,1
160066971,0
160066861,4
158622641,3
143148639,0
160069011,3
155649702,0
122365726,2
161178751,2
161178761,0
158614741,4
158614751,2
158614661,2
158614671,0
158614691,1
161181051,2
157645993,4
160063021,4
158645931,1
158644391,1
158644371,1
161191271,1
158641611,2
158641601,2
158641632,1
141012395,2
156073501,0
154858061,1
157046351,2
157038471,1
157037151,3
154833151,1
115928769,4
156053722,0
153853261,4
154840711,1
156055711,4
154839371,3
156055561,2
156051391,3
154841372,3
154841361,3
154841311,0
156052671,2
156052652,1
156052611,4
151645284,0
156052841,1
154844991,2
156053251,3
157032301,3
156051873,4
153048872,2
150096532,1
156999231,4
156999222,3
156999261,3
156999251,1
156999271,4
155001651,0
155890331,1
157053941,0
156059891,4
156059941,2
156070051,0
156071312,0
156071331,1
155986671,3
155986541,1
154909142,2
155989201,3
154903492,1
154903541,4
918482117,3
148335032,1
152583102,4
142388473,4
142785672,3
154820131,1
152584081,3
157086351,0
157078081,4
154825941,2
157079111,4
141413469,3
154797141,4
157073171,2
152596631,2
154807662,3
154808121,1
152955551,3
155158121,0
155158282,1
155171152,0
156919361,1
150187332,3
155928831,1
154003591,1
149065823,0
155723441,4
154044111,0
155170211,3
156833222,1
156832431,3
156831451,2
156831331,3
154049891,1
156829551,0
156828792,3
147062293,1
155736392,0
155176841,2
155174051,0
155832371,3
156819881,0
1315966712,2
155834591,0
155834581,0
155834571,2
152842182,3
129760219,4
155079241,0
156823861,0
156823873,2
155828451,4
152876372,2
143011987,2
156781971,0
156780191,4
118533765,3
154128052,1
155803701,3
156783572,3
156783621,3
154125984,4
155802271,0
152873321,4
156790202,0
154137192,4
156788441,0
156788411,3
156793591,2
150056524,4
156793251,4
158678622,2
158678031,0
158677931,4
158677501,0
160110121,3
155829481,4
155830701,2
152831882,2
155084571,1
145026963,3
155839741,0
155090391,2
152891291,1
146081875,2
155791091,4
116180026,1
110842163,4
156775591,3
152891691,3
155042802,4
155958231,0
154937981,3
155958375,2
155959201,2
150145253,1
155969841,3
154944703,3
153976774,4
155965681,1
154949531,1
154950261,1
154950001,1
155924771,2
146218192,2
146217102,0
154969081,1
154970032,1
153017212,2
146839844,3
155757251,0
155759631,3
156861801,3
146052686,3
155758611,1
155758601,0
155761701,3
155770351,0
155152761,1
156882661,3
156882421,0
151791092,2
155773861,0
1427129410,0
155773111,3
156884451,0
155151841,3
152898742,3
155716361,3
140182152,4
148013295,2
152908181,2
147997372,0
145088022,4
155045101,0
156985951,3
156931541,0
156931281,1
153945571,1
154941214,0
101734966,0
152006591,4
156934441,3
156934611,1
156935501,3
156937111,4
154952011,3
155971861,0
153965252,2
154953861,1
154953911,2
154953931,1
154954651,4
156937051,2
156937311,3
156938341,0
156940052,1
973741110,4
156939451,0
156939401,2
154934921,0
156942201,3
154934911,2
154934901,4
154934891,4
154934461,3
158636702,1
160073711,3
158661681,2
158659521,2
148709932,4
158660201,0
160102971,2
145402623,0
158634331,1
161198021,2
161194141,0
161210281,0
158648931,4
149834985,4
158648651,4
158650081,3
158649871,3
161210981,2
161211331,0
161211321,4
155686883,4
161211751,3
161212141,2
147842385,2
161203281,3
161203331,1
116426998,2
160967571,3
160329801,0
160331442,2
160359361,2
157404942,4
158394321,1
158394401,1
160351221,1
149573884,4
158391992,0
158392011,4
158392001,4
158342311,2
158342031,2
158386621,2
160357621,1
157416515,1
158382002,3
158382531,2
158382811,3
160347811,2
160347381,4
160347201,0
160347571,1
158377802,1
160347081,0
160347111,3
158379471,0
157749783,1
155546243,1
161023241,3
161023151,1
161023071,2
161024241,3
161025781,4
161025501,1
161045591,3
151119972,4
161054291,3
161054281,2
161052941,4
159944121,0
161070281,4
161067431,2
158767061,1
159942561,1
161065951,4
161040081,3
155530335,3
154316777,4
161041041,2
159938661,3
154282583,2
158788411,1
158785681,0
158428851,2
158428861,2
158428821,2
158428831,1
139539954,3
160393631,4
156441863,1
153388972,3
161381331,0
161382151,4
158422682,3
158422721,4
158412591,2
151435603,0
161351111,3
1421019825,3
158409651,3
158409591,4
161350391,3
158408861,1
161350371,0
160378871,2
158413931,4
158413711,1
160969201,3
160970351,3
158799181,1
159975241,3
160970121,0
159976161,2
158811801,2
158811781,1
158811811,0
158810443,0
160981551,1
160981091,0
160981031,0
160981161,3
156576844,4
160986651,1
160985271,4
159981791,0
159981881,0
158806251,0
158807981,1
158807811,1
159983161,2
159983721,3
158808621,3
159984581,4
159984721,3
158811491,1
160982051,1
122164942,4
158822431,0
158825641,0
158825651,0
158825531,1
106635243,3
158825031,2
158824591,0
158824581,2
158824611,4
160979751,0
160999771,2
160014261,4
160014241,3
160987671,1
158816871,4
158819861,3
160003991,2
108619372,2
160972891,4
160972931,4
158456001,1
158457251,4
158457291,4
158457061,1
158456951,4
153366283,3
158457361,1
158457381,3
158457391,1
158457451,0
161383591,2
158445311,2
148398042,1
153372282,3
160410822,2
158448911,3
143499473,4
160404971,2
160404211,2
155373593,3
155388542,3
158358021,2
160321313,0
158355381,0
158355212,0
157369714,2
158365261,1
158413681,3
158413001,0
158403651,4
158404401,3
161360751,4
161363311,3
158792351,0
158789921,3
161362251,3
158462181,3
158463391,0
158463081,0
145731799,2
158450481,1
119234042,0
159910911,0
159914851,1
159946021,1
156558343,2
159952881,2
158776341,3
158775221,1
158775261,0
158775251,1
158775011,3
153312313,1
158769591,2
158769931,2
150826623,4
157803311,4
159957881,2
158780832,4
158780001,3
158779424,1
157807762,1
155554453,1
158778041,3
155740011,1
149986983,3
155183461,0
156846331,0
155742331,2
146035684,3
155182331,4
155182411,3
152854712,3
155062221,0
155061991,2
155818681,2
155070371,0
155069171,4
152852261,1
155070751,0
155070771,3
155074503,3
155072541,0
155072551,4
97022834,3
155066151,2
155065621,2
154079661,2
155067221,3
154080132,4
154101335,4
152844233,0
160974921,4
160975371,2
158801581,1
158802391,1
160960071,3
149754103,1
161003271,0
158835671,0
158835531,3
160018951,4
160996271,3
160994741,4
161016971,1
161017043,3
161021621,4
161021651,2
161021501,3
161021531,2
161020711,4
161020091,4
147467102,0
151346132,0
160226011,2
161337681,4
158528221,1
160230611,0
160230551,1
161323601,1
160213661,3
158513891,3
161324161,2
157520825,4
161318721,4
160216311,2
158508691,3
160216571,1
158509531,2
152308592,1
943152865,4
158510642,3
159236071,2
160603201,1
159235191,4
159233331,0
158113511,4
160609572,2
159620361,2
159588911,4
158078521,1
158077241,1
159595581,2
141437736,3
158084121,3
159582991,3
159584511,1
158088441,0
159605931,1
159636141,3
158477361,3
158478311,2
158474411,2
150574843,4
158475031,0
158475011,2
158475021,4
158475071,4
158475051,1
158475121,0
158475111,0
158474901,3
160184041,4
158476241,4
158476261,3
158476191,2
158476211,3
158476111,1
158475941,0
158475881,1
158475891,1
161268641,1
147524113,4
158591113,2
161271911,1
1452734812,0
160222781,2
160222081,1
160225261,0
161341562,3
158515263,4
158524451,4
158524551,2
160232551,4
158525251,3
157538303,2
158523601,4
161337191,0
160234031,3
161335911,0
160234051,2
161336121,3
160204181,3
160204261,1
161332031,0
158506671,0
158506491,1
161332821,3
161325231,3
148591846,2
160207631,3
161327511,4
159619791,1
158120361,4
145917864,1
159638311,0
1398694110,0
159645341,1
159641801,3
157255452,4
159643142,3
158127202,4
109956183,0
156139956,2
158130761,2
158111361,1
158110491,4
151693162,2
158074601,1
159589942,4
160285491,2
149510123,2
149510465,3
158587871,3
161268921,1
161268911,4
160298141,3
160298151,0
161269051,3
161269281,2
161269471,3
161268061,4
157454442,1
148533652,2
161254451,1
161257401,1
161257321,4
161257341,2
161257691,0
161257711,4
161257601,4
161258481,4
161258431,3
161258391,0
161258071,0
158578931,4
161258521,4
161258531,0
160279761,0
160280531,1
160189831,2
158490411,4
1323330817,4
158485402,2
160192812,3
158556831,0
1336391710,3
158562491,2
160260241,0
160260231,3
160260311,1
158561091,0
161230491,0
161230501,1
161230521,3
161230512,4
152412383,1
158542941,2
158547651,0
156313162,3
158553911,2
158552781,2
161223561,3
160245732,0
160290151,1
161279241,2
158496862,4
160196831,0
155243732,0
152380523,1
161260611,3
158566511,3
161262291,2
156364127,4
158494131,4
155270572,3
155270822,2
160201571,2
160201401,4
160201441,4
158492431,4
158492451,1
151384574,2
161300831,3
108814722,3
161298711,0
158473011,4
158473171,2
158472271,3
158472401,4
158472361,3
161299311,4
161299301,1
161299291,1
158472591,1
158472611,1
158473241,3
158473431,2
158473681,4
145512195,2
158470235,4
158472191,3
158471991,1
158471291,0
161298401,0
158471451,4
158468901,2
160176271,4
161295251,1
161295261,3
161295271,2
161295281,0
161295301,4
161295321,2
161295331,3
161295341,4
161295381,3
161295391,3
161295361,4
161295371,3
158467461,4
149454985,4
161292231,1
145518643,0
108803082,3
137008543,4
159208671,3
159208561,3
159208531,1
159208541,4
159208871,3
159208881,1
159208861,2
159209021,3
159206641,0
159207061,4
159562101,1
159562071,1
159561602,3
159606541,2
159606601,1
159213042,4
158094561,1
160581301,1
160677411,0
98509172,3
159548602,3
159181761,1
159181791,3
159181741,3
159181751,1
151573754,2
1309892615,3
155980601,1
155985721,1
155985822,3
155985902,3
156061781,3
156063141,1
156062891,0
154807041,4
157057931,4
151610832,3
154861411,3
156046391,0
153860491,3
157042221,1
155438095,1
158374501,3
158369611,2
158371781,3
158370311,4
153533902,4
154636243,1
158353111,0
157382053,0
158349141,0
160314681,3
160240951,0
157429182,3
160236211,4
157425982,3
158542681,4
158542571,4
158559161,1
164608982,1
162078691,1
154251872,3
164601901,2
164602611,0
155592325,4
164603391,0
162074152,2
149930554,1
163056451,2
164590651,1
164591521,2
164590512,0
160150442,2
157583285,0
157579952,3
162085081,4
164600881,3
164600891,2
162134041,0
163059081,2
163105031,0
164583542,1
161211332,4
161212142,2
163237111,1
163236971,4
162263251,0
162263221,1
162261792,1
161003603,1
161003643,2
161003523,3
161003543,2
161003672,4
163242561,4
163242601,0
163242691,2
163242651,1
160018952,4
163248411,0
164457601,1
163247802,0
164438001,3
162250731,1
162249351,3
164434251,1
160801621,3
159024981,2
148066728,2
159030141,0
159029351,0
159030471,4
158047791,4
158040511,0
158040461,3
158041471,1
158041431,2
135208923,1
158042241,1
159689221,2
159688731,1
158044041,1
158043731,2
159669271,4
159669251,3
159669341,0
159669321,4
159669411,1
158033661,2
158033591,0
158033671,4
155779923,4
159018861,0
158031381,1
160778821,3
160778831,0
159017061,2
160778811,4
159017031,0
158029231,0
158029071,3
156763612,0
158028931,4
159016861,3
159674821,4
159021791,4
158993371,1
159652021,2
159651931,3
155802273,1
146992025,4
158993451,3
160768171,2
159650451,2
160767651,0
160767101,3
159003261,1
159003251,4
159003301,3
159003281,1
159003291,2
156783573,0
158009111,0
158009101,2
158009151,1
158039211,4
163147951,3
163147962,0
155656386,4
144270024,4
164537531,0
164537521,4
161175014,3
162007151,3
158628673,2
163135421,3
164557501,3
163147721,2
162028341,4
163146241,4
164559311,1
163141351,3
162031482,1
161167334,3
163101601,0
162103701,2
162103511,2
162105171,3
164567981,1
146478766,2
163130134,0
162011881,1
162011321,3
162011271,3
163130571,3
163124451,3
163124691,4
163124671,3
163124611,2
161179552,4
162068401,0
162066941,2
162041583,4
163167701,0
162062992,1
164519101,2
160079442,4
162068991,4
163181111,3
151205463,4
162058891,4
162048381,0
162048191,1
157673863,3
163156891,1
148709933,1
162044351,2
162045551,2
162045581,0
163164051,3
163163461,1
162042221,2
164509581,2
163122012,2
162020771,3
163184251,0
163182662,0
162055781,2
164521061,3
116426999,2
163204101,0
162226721,1
162227961,4
162203341,4
162203271,3
162203211,1
164473921,0
164472892,0
145308746,0
162204421,0
163236551,2
163216121,0
164468401,4
162215511,4
163186221,1
162215391,3
162215421,3
164482142,4
164492261,2
164492251,3
164493481,3
164494781,2
164494641,1
164465861,1
164465881,2
162214501,0
164466811,0
162217021,2
162206321,3
162208971,3
164469231,1
162210082,3
155685533,4
155634543,2
162110021,0
162110061,1
162110091,3
162110081,2
162110121,2
162110131,1
162110151,0
162111431,0
162107831,1
163095361,4
162105851,3
164545511,4
131320823,1
162033581,4
162031971,2
161168333,4
139826533,4
162111531,2
164553831,0
153686603,0
160679401,2
151726546,2
159185601,0
159186561,4
156212195,4
150437092,0
159569341,0
158198091,4
159210801,2
159210903,3
163681571,2
162923121,0
163687631,0
162979761,2
162000291,4
163664381,4
163698941,0
163700191,1
155174052,4
136286565,1
163703741,3
161956981,1
162952941,2
163702591,2
162970701,3
163657101,3
164627491,1
161984611,4
161987142,1
158867162,0
162877531,0
161978031,1
161763001,4
164879761,3
164802101,3
162821131,4
163833741,1
158936602,3
163838031,4
162812871,4
162812891,2
162812861,2
163830221,4
163829131,1
163829191,2
160834502,2
163822911,1
161816561,0
161819621,2
161819611,3
162797741,2
163817061,1
161824101,4
164800371,0
162792491,0
163787781,0
163787791,0
161847501,3
161848081,0
161849051,4
161850051,4
161785021,1
163710941,0
163711201,1
164853851,3
162912351,3
164854021,0
161803031,3
162913231,3
163756761,3
161750791,0
164856791,2
164851501,2
164851511,3
164851451,0
164851441,0
161806611,0
162913542,0
162866761,0
164856921,0
164856961,1
164856981,0
163748921,0
162858061,4
161756401,4
161781202,1
157931563,0
161782301,3
162903391,0
101734968,3
157927672,3
164829281,4
161777681,3
163740691,2
163740371,2
164844481,4
164844291,0
160928172,4
157909512,2
164843901,1
164834801,0
164834631,0
164834491,1
158911772,4
164652611,0
162973181,0
162003801,4
162974631,0
162984001,1
161989341,0
161989351,3
1427129415,2
161948962,0
161949132,0
155714185,0
163683001,0
161994841,2
161751533,2
162883441,4
161795171,4
162907311,0
162907561,1
163731451,0
161806231,3
164876761,1
162875602,0
162876231,3
162874713,2
162744381,0
162745401,1
160514013,0
162756921,4
134996108,0
160522602,4
140380547,3
163875311,4
161860381,0
163804802,0
161856232,3
163799201,0
161865311,1
161865531,4
161863761,2
163805542,3
161863854,0
161866141,1
161869471,2
161867991,1
163796281,0
164782571,0
164782172,2
162843921,3
160720191,0
156857972,2
157951721,4
157951941,3
157957551,1
157957541,0
157954491,1
159767371,0
147002765,3
157994001,0
157976191,2
157975991,0
1427129413,2
157925541,4
157927671,3
154942314,0
158909101,2
156934745,2
158908981,4
158909371,4
157939272,2
159831581,0
158911451,2
160950711,3
158912061,3
158911511,2
158911751,1
158911771,4
132928712,0
159817151,2
158897291,2
158896801,1
159810231,2
159813101,0
160939071,4
157914061,3
160927491,4
158906131,2
157909311,4
160928171,4
149073359,4
157984281,2
157986171,3
157986151,4
157986141,3
157986131,4
157986121,1
157986111,3
157986101,0
157986091,0
157986081,3
157986071,1
141088915,3
160752832,3
152924104,3
149065824,4
158000022,3
157993711,0
157993331,3
157993361,1
157993211,1
157996111,1
160746651,0
160746831,3
159776431,0
160725811,1
157967991,1
157968241,3
157968251,1
155714184,0
158941301,2
156982803,0
160831801,1
160889591,3
158980881,0
158981641,4
157871691,3
158981741,4
158981821,0
160882881,0
155847972,1
158945421,3
158946172,4
157837042,0
157836842,3
158938341,1
157810691,3
160828782,2
160828651,4
158936601,4
158936221,0
158936231,4
158936141,3
157817761,2
1408323010,3
157977601,4
157962411,0
159060181,1
159060161,3
159060171,0
159060201,4
159060151,4
143078785,4
157944701,3
159725691,0
160694871,1
157947691,2
159701441,3
157959291,1
156833223,0
160917001,1
158861641,4
160899251,2
158859581,1
158859571,2
158867131,0
158867121,2
158867191,1
158867181,0
158867171,1
158867201,0
158867211,2
158867221,3
158866181,0
159779751,2
154003592,1
159788321,4
158873901,4
159787382,4
160896851,4
157877821,3
160896101,1
158871821,4
158861971,1
157909511,1
160930751,4
158906541,4
158906421,4
160929901,1
159815221,3
158893121,2
157898931,2
151781422,1
157983161,3
157983681,0
147997373,3
160434031,4
160435131,1
160435151,4
1545942812,3
160456491,2
160456701,0
158223831,1
159481171,1
159481251,3
156098273,2
159421822,3
158315661,1
158313291,2
157879331,4
158875631,2
158885041,0
158884921,3
160913721,0
101765202,1
160919591,3
158880291,1
160919631,0
160919961,4
160921341,2
160917561,2
160918701,3
160919511,4
160919281,4
160915941,4
159797981,0
158875781,0
158875831,0
158875771,0
161018981,1
161019031,4
161017871,0
160038101,1
161009081,0
161009041,3
158853841,3
158829961,1
155505554,0
158827871,2
158832931,3
158832681,4
158832761,2
161003601,0
161003641,3
161003521,3
161003541,3
161003671,1
158830611,2
158831521,3
161013581,2
158858061,3
158857201,1
158856021,4
158855661,0
159915471,1
161026801,4
161026571,1
161026591,0
161026841,3
161026881,1
161026111,3
161026392,0
161026382,2
161028101,3
154336874,4
161022971,4
161022781,4
132840272,0
156053252,0
150339068,4
160528071,1
159403881,1
139411302,1
154837682,0
159282481,2
159282471,0
160865151,4
158967061,3
160860151,0
158969041,1
160880391,4
159901411,0
158987351,2
158989261,2
157862541,0
159902551,4
158988752,3
158989831,4
157863581,2
157600781,0
157633981,2
152226274,0
155662491,2
157637441,0
157624111,1
157624101,3
157624081,1
157624071,3
149852514,1
87592302,1
155664531,1
151226952,0
972987317,4
148753855,1
156657451,4
154191691,4
156652271,0
157619931,3
155669811,1
155669801,1
155669791,0
155669781,3
155669761,2
155669521,3
155669731,2
155669751,2
155669721,2
152215611,2
157626581,4
156659601,0
156635451,3
157316821,4
154507541,1
157314011,2
157311531,1
1494415212,0
155345341,4
156462271,1
157299901,4
157299551,0
155349012,4
155348111,4
155348081,3
157289171,3
155347921,3
152540381,3
155345441,2
154530491,1
154530481,4
154530471,1
154530502,4
151092882,1
154282442,2
154282622,1
155563031,0
152061771,1
155335451,1
157708011,1
157707851,1
156579961,1
155506341,0
157723641,1
155501031,0
145347834,1
154382614,0
157698811,0
157698801,3
154384501,1
156626041,4
153255522,3
157703811,1
155466391,0
155461371,4
157697211,1
157697331,1
154364224,0
157720021,1
145352126,0
157714981,0
157715001,4
155512491,4
149764872,4
155512411,3
156594031,4
156595401,3
153283141,3
100058832,1
156597631,0
155471621,0
156582811,2
156582452,1
143328932,3
152144902,0
145323584,3
123299312,2
153241102,0
155509881,1
157744121,0
157742641,0
157742741,2
154338833,1
157741161,3
153236401,0
157741961,2
157740211,2
157740131,2
157739421,3
157739351,3
157739071,0
157739841,3
157739781,4
157739681,0
149770864,2
157738861,4
156611361,4
155536341,0
154316776,2
155531611,3
155531401,1
156563862,1
156563901,2
154295334,3
155526461,4
153326921,4
146403842,4
156558721,2
151069192,4
153312201,0
143325682,1
155553041,2
155552871,2
154277832,3
154276953,4
152073012,1
153304673,0
155555271,4
154287181,1
155560381,0
149716293,2
152064622,0
155520411,4
155519331,4
143293752,2
143293793,2
155522821,2
155521711,1
154304682,1
156436321,3
156435631,3
155330281,3
155330261,4
155329961,4
151446573,3
157317501,4
152559773,2
154333392,3
152082153,4
154336873,3
155546421,4
157736941,2
154349254,3
157736171,1
157735951,4
157736321,2
157735611,4
157735571,1
157735621,1
157735451,4
157735541,0
157735801,3
155499451,3
157735041,1
157735141,3
157734961,2
157735021,1
157735371,3
157735251,0
155498931,2
155497801,3
156599011,2
155497011,4
155497411,2
146314649,3
155495922,3
155495882,4
155495872,2
155495481,0
151100372,0
155548661,4
155548281,3
154310173,1
157729771,0
155492851,4
156528911,1
156633801,2
157637651,0
154185692,1
155649701,1
155649721,2
150990193,1
137521912,2
155700451,2
156695131,2
155705292,4
157643771,0
154174391,4
157643481,3
156640921,0
157643991,1
157645651,0
157645581,2
1456758112,2
156686562,4
155704001,1
157661741,3
157661731,0
156689671,1
155691991,1
155690941,3
153164221,3
153164324,3
156663951,3
157667761,2
155706791,4
155706891,0
155706991,3
155706971,0
155707011,3
155707031,0
141012393,4
155685532,4
156673722,1
157676761,2
156591451,2
157693201,1
156592601,4
143180118,0
157673862,4
153166181,1
156674261,3
156576871,2
156576881,3
156576861,0
156576851,1
157712171,0
157710811,4
155451501,2
152031332,0
152995651,3
152020531,0
154004491,0
152013531,0
152013511,4
127602326,0
146862699,3
128471883,2
154001671,0
152925581,1
151983161,1
152970341,1
153973701,2
153975671,1
153975681,0
153975701,2
150203341,2
150202601,1
146220786,4
150201011,0
147978131,4
149033051,3
149034721,1
149034141,0
150154132,0
150153231,4
147976021,3
139025762,2
149074772,3
146861302,3
134008702,4
146902424,4
149149291,1
150110761,3
140075504,4
149139911,2
142939773,1
148004831,0
149996331,0
146014432,4
146015613,2
148026141,3
149021511,0
148027112,4
149991331,4
147062291,0
149010611,0
148039211,3
149989291,0
148037301,2
148997451,3
147852411,0
146191482,2
147854721,3
147855011,2
146191284,1
147855651,4
149113601,3
146890652,2
1426281711,0
150090731,3
147871151,1
150090801,3
145213324,2
87365055,1
146052503,1
148020781,2
149012621,2
149013762,4
149014302,1
135193893,2
148011463,0
150007541,0
150007531,1
148013293,4
148013303,0
147043072,3
149960131,4
149960121,0
149960111,0
109606273,0
150196981,4
146839842,0
149092951,4
149092961,1
100789255,0
147010882,2
147010842,1
147010862,4
147997371,3
130907762,1
147029261,0
147987051,4
147002342,2
144106022,4
146997764,2
148035501,1
148035541,1
148035521,1
147049541,1
146035682,1
149984071,3
148042501,3
136207653,2
148928251,0
148056211,2
148899253,2
148900401,2
148072591,0
146931302,2
146929004,4
150120359,3
149137571,3
147911071,2
140080243,4
149133641,0
150173522,4
147946531,2
149042703,2
150145251,1
142908393,0
150166371,3
128494043,0
150160681,4
150161321,0
150161201,4
150059481,0
146947392,3
148049171,1
148955481,4
144144132,3
146081873,1
150056522,3
143013764,4
148935981,0
143011986,0
144127443,4
150047921,1
150047831,0
145446296,3
154259651,0
153152691,1
154262011,4
151168481,2
151170072,3
153144111,2
153143511,2
151164861,3
152284591,4
151166701,4
152283361,1
154249341,3
154251871,4
136492153,1
154245891,0
153135971,2
153135961,3
153136561,4
149936674,3
151142301,3
154233801,0
147669692,2
151312651,0
153531772,1
153530791,0
152429221,1
152412381,3
152412602,3
150515132,2
140516744,4
152420061,0
150528051,3
1451654810,3
152422011,4
151299071,4
120255786,0
152399011,1
153501311,0
147533472,1
153491341,1
153491351,0
153491321,4
152380522,1
153511231,3
152385391,2
153488961,1
134634972,0
151266061,4
148532299,0
145619726,2
152378711,2
143555246,0
153594891,3
150481131,4
153553301,3
152329191,3
152323511,2
152323501,4
152323491,4
153556611,0
151353381,3
131417066,3
133639176,3
153580541,4
151333841,2
152308591,3
943152856,0
151338811,3
151329361,3
152311341,1
151332392,3
152311801,4
152333912,1
151346761,4
151346131,2
143412162,2
153463551,2
153463531,2
152514911,3
151391721,0
147422415,3
149629292,1
151403051,3
153372281,4
151397471,1
134484922,1
152507311,2
151397151,2
151397211,4
143496472,0
154497501,4
151400171,1
143498753,3
151495601,1
152472871,3
152473391,0
152483341,3
152483371,0
153358062,4
154484401,4
148384192,3
143519094,4
139566273,4
131470513,0
153416561,4
151423351,1
153411613,0
153411631,4
1389965113,1
153358841,0
149663062,0
151435561,4
151435601,3
151435611,4
151433801,4
152541383,2
139574203,1
151708031,4
152821181,2
151710862,4
143683615,4
151714531,4
152817271,4
153620771,3
152825231,4
153705741,2
151730591,1
151731051,1
153701471,4
151726544,3
151726472,0
151725191,3
148201822,4
153700241,4
151723232,1
152534231,4
153366281,2
151401592,2
150607703,4
151504711,4
153468581,1
1330359811,1
151507231,0
146747425,3
143499612,1
71249192,2
153383571,0
151366431,4
151363721,2
153600762,2
145518642,0
1435529110,3
136694477,0
148625415,0
153601641,2
139616653,2
150574841,4
153561062,0
153597191,1
153583991,2
144957033,4
151350342,2
153634871,3
153633671,2
152788221,1
152788241,0
151657931,3
152773731,2
153628581,0
139245673,1
152724951,0
152729771,0
153692621,4
153707191,0
152717711,0
153688091,1
153690001,2
153689871,4
153686601,0
149294764,4
137056062,4
153713041,4
153712021,4
151720471,3
151720492,0
151720501,4
150416632,3
149298242,0
153690721,2
151732611,2
151732661,0
152733381,3
151755913,3
152742792,1
152745251,3
149533581,4
147575541,3
150503851,3
147575231,3
145588862,1
149504762,1
145618982,0
143555245,3
148605833,3
148606501,2
147504471,1
148603171,1
143552916,1
149475512,1
145495242,4
148610721,2
149471751,3
144665032,2
150585851,2
144663396,2
138609174,4
149590371,4
150702411,4
149600551,4
150702151,4
145652103,1
145653042,2
147387761,0
149587762,3
139502187,0
149585121,4
149584941,3
149585401,2
147332761,2
145669764,4
149584871,4
148451691,2
143445305,3
149580062,3
149575561,3
149575571,3
149575121,4
149573881,0
145658162,2
148439331,1
116121755,4
149410481,3
148147561,3
149373801,4
149403551,0
150373991,2
149404351,4
150410161,1
150410211,1
149306311,0
144899704,0
148201821,2
146734202,1
149624241,0
146729573,3
147422414,0
143506835,3
143506662,2
143415474,0
149617511,0
148484491,2
1330359810,1
148478261,2
136807902,1
131573625,2
148480301,2
149614061,3
143412292,3
148490361,2
149593861,2
150485491,1
147553621,3
148622371,0
150579531,0
150579401,4
146629562,3
136694476,3
149456621,2
136692062,0
149455101,0
146633012,0
149454981,2
149454912,4
149465731,4
147470022,0
148571861,0
150695051,3
147340252,1
149572311,3
148467201,3
143398132,3
143396217,4
149594472,2
149556911,1
150532821,4
128124782,0
148542681,1
136611154,2
121350606,0
150530501,2
138558034,2
145675817,1
149559831,3
149560202,3
148459001,1
148460341,4
149548941,1
149548171,0
145564382,4
149545031,3
149545121,1
136624992,3
135783432,3
148540881,3
139657945,1
149542681,2
147072452,2
128750792,1
148238621,1
141501522,4
150444931,3
147121921,0
144855798,2
149331671,0
147147052,2
142712947,4
142587613,2
149388392,1
144943072,2
149382591,2
147129131,3
145917863,2
147133401,4
150363941,0
150364531,3
149376681,2
149294763,3
143761242,2
146010542,0
150416631,0
149297111,2
149317022,1
149315681,2
147063371,2
144883363,2
150437651,0
150437661,3
150437091,1
149310151,4
148182631,3
154586881,2
154583801,4
157495371,3
149454984,2
157486251,4
154582941,0
143547374,4
157503281,1
154581932,3
157502401,3
144663397,2
153583992,4
156242721,3
157483091,3
156248903,2
155260491,3
153561182,3
152333914,0
154659401,4
154662171,1
157480441,3
154603061,1
157480961,3
157475961,1
157475931,1
157476051,4
157437771,2
154646972,3
156309483,4
156308002,4
152425393,4
157434671,1
1451654812,2
157440321,4
156305273,0
155202681,1
155202501,1
157438742,3
154641341,2
157474871,0
157454441,3
154625781,2
156355192,0
155253601,4
157457302,0
153508291,3
156356101,3
155253961,1
152374705,4
156357561,2
156356891,1
141656573,4
145619727,2
156269621,3
157494731,3
1435529112,1
156266931,2
156267991,1
154585171,3
143555249,1
155256911,2
154577002,0
157504791,0
155268581,3
155268591,0
157504801,3
155268531,3
156239111,4
155389401,3
157376751,0
153468091,4
155390593,4
155416071,4
78003362,0
152484822,3
155402521,1
155409172,4
156396211,4
157364361,2
155426871,0
145669765,0
155430101,0
155430021,2
157404941,1
146729593,4
143506837,2
153455901,0
153393601,1
154484402,4
155364421,3
155364441,1
146716603,4
157349921,1
155360431,0
155360421,1
156467551,4
156468531,2
156471201,0
149645364,2
155361921,4
157335691,0
155360412,0
155360571,3
155360591,4
155353561,4
155353321,2
157344366,4
97674929,0
115845384,2
155339711,2
154523531,3
155336751,1
153411614,0
155337581,0
131573628,4
155431661,1
148451692,4
155432592,1
157411831,2
156417521,4
157412462,1
157416211,1
155424791,1
156423551,4
156423891,0
155438131,3
143435965,0
155442001,3
152510181,1
118103624,1
143498754,4
1462583310,3
153383573,2
157334401,2
156487501,2
157326521,3
153376871,4
155401131,0
155401121,0
155401141,1
157375182,4
157375081,2
155401271,3
155402021,4
157374361,1
153463581,4
155388211,4
153462962,4
155390193,2
157382052,2
146747428,0
157355181,3
145652105,3
155413211,0
151495603,4
1434453010,2
152429771,3
154633511,2
156313161,0
156419721,4
156419921,3
155448111,4
155448281,0
155450431,1
155450411,2
156421571,0
155449471,2
155449461,0
155449451,1
154634101,2
153530781,0
150530502,1
154639521,0
154637981,0
152412382,1
156328401,1
154649171,3
157430581,4
152420191,3
154654351,2
154659531,0
155235131,2
147524112,1
155232231,4
155231451,0
153488962,1
155233621,2
153488172,2
155232561,2
155232421,3
155243462,3
155243552,0
156361761,3
157465221,2
156364561,4
155238621,4
155239041,1
156366471,2
154135971,3
143013766,1
152875131,2
146101782,0
155612821,3
157553211,2
156713271,4
157553121,3
157552911,4
157552721,4
157566791,2
156702811,3
157577341,1
149930553,1
156706361,1
150964711,4
151236331,2
152208601,4
152210241,1
149852512,2
151224881,3
153215041,1
153218921,0
151226951,0
152228451,3
154186271,4
152229931,0
151226691,0
148753854,2
152205391,4
152207041,2
154148611,0
152206831,1
150956291,4
152203941,3
152204142,3
153166231,3
153166101,2
153166091,4
151223541,0
150952801,4
150951631,1
151215272,3
151215261,2
151215251,3
152153293,0
154265151,4
153146611,1
152276511,2
139819372,0
151174222,2
153148291,4
151174021,4
154265971,1
152296791,4
153137861,3
153139181,4
153139211,2
152300961,1
152301281,2
151176221,3
154244911,2
154244921,4
151135521,0
152260451,1
152260331,0
154382611,4
154382631,1
153256271,1
153256111,2
153259982,3
145308745,4
153255521,3
150738431,2
153242291,3
150736241,3
150773852,0
145316332,0
152157311,2
151031742,2
151040601,4
152141971,0
148831152,2
153272821,3
150765611,1
153262621,1
145305972,3
153241101,1
153238561,4
154338731,0
150760931,1
152139251,1
154349331,2
153229091,3
154346651,0
154346641,2
141938343,3
143380733,2
151093561,4
153347941,0
1456758110,0
143171063,1
151202281,3
151200011,2
151220172,3
151217391,4
151222512,0
151196531,1
153186491,2
144967552,3
145026962,3
150018531,2
150046311,1
148959401,3
116180023,0
99260982,1
147942551,0
147942951,0
146275012,1
150148301,1
150187331,1
150187041,1
146862695,2
150184291,2
149065821,2
146478765,4
154183461,1
147622952,1
153196702,0
154183931,4
154183921,3
154183941,3
151256111,1
146479692,0
154178241,3
151241061,0
151242381,1
150987013,0
145366682,1
150990192,0
1424197113,4
153202901,1
152232242,2
150994251,3
136089582,0
139030981,2
139031801,3
139031652,2
139032262,3
137739251,2
139113493,1
138551612,4
138558033,0
139657943,4
137105381,3
139111861,2
137731482,2
138546312,4
119760792,3
137676753,4
139625421,3
139625121,4
137199611,2
138193122,4
139148211,0
139629511,3
139629491,2
139629421,3
139629411,1
139629431,0
137206841,3
98167962,0
137671711,1
139591531,1
137839061,3
138402981,4
132462512,0
139587031,3
139586911,3
140080241,3
138954401,4
138405971,1
137852761,3
140070741,1
138407631,3
137285381,1
110321462,3
138615251,2
137175171,1
140120951,4
140117442,4
135683193,4
137626031,4
137628192,2
138648303,4
139636641,2
137630601,0
137214482,0
138186382,3
138644341,4
138644362,3
139022272,3
138534661,1
138534022,2
139025761,2
134054274,2
139032601,3
129178682,1
138609173,0
137182591,3
138637851,3
119756183,0
139614591,2
139614211,0
137191022,0
138583772,3
140201551,1
139099221,3
139099091,2
138275201,2
139097292,1
137155751,1
139097021,2
137153811,2
138608521,0
137152081,4
137152091,1
136293665,4
137162851,2
139035452,2
137849401,0
137796951,2
132440816,2
138493121,3
139463101,1
138217621,3
111245342,1
133611502,2
138547701,1
137112701,3
140234161,4
137752001,1
137752021,3
139128821,2
138573073,0
138236731,3
140246071,3
137129421,1
140242461,2
140242491,3
137745021,2
139685211,0
124662184,3
140184732,0
140182151,1
145440602,1
149945941,2
147693211,4
147694681,4
150927281,4
149930552,1
147694252,3
145446295,3
145448455,4
149941931,3
147689461,2
147688401,0
1389126110,1
147690131,4
147690141,1
140911373,0
149923351,1
146429642,3
149923031,3
149924631,1
149923871,0
147704002,0
149924331,3
146430073,3
147670881,4
147670141,0
143236428,3
145092801,2
144068101,1
144065001,2
135104332,0
144092131,4
141074432,4
144096941,0
146030441,2
146015611,2
143075293,2
144052921,0
145063461,1
127405882,2
145055161,1
146042391,0
143078782,1
145052201,3
146052682,3
130877512,3
145061181,1
146031392,0
145057121,4
146035681,0
144061111,3
146933032,1
144133123,3
144130582,3
145021152,2
144160441,2
146136461,0
144162051,3
145026701,2
145026961,0
144161061,0
145025511,1
145025501,2
144168481,2
146127521,0
143016722,3
144144131,2
146081872,4
144121971,1
144121982,2
144121961,0
144122841,4
144163853,3
146123281,0
146123231,1
146124641,0
146947391,1
144174871,0
144174891,0
146957821,2
146092281,1
1315966710,2
129760217,2
146862041,1
146858721,4
146241401,3
146240991,0
145065161,1
147007041,4
146062471,2
146048541,3
147002761,0
145084852,1
145088021,0
146073831,4
145087171,4
144086561,2
144086641,0
144085441,1
144085701,4
144087291,0
144087231,2
145083151,4
147018871,4
146217101,2
145105551,2
146214481,0
145098171,0
145104581,3
144097821,3
147010881,0
147010841,0
147010831,4
147010871,3
143985051,4
136089583,3
146862691,2
145117591,3
144097641,0
143256147,0
140953955,4
147640641,0
144253098,0
147682911,2
144243462,3
147655102,4
149907291,1
147653261,0
144239963,1
144239005,0
149884852,3
150877611,2
144964081,4
145934211,3
144962771,3
145937962,4
144677551,1
146654531,2
146654981,2
146654901,2
144681111,1
144957032,4
97453376,4
142712946,1
143717871,0
146131241,0
146131221,0
146131801,0
146131791,0
146131771,3
143228475,2
149936161,0
149936671,4
147669691,2
148691501,3
147706491,2
148675952,4
149935061,0
147689781,2
148676811,4
139371627,2
153751021,0
145785442,4
142464322,2
151548091,1
151552711,2
149262805,4
151553651,0
152669791,0
145761692,3
153789401,2
151570956,2
151573753,1
152692681,3
151575011,3
1432561412,2
147871152,4
145213325,0
151919731,2
151973411,3
151970771,3
151970321,0
153917541,4
153076251,2
153921931,1
153927161,3
146164692,1
153065881,3
153900971,0
153900981,2
152002701,0
153944121,2
146243677,4
101734965,3
153947051,3
153947041,1
152985381,2
153956941,4
153956971,0
153956981,3
153956991,0
153957001,0
152985731,1
152985751,4
152989722,0
152991511,1
143922145,2
153068041,0
146175615,1
153948571,0
152006661,2
144786902,3
142810546,1
151589871,1
151589121,2
151590161,0
152583101,3
151596471,1
151596481,0
151596501,2
151596791,2
145868213,1
151648901,3
151646031,2
147234222,2
146191483,4
153891541,4
153891571,2
151934861,4
153053141,3
151934961,4
153054431,2
153054771,3
151937331,2
153882931,2
153882781,1
153029391,2
151916192,0
145862805,0
151606271,3
150304362,3
150301764,3
151580132,2
152688713,4
153785411,0
151610831,1
148237113,0
153744531,3
153687621,4
150437662,3
152726034,2
152751581,4
151781241,3
152753871,2
148220412,1
152758441,3
153729511,0
153723811,2
152762381,4
151089371,4
153394481,0
153394471,1
151450071,1
150653891,0
154304691,0
151120211,3
151119971,2
153324511,4
152093541,0
150806901,4
150811402,4
139869417,1
152058311,4
154295332,3
151060594,1
151062141,2
151116631,1
154318041,1
152096891,4
146597963,2
144618195,1
145580802,2
152369942,2
147504472,1
1323330812,0
153599021,2
153597611,4
153584611,1
151388102,2
146612072,3
151385531,3
152354841,2
151384571,0
149235711,0
149352582,1
148220411,0
144807142,3
144807922,4
144805842,3
147271402,3
149242101,1
150213761,1
150235541,3
149248761,2
150236061,4
150236161,1
148257321,3
148322861,3
149184623,3
147201571,2
130552048,0
147199741,0
150319911,1
150319881,0
148363641,4
145843884,3
148358401,2
148369711,3
149201621,0
149205432,2
128864533,2
150317351,3
148371372,3
147235351,2
148345091,3
148346572,0
150339061,2
149220071,1
147231151,2
147231201,0
147234221,4
150095601,1
147859181,1
147857771,1
150096531,0
150095931,4
150095921,1
145822512,1
148255541,1
139371625,4
148248551,1
150226951,1
149262802,4
149262791,1
148293633,3
144787657,4
147313693,4
147313151,1
142810545,0
150369791,1
143666252,4
150375481,1
1313141711,4
149399681,1
150380081,4
142680992,0
148165452,4
148167301,3
148154171,2
147193611,0
144578296,4
146566972,2
147341442,2
147342701,1
149562801,2
149562611,1
148469272,2
127985668,2
147585573,1
147584881,3
147584891,4
147584991,1
147584981,3
147584901,4
147573822,1
146562082,0
149531001,0
149510461,4
149511231,0
147521891,0
148375481,3
143523642,0
97674927,2
149647471,0
150618561,2
148384191,1
150607701,1
148404901,1
149629291,2
149632941,1
148400783,0
146722244,0
149620501,3
149620422,4
144471403,4
149676571,4
149676991,0
149716291,2
147723681,1
150822052,1
143478633,2
149663061,3
150267661,0
150267681,4
149280542,4
141319802,1
150270171,4
97374119,4
1309892614,4
150270571,4
149290261,4
150285901,1
147225391,0
150284711,4
149165201,3
150273841,0
149287181,3
149287141,4
149287161,1
148284901,2
148284911,4
150290111,2
149441523,3
147467101,0
147467921,3
149451411,3
149452361,1
149452351,2
144674065,1
148591842,0
149422811,4
97599368,3
147480762,4
148594493,3
149426151,1
149434653,0
150288131,1
141402873,1
147210391,4
149168951,4
148335031,4
145868212,2
147305301,2
147214442,0
149179913,4
149179811,1
145864197,2
148313671,3
147208961,1
149184481,3
150301761,0
147212341,1
147212381,4
918482114,2
148237112,3
149339572,0
150441052,4
148238321,0
142496932,3
149348822,4
143739802,1
150464801,2
143738996,2
149346711,3
149232311,3
150217931,3
150218041,4
145816862,4
150222701,2
150222681,4
150222661,4
147284392,1
150211751,3
97333856,3
147282741,4
153312311,0
152044052,4
152044091,2
145285552,3
152076282,3
153299432,4
153299422,2
152073771,1
154277841,2
154277831,0
154276952,0
153304671,2
153302391,4
153302161,2
152067512,0
152067911,0
1077185410,3
146377762,1
151070341,0
154284441,1
152064621,0
151092881,1
154282441,1
154282581,0
154282621,3
147532401,4
148511991,0
144629746,2
147533471,1
147534641,0
149510121,0
147536211,3
147536231,2
147528611,4
148525461,3
145605622,0
147524111,2
150494211,0
147525911,4
149517591,0
149500421,4
149500251,3
149503861,1
149502892,2
147544282,0
146597942,1
147553241,4
144618193,3
147538651,4
147538671,4
147538661,4
147538611,3
148533651,1
149499271,2
149498492,2
147576351,4
148598131,0
143564604,2
150538271,4
149431411,1
148602621,2
149432901,0
150343101,3
147149321,1
147149121,3
145537833,1
147463502,3
141610603,0
147457101,3
146642552,2
149450141,2
154226272,0
152250741,4
153122692,4
154224541,2
151130311,4
153121011,3
152268531,0
152265522,4
152264481,1
153095511,2
151151591,1
153119671,3
153118421,1
152252702,4
983558210,2
151145263,4
152269382,3
151143401,4
151143541,0
148436061,0
148433591,2
149666121,1
140644223,2
146701562,1
148430391,1
148428332,1
144447232,2
146697294,0
145710392,3
149655891,3
148422801,3
149656421,3
149645062,4
148387481,4
149645362,1
148388032,3
144494712,2
148378132,0
148374631,2
152479021,1
151491331,2
152463291,1
152455871,2
149573883,2
154408431,1
154408421,1
150695052,3
151472391,3
144567122,0
153424021,0
149578913,1
143445306,0
152456001,3
153441671,0
145680422,2
154326521,0
153348621,4
154320971,1
140845262,1
152082151,1
153351391,0
154336871,2
153351401,0
153351411,1
151106222,0
153353101,0
151100371,3
151112551,4
152485871,0
149593862,1
133497752,4
151455731,2
148458142,3
146797473,1
151459321,4
151457803,0
153452161,4
151461181,1
153450951,3
153533901,1
152426551,0
111245343,2
122308431,0
124265741,2
122943103,1
123432381,0
122315942,2
113168342,2
122937161,1
173243781,0
175183751,3
173242002,2
173239811,0
174076641,0
175189771,0
175188012,2
174070591,1
175188771,1
164473923,4
175185921,0
164472893,2
173258381,0
173258561,0
173254421,2
173253661,3
175230171,4
175239211,1
174114131,2
174114121,0
173249831,2
175240671,3
174114811,4
175242731,2
175242741,0
174116451,4
174116911,0
174311843,3
175294461,1
175300031,0
175298781,1
175299021,1
175298881,4
173062731,3
175299391,0
175299331,2
175284681,1
175284281,1
175285301,1
173051541,0
173056231,2
174324931,3
172071823,3
173060571,3
174318032,2
175299731,2
174320841,3
175290021,0
175291262,4
175290381,3
173072011,3
175291431,3
175276401,1
172085313,1
173072581,2
157673867,2
175277091,2
173074741,3
165518382,1
173163181,3
175120681,4
171245362,0
173193751,3
173193981,2
175169411,2
175169291,2
173180362,0
172189533,3
175161371,2
173187271,3
173187251,0
173188091,1
173187971,3
173187661,0
173187641,1
174193271,0
174193721,2
175166211,1
174180201,4
164367544,3
150826624,1
175148091,3
175150551,2
174171511,3
175150801,2
172214011,4
164375784,3
164376047,1
175583261,4
174458371,4
174459611,4
172257862,3
123444693,2
173143601,2
174237811,1
174281321,2
174280621,2
174278921,3
175342191,0
175343611,1
972987319,3
174287282,4
155680327,0
170376862,4
174307951,1
166486914,2
175279541,4
173077151,0
174302421,2
175281212,4
175283531,3
175283481,2
175283471,4
175283501,4
175283701,4
175202241,0
174092071,4
174092051,1
174091951,0
174094871,2
174094861,0
174092641,2
174092631,4
164492252,3
131134372,4
164493482,0
164494782,0
175208371,2
175208402,0
169328932,0
127390372,3
129397791,1
129957571,3
129385151,1
127148813,1
130632362,2
129957671,1
129396402,3
127155412,2
130635111,1
128509621,2
129057361,3
122145052,4
129620141,2
130469921,0
129625802,0
129074621,3
130423461,1
129075941,1
128465031,3
130439431,1
129586781,3
122116823,1
130426261,0
128457961,0
127621672,4
128470871,1
128471881,4
125795934,3
129593061,3
129589371,1
128696712,1
129132351,2
100291992,2
129679811,2
128149671,1
130403151,3
124662183,0
128653861,3
128653881,3
128653931,3
128654251,4
128654241,1
128654331,2
128654321,3
128653371,0
128653381,3
128653461,4
128653551,0
128653681,3
128653731,4
128653791,2
128654861,2
128654851,1
128655061,2
128654401,1
128654381,0
128654621,1
128654611,2
128654841,4
128654831,4
128654801,2
128654791,0
128654731,3
128653011,1
128653021,0
128652891,2
128652921,1
128652911,2
128652901,3
128653191,1
128653061,2
128652481,2
128345612,2
128345472,2
130070541,2
130071213,3
130004161,2
130004191,2
130004111,4
130004021,2
129445771,2
128322701,2
127220803,1
129456301,4
123980382,0
128324471,2
128887181,0
129980331,1
130597751,0
130597741,1
130597761,2
129488261,3
130039001,1
128357541,1
130033001,1
130399431,4
130387521,2
130386671,2
129112901,3
129108832,2
115215692,1
129670242,2
129135121,1
88374502,3
128896441,4
128904872,2
122246912,2
130077631,4
127776662,4
130021134,0
130081901,1
128337911,2
124955202,1
130030551,4
129965771,4
129965361,1
129467531,2
129472811,0
128857801,3
128857811,1
128857821,4
128364431,0
127756972,2
130024151,4
130516471,0
128564021,3
130025411,0
128982041,1
128976471,2
128990652,3
127994893,1
130533301,0
128011991,2
129559521,4
129560342,4
129004731,0
131286371,2
131286771,2
123388932,0
129367282,4
116039942,4
131844451,1
130720512,4
130720522,3
1006777313,3
122401282,2
131838391,3
131278631,0
128539773,3
129039131,0
129040241,3
129531571,1
124556463,3
126073243,4
124119063,3
129040581,4
127656363,0
129601291,4
130451151,1
130460871,2
130459661,1
131333771,3
131318211,3
131318171,0
131318141,4
131318131,3
131318121,4
131318111,0
131318101,4
131318051,4
131317981,4
131317931,4
131317951,0
131317901,0
131317911,2
131317871,2
131317801,2
131317811,4
131318731,0
131318521,2
132647431,3
131318391,2
132671001,4
131806421,2
132677451,4
131314176,4
133777721,0
131317731,0
131317751,0
131317721,0
131317681,0
131317641,1
131317601,0
131309001,2
131309081,2
133298361,4
128613332,2
128612471,3
128117841,4
133701331,0
131263731,4
131257281,2
129652471,2
128064732,0
128626021,4
131619551,1
131619141,2
132354271,1
131617781,3
131123801,1
133343401,2
133828511,1
131623591,1
131134371,2
128971995,1
128972533,4
132363221,3
127148814,3
131132901,4
131131671,0
132850661,1
131599051,4
131109735,3
133844301,4
132870501,1
131224452,1
131223691,4
130804241,4
128797392,3
130804141,2
130803971,0
133741041,2
132747111,4
132191631,3
131214481,1
130778052,2
131212371,4
130783443,0
133745361,2
131209361,4
131209401,0
131209321,3
131209271,0
131209131,1
131763092,1
130791741,4
133748921,4
129776902,2
133194451,3
132654452,3
131323621,2
133767621,1
131310001,2
133761721,4
131318931,1
131319011,0
131318991,4
131318831,3
131318801,4
131318901,2
131318851,3
131318861,4
131320691,4
90565337,2
131320931,4
132646531,0
132651121,1
131284511,2
131282331,0
133835071,0
131614021,4
132847061,2
131127601,0
131613161,1
133818031,4
133818041,1
125637741,4
125637821,1
126032944,0
114130165,3
125208651,1
126956211,4
123507646,3
125759612,2
98164792,1
126977451,0
126365471,2
127073672,1
126080102,4
126079941,0
103418162,4
116381114,2
125690911,4
125253051,2
125808252,4
125252251,3
125252201,0
125928744,0
103934383,2
124140175,1
124691072,3
120728503,0
125843496,2
125842731,2
126396953,2
125712471,3
125839331,0
125217351,3
120744333,0
126389472,0
126389622,1
125833931,0
126390281,1
114190955,4
126393391,4
125113033,4
127556061,3
125139602,1
126067631,4
116368442,1
110147013,1
125121622,1
110148494,1
110830873,3
111211462,1
124209862,4
124769322,4
126365811,2
126365701,3
125868961,2
126361581,1
118533764,0
125984431,0
126540332,3
126543381,4
125098673,0
126535871,0
124610032,3
125592992,2
130767591,3
129815861,0
130278231,0
82800622,1
128838261,2
128284181,4
130258641,0
130257122,3
128821731,4
129799401,2
104904012,1
126419731,2
126403931,0
125853102,3
126967821,3
125851374,4
126406161,2
90407622,2
125224581,3
88697163,3
126973583,0
126410423,4
130861021,4
135376922,0
135377741,0
135867471,0
136506351,3
135865352,4
135380091,0
136509241,3
136495821,3
136495831,4
135859311,4
135887261,3
133221742,0
136501751,4
136986041,2
132573081,3
126410426,1
133039511,0
133039321,0
133039261,1
130836271,1
131451441,1
130857183,3
133657141,0
130858691,0
130855131,1
131956811,0
132544141,4
133649501,3
133651291,3
105340245,0
133636391,4
129229534,2
131417063,3
133639173,1
131902481,3
130911492,1
131911992,1
130931191,4
124691073,2
130369852,4
131365031,2
126925692,1
133563981,3
131922941,4
131361561,3
132569311,2
131345722,2
131346321,2
132580611,0
130822541,4
134227041,1
135334491,4
135363191,2
137028871,3
135904511,0
135341601,3
135394981,3
135395301,4
135857311,2
135386711,0
129241613,4
132738392,1
136492152,4
134229161,1
136463161,1
133173682,4
133063111,1
133063101,4
131447171,3
131448391,4
130815421,3
131934781,1
133680482,3
131441521,3
131441601,0
131441591,3
131440921,4
131442481,2
131451641,2
131454291,0
133661762,1
133661731,3
133661741,0
131954942,1
132558631,2
114190957,0
133666281,3
130833712,0
130853631,4
130853621,1
130853611,0
130853601,4
130853641,3
130853911,2
130853951,0
130853941,1
130853931,2
130853921,4
130853961,0
130851581,2
133655321,4
130851641,2
130851621,1
130851631,3
130851601,2
130851611,1
130851591,1
130852192,4
133641381,1
131420641,0
130843191,4
132545271,2
130843441,2
132545961,1
131420181,3
130871371,3
130859901,2
130859121,2
130859191,1
130859421,1
131985872,1
128613334,2
132522301,2
133629761,4
131893551,2
131341051,3
130892751,4
130892761,0
131335981,3
133589791,0
130916691,3
130917731,2
131897891,4
134557741,3
134560993,1
136091181,4
135536131,2
117411992,4
135117842,0
136089581,3
135534231,0
129589373,2
136792791,4
128471882,0
136611152,2
134676321,4
136906962,3
136413951,2
133428353,4
134971141,0
136909201,4
136910871,2
136426411,4
136916981,2
134956731,3
135951862,2
123220575,1
136436861,4
136436851,3
136928981,0
134953641,4
134952551,0
134453081,0
136930181,4
134453631,1
134946041,1
135933332,2
102662565,4
134944771,4
134944781,3
134944791,1
134944381,2
134944371,4
134944361,0
134944481,3
134944471,3
134944451,4
134944461,3
134944401,1
134944411,0
134944391,0
134944741,0
134944751,3
134944761,4
134944711,3
134944721,3
134944731,3
134450291,0
135412311,0
133948231,4
127740364,3
135976561,4
136384311,2
133949782,1
127748784,4
136380971,0
135419651,2
134990011,3
134990021,0
135985521,0
133945821,0
129959713,4
129960982,2
136751731,0
135658251,0
136150361,3
135034501,3
135034151,2
135021721,2
135021681,4
134118012,2
135774421,1
134654871,1
136626391,2
135761671,3
134657981,4
135773301,4
135772311,2
136280182,1
136622891,4
136132481,1
134518232,4
134008701,3
135632721,0
133969081,1
133035982,4
136623611,4
135783431,1
136623671,0
136624991,4
137110141,1
135153051,4
136279581,1
136577841,2
122465365,2
136581361,4
133976333,4
135653861,3
135653671,1
127994742,0
135643713,3
136768201,4
136768491,2
134515711,1
133957401,1
134513821,4
135554891,4
135546001,0
135546751,1
135129191,4
136116451,0
136789111,0
136789031,0
136788621,4
134586771,2
134072942,1
136545051,3
135321841,3
133784262,2
134291423,0
133796932,3
134287812,1
133798293,0
127869482,4
134287091,1
135281852,4
135833701,0
124363984,4
136537461,0
110960942,2
134850581,4
135856011,4
134893741,3
135527362,3
136013581,4
127727897,2
133847603,0
135522861,3
136017901,1
136894321,3
61805063,0
135468221,1
134916471,4
136901461,1
136342141,3
135876781,4
134799012,2
134797761,4
134793162,1
127827243,2
136458291,2
135910071,2
135350451,1
135912643,3
126350572,4
113121882,2
136562611,2
133767872,3
136563301,4
131325472,3
136564581,4
126244562,1
134334931,1
137039631,3
131302322,0
124342645,3
135813811,3
126254455,3
136552281,1
131305022,2
136550891,4
136551191,4
134334401,2
131314177,3
136552961,3
135327831,2
136552921,1
94390269,3
136560521,4
134825581,1
136559371,1
135853721,1
134307811,4
134296582,4
123389427,4
132682972,0
136520031,0
135285831,3
136519241,0
135845861,0
136518072,4
1006777314,2
136871751,4
134387321,1
135505971,1
136008621,1
134899211,1
136853731,0
131599052,1
135517712,2
85011808,1
131596674,0
136009861,0
126185813,3
134861911,2
137084571,2
136520772,3
134391131,0
135992902,1
135471591,1
135475671,0
136903021,4
136033611,1
136897992,2
132333082,3
135475011,4
136027682,4
135464771,4
135464763,0
136891851,1
135464211,1
136026631,3
126712523,1
135352011,0
130219382,1
136560921,0
134325441,3
129882643,1
135307921,1
134811042,4
135300041,1
136565731,4
136565761,4
137056061,4
132631351,2
130891241,2
130884451,0
130386672,1
129112902,2
133619421,0
131869431,0
132632651,0
130887391,0
133617931,0
130907761,2
129314521,3
124345372,4
129872021,1
108675725,3
129308391,1
129308401,2
129860731,4
130693651,3
129318001,1
128250641,4
128741201,2
124363983,3
130218411,3
121865812,2
128203602,4
129331171,4
130710191,2
130709471,0
128201351,0
127371952,3
129856721,1
127369592,3
128731361,0
124358844,0
129361821,3
130732671,4
128742342,3
129359641,4
128742422,4
129366941,0
130182631,3
104256484,3
128238641,3
128238602,4
128737053,4
130711901,0
129882642,3
123364872,1
129775691,3
128780341,2
128780311,2
130702631,2
128775731,4
130207611,2
128216141,1
129241612,2
108751558,2
129801591,2
122295462,3
130284351,3
129824421,4
127855843,3
130254781,3
129797871,0
130750871,1
128272151,1
130774821,4
124272963,2
130157941,0
130157751,2
130720031,2
130720511,4
130722771,2
124375092,1
130165711,4
122177302,0
121691447,1
119850316,0
128797391,2
124294442,0
105431582,3
128308661,2
129277151,3
130222462,3
129763692,0
128785021,0
127968651,2
117436933,3
125968632,4
125618161,2
127964551,2
127621671,4
126024662,2
126618151,0
124058975,2
127037551,3
127264921,0
127760861,1
125490253,1
111105452,3
127268951,4
125783712,0
125916451,0
125281315,4
124652172,3
126467511,4
125282561,0
124649592,2
125902931,1
126881502,4
125284381,1
125284721,2
131159471,3
131159641,3
131167741,3
131722191,0
131165971,1
131724451,4
131162781,1
130597752,1
131164561,2
131163981,4
131139971,1
132275341,4
132275831,0
133391201,2
126217593,3
133329031,0
131658601,3
132885671,3
131639261,0
131087941,0
131084401,0
131084411,2
131084391,1
131084381,1
130090042,1
131641132,2
131640952,1
130650866,0
130095122,1
132899661,1
131083071,1
131080221,2
131082001,0
131685591,0
107555346,1
133410331,0
128337912,4
131192751,2
131192581,2
132782161,1
133900781,0
131192861,0
133897911,1
131196421,4
131646191,3
131094641,3
131094161,3
131093941,4
132875421,1
132875341,4
131091701,1
132875721,4
132875551,0
131091271,2
131091251,0
131091241,4
131091221,0
131091231,1
131090721,0
133873371,0
131090411,1
131652851,3
131656171,0
131655781,0
131656251,4
131656301,4
132884141,1
130666783,2
131654651,3
131654601,4
126190673,3
126190667,4
131657121,3
133470031,4
128994393,2
128024382,2
131521811,3
131044691,2
131032201,2
133395951,2
133395931,2
131143611,3
131148291,3
131148301,1
131707341,4
115925452,1
133383581,1
131703781,0
132840271,3
133386741,2
133386731,4
131046821,2
131046521,3
131047281,1
131520171,0
131042791,4
131043061,1
133032081,4
131055341,3
131055351,2
131470511,0
131054031,1
131471691,1
131051231,0
131051241,3
133443834,1
131662631,4
131663151,3
131663701,2
131672942,0
131673001,1
132310222,3
131670921,3
131670141,3
131186271,2
131157761,3
131157891,3
131157991,3
132259711,0
133376601,3
131154411,2
133937811,3
129497535,4
125031153,4
129929611,1
130674411,3
130119591,3
128932501,4
128932521,3
128932531,3
128932471,4
128932091,0
128932081,3
128932031,4
128932131,0
130108401,0
129912821,4
130663431,2
130665701,0
132136932,3
131296362,0
133235741,3
132689261,1
90529197,4
130732672,0
133294842,2
133297241,0
132129902,4
131853361,0
131846741,3
133805901,2
139407661,1
139893401,4
138911851,2
134996107,2
138912613,1
139410182,3
130033002,1
132269216,0
137932701,0
139411301,0
130030552,4
138910021,3
139399162,3
137370091,3
139400661,1
129960552,3
138885982,1
138886941,0
138879981,3
136414753,2
137411322,4
139430541,2
137399021,3
134962004,1
137905121,3
139959191,0
138845591,4
137432363,2
139330771,1
137429181,1
139961681,3
130021136,1
137425551,4
139456941,3
137415111,2
130005972,0
139869412,1
139905091,1
127743535,2
137383712,4
138927241,4
121718495,2
130597764,3
136967082,3
135412302,2
137386311,0
139401282,1
140092751,3
140092741,4
140092871,2
140092861,3
136752473,1
140092661,2
137245581,4
139539951,3
138976661,3
138352261,3
138351552,0
137855981,4
138422671,4
140083591,2
138849821,0
139343471,0
139344672,3
138850571,4
138840411,3
137433943,1
128426982,4
128925056,0
139456321,0
138900082,2
139874041,4
139346612,3
139976781,1
136557962,2
139299991,2
136553223,4
139301752,3
124345373,3
139724821,3
139312171,2
139731871,2
139731351,3
137527312,0
137541181,1
137091043,2
131844452,3
137523601,1
139777961,0
138776471,3
138053071,2
139268211,0
139270731,0
138788111,3
137510073,3
137563233,3
137563671,0
138713131,0
139832121,3
137563051,3
137008542,4
137575331,3
137575351,0
138720461,3
139749601,3
132654453,1
139209721,0
126535872,2
134598941,3
135592861,1
134038432,1
131337853,3
131901784,3
135754691,4
135191231,1
132606522,0
131342802,1
136590341,0
136590361,2
136590891,0
136591681,0
134634971,0
134620811,1
133143012,1
134181071,2
135226631,2
135226641,3
136683321,1
136207652,0
135710041,1
134737031,4
135716081,3
136678891,0
136201771,0
133063112,3
135217481,4
134166461,4
134166171,0
135209231,2
134167832,0
129760613,3
128111945,2
134689901,2
133636394,1
134700341,1
136243351,3
136241911,1
134695531,4
131417064,3
134692101,3
135243602,2
133076062,0
134190931,0
134627251,2
136286562,4
136286481,4
136286501,3
136602041,1
136602581,3
134613261,3
135740051,0
136261841,3
136608932,3
137622991,4
139260881,1
138691252,3
138692262,4
139819371,3
136505932,3
137610151,2
137610141,4
133701332,0
139248451,3
137612481,3
136872621,3
136886071,2
136882031,1
135489651,1
136433842,3
135043811,1
111408914,1
134489891,2
136157942,2
126361582,4
136227531,2
943152843,0
134679161,4
138678452,1
139233461,0
136491073,4
138681491,0
137596111,1
124272964,1
139243581,4
136483542,2
139241251,1
133723662,2
112150962,2
139215852,2
136477472,0
138731212,4
136648371,4
131959764,2
134698242,4
135684752,0
136655661,0
134697031,3
134152631,3
142510821,4
140976712,1
142646661,3
142646641,2
142646652,2
142646631,3
140974761,4
142648851,2
142648861,2
142648841,4
143146352,1
141526961,3
142648831,1
142648821,4
143140201,1
143139991,3
142517461,4
142518031,4
142518021,4
142518042,4
143148051,4
142527961,0
143147311,4
131314179,0
142525391,1
138984433,0
133982282,2
139557232,2
138985751,2
140113641,1
140113871,1
92764824,4
138645032,1
137213471,2
137633511,0
137632782,0
138644951,2
139161391,1
139161182,1
138210901,3
137218311,2
139160182,3
122973703,2
128613335,3
140477042,4
140791351,4
143356881,2
143357071,1
143357081,2
143347301,3
143347221,3
143347211,0
143346911,2
143347761,2
143348091,1
140801001,3
143349301,0
142466191,4
141903231,3
142855431,1
143349221,2
143357301,1
140481071,3
143358541,0
142861251,4
140796271,0
140796331,2
142462141,2
143345041,1
141907461,2
143347651,1
143347621,1
142853001,2
142852131,0
143351511,2
142464321,3
142464561,1
143371581,0
143371551,2
132129903,2
141493421,1
141493411,0
141008492,3
141005041,4
141005051,4
141992931,4
113263662,2
105934854,4
129367283,3
141999481,1
141999711,3
141999731,2
141999791,1
141999931,3
141999911,0
141999941,1
141999971,2
143175051,0
141997171,1
141518731,4
141518712,1
142496931,0
142496621,2
142002571,3
142000711,1
142000431,3
142000441,2
142000591,4
142497921,4
142497931,3
140432841,1
140432751,1
142785671,0
141320901,3
141934931,0
141322361,1
140442761,0
141820521,3
141404651,4
140845841,4
140845791,4
140845441,2
140845261,0
140845231,0
142379071,1
140845091,4
141407832,0
142529071,1
140986931,0
143170361,2
143171061,4
142607411,0
143171141,1
140991581,3
141543091,0
141543171,2
141981661,1
108675726,1
140282181,2
141983061,2
141982871,3
140986702,3
141981971,0
141981981,2
141981901,0
141990481,2
141991861,2
141012391,0
139286794,1
142815751,4
140463521,4
141931441,0
139355984,0
140811133,1
143374211,3
143363931,2
143364041,2
140812291,3
143360031,1
141304882,0
138008255,0
143366121,0
141919491,1
141919481,2
142806521,2
143364821,4
143364351,3
142847791,2
143339911,4
142846701,2
135992903,3
141896761,3
140778371,1
141896151,4
142844851,1
141896071,0
143329251,4
143328931,4
143328221,0
143328031,1
143328071,2
143327721,1
140780261,3
142443942,4
139384492,3
141891971,4
143331721,3
141337301,3
143352752,0
143353721,4
143353741,3
143353791,1
143353851,4
143194821,0
142631641,2
143194791,3
143194681,4
142504901,3
130720513,4
143193731,1
143193841,0
142634281,3
142633961,3
142495711,4
142630431,3
142494251,1
141523461,0
142503681,3
142638341,1
142638581,0
142638591,2
142638571,4
142637641,3
142637651,1
142637661,1
142637671,4
142637681,4
142502811,2
140773241,3
141022143,4
143192501,1
143192111,3
143190801,1
143190062,2
143190071,1
142638601,2
142638611,4
143189671,3
142638271,2
142638311,1
142638321,2
142638331,1
142638281,2
142638291,2
142638301,3
142452252,3
140774371,2
140773492,4
136807462,3
136807901,1
135581881,1
135569561,3
130960822,0
134022101,3
135075821,4
136214911,3
136689601,2
136210361,3
134728971,2
134725772,2
135223764,4
82938663,4
136683891,0
134164312,4
136692061,4
135697291,3
134157374,2
134157311,1
134157281,4
136199771,2
134714124,1
111174713,0
122021922,4
135211881,0
136184751,1
130989482,2
136102081,3
136101682,4
136098761,3
136098812,4
135104331,0
135103561,4
133817022,1
138780341,0
138779041,4
136526082,4
140263421,2
113255892,3
139940791,0
133835072,2
139393061,2
139392831,2
132847062,1
138832992,4
138832481,0
139951321,2
138824861,3
139384491,1
137478541,0
139381102,1
130491695,0
134504811,1
134508891,1
134019061,4
134511831,3
133032082,1
136182371,1
136179861,4
134484921,1
134484911,1
139218671,2
137592733,4
137589951,1
124294443,2
137566942,4
138135561,4
137565791,3
137543301,2
136548293,3
140277431,3
140277021,0
123399842,4
139287222,3
139286842,4
139286801,3
140275531,3
137521911,1
137521951,3
133805902,0
139290691,1
107718545,1
124358845,1
137525401,0
127727898,2
137462345,3
139928991,1
138012561,2
138011982,4
138018041,0
136891852,2
139350151,2
139355982,0
137456182,0
138014981,0
138018471,1
139946041,0
137480562,1
138828171,2
138815762,0
138817561,3
138817911,1
139374481,4
136008622,3
139370771,0
139371621,3
139371602,1
139933921,1
137954021,0
135527363,0
139325311,1
137064842,3
127962974,1
139984981,0
138336801,1
139989221,4
139518201,1
139574201,1
138938261,4
140053742,3
137270571,2
139566271,3
138393301,4
138598032,0
139084621,4
137669951,0
140155771,1
140156451,1
137671651,1
138617551,0
139166941,3
139168251,0
136689602,2
139169672,3
139460631,1
139468341,3
139056021,2
138298321,2
140046321,4
139058912,4
139245672,4
140922321,2
140349581,4
135876782,3
139239832,0
143231321,2
143231391,1
142548471,3
142675351,1
140939121,0
140939011,2
142686511,4
142552421,3
142552441,4
142683551,2
141430511,1
142558221,0
141489471,4
142726471,4
142590371,2
143219951,4
143229591,2
142543111,0
142543481,0
142543441,1
142543671,2
140341321,2
137028863,0
142050171,2
142732361,0
142732541,0
142732581,1
142732721,0
142732741,1
142731561,4
142731821,2
142731951,2
142732101,0
142732121,2
142604792,2
138591861,1
137140181,1
135193892,2
140190031,1
129637362,2
129637403,0
140193991,3
140953911,3
140953951,4
113121883,2
139826532,1
141447052,0
142699351,1
142646611,1
142646621,4
142511741,4
142511181,4
142508911,2
142508881,1
141957741,0
138035555,0
139739453,2
143144351,4
139325312,1
143145481,0
142520341,4
142639671,3
142680991,1
143244641,1
143244621,1
143244611,2
142066782,1
140323771,4
142514832,2
129882644,0
135307922,3
140312511,1
139655231,1
140134141,4
139162471,0
97457623,0
142583161,3
141461902,3
141461931,1
140929861,1
130747934,0
139233464,2
143217631,1
127962985,4
138336802,1
140751291,0
142894341,2
140762661,3
141748671,2
141748681,4
140756641,3
140756871,0
139519134,0
141725201,0
143429611,1
142879331,3
141727511,2
141727541,0
141726961,0
142872901,3
127985667,3
146551341,2
143611111,4
143601421,2
144578311,1
144578295,4
145680421,4
146791061,1
144555412,0
143429441,4
145675815,0
146795301,2
143440821,3
144577461,2
143604871,2
143605372,3
143603921,2
143604061,0
143604051,3
145578661,1
143602901,4
143602921,2
143602811,4
144573551,2
143603041,1
143602951,3
143602131,4
145576321,3
102653757,4
143318321,0
143318632,1
143318571,3
142756141,3
133945822,0
143316231,2
143316691,3
143313611,2
140388991,3
141873871,3
135658252,1
142983281,3
145588961,4
144637921,4
144637931,3
144637941,1
144637951,2
144637891,2
144637901,2
144637911,3
144637861,3
144637871,2
144637881,3
144637831,1
144637851,0
144637801,2
144637821,4
144637811,2
144637771,3
144637791,4
144637781,1
144637171,0
144637381,0
144637321,4
144637331,4
144637341,4
144637351,1
144637361,2
144637371,2
144637261,4
144637251,1
144637271,0
144637291,3
144637281,3
144637311,4
144637301,2
144637191,4
144637211,0
144637201,4
144637231,2
144637221,3
144637241,3
146572211,2
144633611,3
144633601,1
144633631,0
144633621,3
144633641,4
144633561,0
144633541,0
144633551,3
144633591,2
144633571,4
144633581,1
144633491,4
144633501,0
144633481,2
144633521,3
144633531,2
144633511,1
144633471,3
144633461,4
144633451,3
144633441,4
144588421,4
146562131,4
144585912,0
145580813,1
145580801,3
146559751,0
1025400520,0
145605621,4
143632791,0
146597951,0
146597932,2
146597961,4
145591781,4
144564721,1
139502185,1
144567121,4
145663131,4
145663251,1
144568812,2
146775121,1
143445901,1
145658161,4
143457672,4
143457622,0
143457602,2
143457591,3
146778731,3
143456451,1
145657451,2
145655811,2
146788641,2
146788771,1
143427401,1
145670971,3
146797471,2
144544031,1
145671771,3
143412282,4
143412911,0
143412161,1
144536021,2
145629321,2
143409371,1
145629271,2
145629311,4
145629301,2
146748141,3
146747421,3
145652102,1
145653041,4
145744921,1
143493781,4
143493231,3
143493271,2
143493421,1
141788423,3
143496471,2
143405691,3
143401832,4
143447491,0
145666541,0
132462513,3
140689283,0
143498751,4
143499472,4
145735821,2
143499611,1
146734201,2
144482153,4
145740171,4
146728702,3
143506651,1
143415472,2
146736611,1
146735821,0
146735761,2
143414121,1
144526741,1
146746291,4
144531001,3
144531061,0
143420561,1
143484952,4
143485011,2
143490171,1
143490541,4
146377761,0
145276641,1
145273741,0
145273371,1
145274851,3
146376631,1
144441191,1
145269661,1
134515712,3
139574202,3
144499871,1
145735291,1
144502361,1
143515051,0
145734781,1
143514151,0
144506101,4
145703471,4
145709441,2
146716601,4
144494711,1
143518941,0
143519093,3
139566272,1
145723751,3
143523272,4
144493911,4
143523341,2
146723631,0
140561852,3
146579701,0
144622691,2
134613262,1
143630181,3
143630271,3
145495241,3
145495041,2
146617341,2
143548862,2
144660081,4
143549871,3
145619724,1
144665501,4
143547373,0
143547301,0
144663042,0
144663395,4
143542471,0
144640691,2
144640701,2
146631581,0
144640841,3
144640791,2
144640781,2
144640771,3
144640831,2
144640821,0
144640811,0
144640801,4
144640901,4
144640911,2
131120631,4
131108411,3
132872291,3
131111771,1
131111681,1
131596673,0
132371271,0
132379852,2
129370523,0
131609541,2
131609451,2
131646852,0
132420651,4
128465032,2
130978132,4
131541771,0
130980881,0
132101741,2
131198521,1
131197361,0
131200101,4
131199131,1
131668941,0
133921841,2
131171581,1
131666221,0
133892441,4
131170641,1
133427531,1
131664391,1
131665181,2
131665211,1
131665281,3
131665301,1
131665411,0
131665721,1
113088282,3
133009701,1
131067921,4
131068131,4
131069331,1
131069341,1
131069351,4
132456632,3
131063741,2
132028991,1
133024052,3
133022231,4
132053021,3
129519872,3
133433581,0
131492731,3
133444161,4
133482401,3
132511561,4
133480772,4
133480461,3
131505251,1
129545263,1
132990071,2
131015361,0
133490621,3
132991201,4
111920462,4
133470941,1
127621673,3
133497751,0
133497791,0
133497251,2
130989461,2
131561201,1
131561051,4
130994481,1
130994081,4
132912681,3
125086612,0
132390471,3
131005381,2
131562901,0
133505471,2
130888771,3
130888782,1
106414025,1
129589372,4
131067091,1
131067391,2
131065231,3
132455741,4
133554831,0
132928711,0
132929091,0
132055471,3
130946102,3
132064701,0
130948252,3
130948051,1
130947324,1
131591831,0
129057363,1
130960821,1
132928221,3
133607442,0
130877511,0
133605861,0
132617281,4
131573621,0
130947041,3
130947002,1
132081702,2
130966431,1
140606954,2
136214912,3
139169673,0
141133332,0
141132001,3
134167833,2
139616652,2
143037421,4
143039841,0
141139232,0
140168113,2
142327411,4
142978781,4
142979001,1
142978861,4
141197291,0
140697761,3
141816541,4
134504813,0
142304942,4
140692001,1
140692331,4
142963481,4
141813691,2
140682761,1
140076852,3
139585702,3
142935871,4
142935651,4
142935641,3
142283951,0
140080242,1
142935451,3
142935041,4
133444162,0
111408917,4
141171741,4
140676621,3
127743536,4
142762691,1
143325681,4
141880182,0
142762241,1
142762061,4
142763262,0
133949783,2
140380492,2
143319401,4
143319411,0
138912615,1
142372411,4
143087152,0
143083281,3
132580612,2
140542591,4
141671852,3
143077431,1
143077551,2
143077601,2
143077621,4
143077721,1
143077741,2
143077961,3
143077191,3
143077131,0
143077071,1
136286563,3
141661551,2
141660221,3
105805222,4
141080861,4
1025400519,4
140524801,3
141626842,0
143098891,4
143098081,3
143098091,2
141624531,2
140522921,4
141625071,4
140523402,1
143100561,3
140560411,3
140561872,2
141053021,2
137134862,3
143091671,1
143091511,0
140566744,0
141678911,3
141656572,1
141656731,4
141656701,0
143060561,4
135710042,3
136678892,2
141590391,1
143064761,1
143064481,2
138609143,3
143019013,3
142102551,4
143017012,0
141610592,1
141610602,2
132545962,0
142101801,0
139629482,1
140625364,2
107309582,0
135211882,3
139615892,1
139615963,2
139625122,2
143026421,2
141614301,0
140538671,2
140538811,4
141074411,2
140516742,0
141092863,2
143115591,3
141079601,0
141079702,4
141079501,2
139655232,1
142082451,2
143004561,2
145440601,3
130236734,4
144222321,3
142052674,0
144223551,4
144220821,3
144220721,1
146411081,1
131417065,3
141110711,4
141601901,0
134692102,1
141602541,1
141106311,3
141604861,2
140616794,4
140617111,2
141113541,2
143004941,1
143005031,1
147619181,2
107718549,4
148718611,0
148718641,3
149836001,4
148709931,2
147587111,2
147587181,3
148708821,4
149834981,3
149834891,1
146521533,3
148708521,2
143190802,3
146518642,1
149733863,3
147744511,2
147743862,2
150811401,1
149684701,1
149699391,4
147758511,0
149748921,1
145244094,0
147751131,0
145236872,4
149742801,1
149743421,0
147762182,0
149736781,3
147755912,1
141838482,3
144985652,0
140138604,0
144127441,0
146101781,3
144126851,1
146098381,2
144123131,1
146992021,2
146108521,2
144987752,0
103863046,1
143012572,2
144986891,0
146993611,2
143011985,2
143003422,2
144992491,0
146130871,1
145027943,2
149866881,4
128215392,2
149852511,2
149854091,0
149855051,2
148753041,0
130219383,4
150932711,4
147622951,4
149876351,3
149874941,0
972987314,4
148753851,4
147646241,1
150975861,3
148756611,0
149851301,0
147625431,4
143347212,1
149814891,1
145308744,2
145347832,0
135464764,4
149754101,1
145354403,1
147803602,4
147802001,3
147801691,0
150738411,0
147801361,1
147800951,2
147800771,0
150736911,2
150736751,1
149764871,3
150773961,3
150773851,0
149794691,2
149794121,0
141891973,1
148831151,3
150766691,0
145324902,0
149799091,3
149799961,3
149801311,1
138815765,0
147832011,3
149807191,4
147816461,2
143356277,2
147805321,0
149769341,3
147798361,0
147798711,0
150838521,4
147799181,3
147799411,3
147799441,1
147799831,0
149770861,1
149770921,4
147796811,4
147797431,1
147797451,1
147797251,3
149771842,2
149771831,3
146314647,0
150877101,0
147678181,0
150880941,2
143244642,3
147685041,0
139838316,4
149886101,1
147641651,0
147643771,4
128213012,0
147637531,3
148731251,2
145417893,0
150940241,3
147626201,1
148744961,1
147621342,4
143148052,0
149874112,4
146478764,0
145368035,4
149875881,1
147629742,1
148863551,1
150802461,2
147733221,3
149707701,0
145260632,0
143320245,2
148842961,0
147431962,3
147438261,4
149673731,0
150660961,4
149681041,2
147427911,2
148778441,1
143380775,0
145338862,0
146367115,0
150842351,4
150845221,1
149730221,3
149729021,2
1431900815,2
149738431,1
147765441,2
142784712,3
143270091,1
1079660215,0
134952552,0
141835981,3
1124719510,0
136930182,4
141402872,4
142777791,1
143264431,4
142797541,1
143291311,4
141413141,0
143291421,4
142794931,2
139437732,1
143293751,3
143293791,1
142790431,3
141838481,1
141418541,2
136422661,3
136918991,4
135399941,2
132253022,3
127743534,3
134972691,3
129497536,2
131160682,0
126130672,2
136965971,4
135405632,1
144876421,1
144882971,1
144883362,2
143780851,0
143778241,0
143751971,0
143752191,1
143745683,1
141512792,0
144839551,1
144838781,4
144842651,2
144841201,4
144825081,1
143820311,0
142451152,4
145816861,1
143825381,0
143833642,4
145807091,2
144826412,2
1124654111,2
97343168,0
143748881,3
143588841,3
145545111,2
145545211,4
140612783,4
143570341,3
144671891,2
144674213,0
145546091,0
145546001,3
143571061,0
143566562,0
145540991,4
141604862,2
143565051,0
143565042,0
143565082,1
145537481,0
145537831,2
146640151,0
144700031,0
143557861,1
146658841,3
143556662,2
943152849,2
143529501,0
146627911,3
146627051,0
144899701,4
144897991,0
143785741,0
144876621,0
143761241,3
143758851,4
144884751,1
146009651,1
143778461,2
145997491,0
144870401,4
142587612,3
144947371,1
144947271,1
145922291,2
144943071,4
143709261,0
144933371,0
144930441,1
141437734,2
143682571,2
145887781,0
143683614,1
143656301,0
143656351,3
142686523,1
145913741,3
144919331,1
145671671,3
143436352,1
143435964,4
143396214,0
144522281,4
140715953,3
146762631,3
143621021,3
144592102,1
146546761,3
145560872,1
145564381,3
143606121,4
143606231,1
146542831,0
143605851,0
145569831,4
143537842,1
145512193,1
146629561,0
144637981,2
144637971,0
144637961,4
143536621,3
136694475,1
145508561,2
145508511,1
143533541,2
145506931,1
145521941,0
145521951,0
146612071,4
143540801,4
144640581,0
144640571,3
144640711,2
144640721,3
144640731,0
144640741,1
144640751,4
144640761,4
99814663,2
145529821,1
145529811,3
145529561,1
143747142,4
145961141,0
144834762,2
143744851,4
143744781,3
145963861,4
145796682,3
85011809,4
144806521,2
144807141,0
143824331,0
143824301,0
142844152,2
144805841,1
142471782,1
144802482,0
143845871,2
143848541,4
143848561,2
143848571,4
145316331,4
144264951,4
145366681,3
145366691,0
145366051,4
145365621,3
145360341,4
145360121,4
145362861,3
145362181,2
145361871,2
146298151,3
144322872,0
144326162,2
145320611,1
145323581,3
146294331,0
134387322,4
145322201,3
145325271,4
143334343,2
141914373,4
138815764,1
145301831,2
145303431,1
143345033,2
145304901,4
145306351,3
145306381,2
145305971,0
145305961,0
108622045,2
143356275,2
146285781,0
144328062,0
143256145,1
141960012,3
145381571,3
145375331,0
134325443,4
143148637,4
146479691,3
146481881,1
143244023,0
143244632,4
145481601,0
143244812,4
146468602,4
139838315,0
144213411,3
144257271,1
131224455,4
145474721,3
134227042,3
145480161,4
145479971,2
136503877,4
145450051,1
143198542,2
146430071,0
144180961,2
146413271,2
146436291,0
145441711,2
118400865,1
144184911,4
143206932,3
144251821,2
145378531,0
145378481,4
145371841,4
144270023,4
139731352,3
145372021,1
145375201,2
130025412,0
145695011,4
145261301,1
145261421,3
145260631,4
145261021,0
143320244,2
145286711,0
145286691,2
144421101,2
144421311,4
145285551,2
144421131,1
145285711,0
145285811,2
145285931,0
145285951,1
145286031,1
145393761,2
145393792,1
145393831,0
145394031,3
146518521,1
145310491,0
145310471,3
143175033,2
146537821,1
144305561,1
144305551,2
144305471,0
144305461,3
144305451,1
144305501,4
144305491,2
144305481,4
134307813,0
143180117,0
143180752,2
143195293,1
145397192,0
146506831,3
146507621,4
145402622,1
145310371,3
146308861,2
146302952,4
145314511,4
145317511,0
145317451,4
145317411,4
145233601,4
145233561,1
145234671,1
145234641,0
145234901,0
145235001,2
144396671,0
144396681,3
144396751,0
146356551,0
145249621,0
146367121,0
146372542,1
143271372,3
144406341,0
139869415,0
145282453,2
145279251,0
145279301,3
145278891,0
145278191,0
143303694,3
146403841,1
146404011,3
144418891,2
146286361,0
140794529,4
145301151,1
144337002,3
145309552,4
145309506,3
144350571,4
146341431,1
144351111,2
145346981,1
145347041,2
145347501,3
145354402,3
145353921,2
143363513,0
145328641,4
145328921,3
145327661,0
144357881,4
145351971,3
145352123,0
146328351,3
145357591,4
146328281,1
143365532,4
141938342,3
145338861,3
145338401,1
143380732,1
145250061,0
145247763,0
145247221,1
145246251,3
145246271,1
145257071,0
145259681,1
143269442,3
144386101,1
145258554,0
145258771,1
143392702,0
138850572,4
146315951,1
146316122,2
145337281,3
145337271,0
145336621,2
145338281,1
140832306,1
140856442,3
141841083,4
145236871,0
145232661,1
145385533,4
146498221,0
145461951,3
144241111,0
144239962,0
145472242,4
144239004,2
146441341,3
145416801,3
145394821,3
146521371,3
145394251,0
142223431,4
142224841,2
127602324,4
141737151,1
141235741,2
140742601,0
100814562,0
141088911,3
143129681,3
136611153,4
143123621,4
143786491,0
97361176,4
145785441,2
143843661,0
144815541,1
143850931,3
143847531,4
144786901,3
143791371,0
144787656,1
143797691,3
143796551,2
143800251,4
144795251,3
145761691,2
143805581,0
143805754,3
145763871,2
145764121,0
1309892613,1
143799282,4
143799271,3
143799263,0
143799251,0
144794011,2
143802181,0
132885672,4
143926881,0
143917741,4
146929001,1
100190522,0
145181511,2
141204215,3
141204202,2
141205132,1
146920531,1
145189431,1
145189421,0
146167861,0
143932921,3
142937183,4
143922011,1
143922143,1
146890651,0
142974584,4
146893151,1
143945681,1
146904591,1
146904621,1
146902021,2
146902421,3
145165551,0
146909121,2
146157791,2
146164691,1
145193162,3
145194691,2
145194701,2
146923081,3
144024861,2
100231362,1
142908392,3
145146521,4
142913092,4
145150701,3
146830101,2
146218191,0
144008772,0
145100011,3
146843261,3
145101411,0
145101691,0
145101581,0
145101591,0
145101611,3
146219931,1
146219031,3
146219151,1
143999051,0
146219421,1
146233911,2
145827291,0
140380864,2
143912301,0
144752601,0
144752591,2
144752581,4
143909082,3
144721771,0
144721761,3
144721691,3
144721681,2
144721711,3
144721701,1
144721621,4
144721631,1
144721561,0
144721541,4
144721551,4
144721531,1
144721521,3
144721321,4
144721331,3
144721291,1
144721301,0
144721311,4
144720911,0
144720901,0
144720781,2
144720771,2
144720791,4
144720871,3
144720891,4
144720881,4
144720701,4
144720711,2
144720721,3
144720731,4
144720741,0
144720751,4
144720761,2
144720531,1
135021073,3
146188351,0
146191481,1
146191291,1
146193661,1
145223921,4
143958241,4
146888711,4
143815391,4
143817261,0
143816771,0
143818501,0
143817741,3
143908252,3
143908242,2
145861571,0
142789272,1
144748301,2
143917011,0
144744642,0
143913991,4
143911821,4
144722981,1
144723121,0
144721921,3
144721931,1
144721941,4
144721951,1
144722021,2
144722031,1
144722041,2
144722011,2
145843881,4
144725141,0
144725121,1
144047641,1
144046292,0
143946281,2
146899381,0
144028741,4
137325457,2
145157131,2
144038801,4
144033191,2
144732171,2
143860321,4
144735361,1
144734981,2
145819021,1
144718631,3
145822511,1
145822801,0
145822931,1
140393145,4
145825021,3
143974531,0
143974621,1
143974631,4
138976653,3
143800771,3
140475295,1
143802501,0
143802791,4
141396984,0
144753281,2
144753381,0
144753211,3
144753201,2
144753241,4
144753231,0
144753221,1
144753271,3
144753261,4
144753251,4
144752701,4
144752691,4
144753031,2
144752931,0
144753001,0
144753021,1
144753011,1
144752991,1
142388472,0
144761081,0
145871781,4
143897382,1
143897371,2
141413467,3
143908362,0
143908561,1
140453022,0
98355828,0
145989731,3
144859591,1
142609122,1
145966061,0
139287223,1
144853892,4
143726671,1
144854891,2
145976861,3
159490361,0
159364021,3
160470251,1
158242991,0
158150111,0
158150141,3
160644951,4
158148621,4
154720466,4
159544261,2
159543941,4
159545233,0
159545091,2
160646263,3
150236164,1
158263422,2
159373481,0
159499411,1
159509891,0
158253911,4
159506961,0
158258571,3
140461846,1
159394321,2
159394111,1
158272941,2
160505671,3
156057644,3
158277904,4
158278041,0
159258262,3
159386871,4
160498061,4
156070912,2
158275391,4
158276011,3
160533371,3
160532881,2
160534091,1
160534511,1
160534501,3
918482118,1
160530971,3
127776665,2
159428841,0
160531971,0
160531981,1
160532021,0
160532031,3
158307871,3
158308032,4
160519321,2
160518321,0
160160741,0
161146961,0
152265525,2
161151931,1
108672542,1
161157651,4
161157701,3
158612611,4
161160531,2
161160171,3
158606392,1
155680323,1
160054072,2
161166901,3
161167131,0
161168431,3
972987318,3
158604251,3
148753856,0
151226692,1
161163071,3
161161601,2
160043351,3
161164351,3
158600022,2
155656385,4
158625801,0
154854681,2
156993031,3
155890972,3
123176692,2
154997911,2
155906981,3
153030281,4
155909261,2
155895451,1
155894002,0
157023511,0
155903791,0
155902191,2
155905882,1
155904981,2
146890653,4
157014181,1
157009831,0
157005731,1
154998731,3
146188352,0
154992961,2
154993091,4
154992861,1
154994611,3
155884751,4
157023671,4
155896891,1
157023831,0
1426281713,4
155901241,0
142979002,4
156965831,2
154961551,2
156906461,2
154965411,0
154987861,0
149073357,4
155939291,0
155938362,1
154992231,4
155937141,0
155937241,2
156916591,2
156915101,0
156914551,0
153005011,3
154001691,3
154019286,4
156873211,3
156872921,3
156875901,3
141088913,1
155751601,0
155751591,1
156871831,2
151805332,2
152924082,2
144106023,4
156865631,4
156181844,4
142494252,4
159536631,2
160655061,0
159489642,3
159485541,2
159533981,1
160660522,4
159534241,3
158239482,4
159493621,0
159456511,2
147313697,1
159331381,0
156001624,4
159332491,0
142810547,4
158208781,4
158243031,2
158243061,0
158242871,1
159360541,2
158242451,0
158242721,3
144826413,2
160441851,4
149280543,4
158229391,0
159335621,3
158234383,3
160457131,3
160457061,0
159205471,4
159176041,0
159175851,0
159132752,1
158145562,0
158139961,3
160632971,3
148237116,2
158151462,1
158150701,3
160639891,1
158147991,3
158147421,3
104256485,3
154709212,4
158314411,3
158314191,3
158313881,4
158313801,0
110018772,2
160557321,4
160557451,4
150304363,2
145861572,1
158308011,3
158308261,0
160536661,2
133892443,4
160537623,2
160534581,4
160536551,0
160535581,2
160501551,2
158989581,2
158989351,1
158989441,1
158982861,0
157864081,4
158983961,4
158273081,4
160522611,2
160522601,1
160876251,0
158983211,0
158983591,2
157866631,4
159892241,4
158979371,1
157869882,1
160887881,3
134008706,1
141197294,0
160849181,3
158956671,3
158955211,4
158955131,2
157834171,0
159880094,3
160868861,2
160868641,0
167675651,2
158641633,0
167586961,0
167586623,3
168125361,2
165626091,4
168104081,1
165624091,0
166488411,3
167598721,4
157673864,4
167684981,2
168223961,4
168224011,2
167686431,4
167686391,2
168229941,2
166701201,2
167682011,4
164482144,1
166695311,0
166696691,2
168227041,3
168227031,0
166694371,0
166694661,1
168201941,4
168201241,2
165252051,0
166386141,1
167477621,3
167478021,4
167492291,4
163543103,4
167493103,2
165272802,4
167929231,4
149498494,3
167392761,2
167503791,1
163521677,4
166384202,4
165280231,2
166373581,3
167484421,2
166374942,0
157492026,0
154587419,1
166372691,0
166372611,0
166372621,1
166372601,0
166372571,1
166372951,2
165277072,2
165273961,0
167489841,3
1543167710,3
167490561,3
149465733,3
166367991,3
166247811,0
167853181,1
167882091,4
153463552,3
167875341,4
167370691,0
166223301,3
166223311,1
167334051,2
165360051,0
165360621,0
158392012,4
167337305,2
167345231,4
161464622,1
167849461,1
167846471,3
161468079,2
166808121,3
165700091,2
165699941,3
166810643,2
168369741,0
166811521,1
163710942,4
166811851,0
165682591,1
166799781,3
152965362,2
165678771,3
165679051,0
155969842,1
165677521,4
165687771,3
166795971,0
165731161,3
165730361,0
166848971,2
158234384,4
813626514,2
167166541,1
166195972,4
167166321,2
162778432,0
154816024,4
166080981,1
167183611,3
164985155,4
167190431,2
166076871,2
166077201,0
166075981,4
167193792,4
167191211,0
163867482,0
167196521,3
167202161,1
157425983,3
167422531,0
167961661,1
165200502,3
166433554,2
162485804,3
166432091,4
166429101,2
167424671,4
167425151,0
167397161,0
167396202,2
167395871,1
167395661,0
161279242,2
167910901,1
167908421,2
167908431,2
166725361,4
168316181,3
165753621,1
168344961,3
165791221,1
165790961,4
165795851,3
165796221,2
165796201,2
168314871,0
168314681,3
155901244,1
168314051,1
166725691,1
166787801,4
168343411,4
165804482,4
164802103,0
166775871,4
165802761,3
165803261,1
166771791,1
166770982,2
158934132,2
166765041,3
165785431,0
166762081,0
166770891,2
166771331,1
166770032,1
166769921,0
166769541,0
166769581,2
166767211,4
162812862,0
166761191,1
168345731,2
168345741,1
168347691,2
166814652,0
165795341,2
165800711,0
165798703,0
165799681,4
166819661,0
156934746,0
164831743,1
168364191,3
166806511,3
166806561,3
166817341,3
166163491,1
166163321,2
161705563,3
161706182,1
167150811,3
167151851,2
167152781,4
167153091,1
167163152,2
166169151,3
166170261,4
166172131,4
166172211,0
167161234,1
166174581,4
167131571,2
167129101,1
167129361,2
167129531,0
167129661,3
167170171,0
166090471,3
167214151,4
167214271,2
147201573,4
166085871,0
167201441,2
167206321,0
164969272,4
164999381,3
164999771,3
140380548,2
167241351,1
140393146,1
159007461,2
139148212,2
158992321,2
158992001,2
158021111,2
158991831,1
158991811,1
158991461,3
159648811,0
158994651,0
158994781,0
164620642,0
164620591,1
164621201,2
162099954,2
162103021,3
162103011,0
162102861,1
162102881,3
162102672,0
162091221,4
162093521,0
162088461,3
163075981,2
163075401,3
164610921,4
164611021,1
162098561,4
162098461,3
162098471,1
163077001,3
163062941,2
164608872,0
161009043,3
162238861,3
162238851,1
162238891,1
162238881,0
162238911,0
162238901,3
163225911,3
162238841,0
164442081,2
164440611,1
143380778,4
131188356,0
1490733512,0
162163941,3
163273911,3
163268871,3
163269331,0
162168641,3
163279441,1
163279421,4
163279521,1
163279831,4
163279041,3
163279061,0
163280811,0
163280861,1
162152191,4
162137541,2
163263051,2
163263041,0
163263031,3
158934101,0
158934131,4
160863751,2
160862451,1
159887181,2
157835031,4
152991513,1
973741111,1
160954401,2
157914661,0
158900441,1
158900451,4
156976052,4
158933901,0
159854781,0
159854751,3
159844382,3
157819001,1
153948572,2
160940091,3
159838541,0
159741391,2
159741401,0
159741321,1
160729721,4
159047461,3
159047561,4
158067791,4
159045961,0
159047731,3
159047751,2
160812982,1
152849022,0
161383592,0
162386321,3
162382141,0
161386711,2
161389931,1
161390361,4
161390382,2
161388551,3
161392521,4
161392541,3
161392501,0
163365951,1
161391791,2
163366281,0
155373594,0
164358291,1
164358311,2
162351931,2
162349101,3
162349661,4
162365301,1
162365242,2
162364301,2
161393281,0
161393301,0
162397152,3
161393051,3
161393061,0
162354891,3
163340712,4
158416512,4
164353151,0
164352531,2
163332581,4
138442903,3
163336631,1
162370791,3
163348901,2
163352231,2
163352271,3
163352331,0
163351731,1
163353471,0
163353291,2
161402871,3
162373501,4
162373522,1
162373512,3
163360931,4
163362711,4
154484403,1
162310722,1
164236851,3
162311951,1
162312741,4
162314003,2
164239371,1
163417351,0
162315852,2
161453331,1
164258962,2
161452941,0
161452971,1
161452891,4
164258761,0
163446131,3
163446081,1
164261291,1
162318411,4
163439212,4
164261991,2
164262001,3
164261971,2
164261981,0
155448282,1
163441151,3
162182881,0
163283332,3
163283261,1
162181401,4
161372591,0
162336331,0
163332081,0
1269656920,1
161376642,4
162346232,4
164336941,0
162340971,2
155520412,4
163263371,2
161045592,2
163265481,2
163265491,2
164411001,3
162141981,1
162143301,2
131185706,1
162195691,2
164384741,3
164384661,0
164381581,3
151062142,1
163302871,1
163302811,3
163302771,0
162198391,1
162198481,2
162198451,1
96735109,0
164386611,4
162187691,0
164278181,0
164277901,4
164276221,3
164276213,4
157375184,4
162273461,1
163390051,4
161431781,0
155388543,1
157376752,0
163386511,3
161445132,0
162280675,0
164294401,0
1646082010,1
165934401,3
166919341,2
166917211,2
166916431,4
166916201,4
166914201,2
166899801,1
165904921,3
166897761,4
102819443,3
166892961,0
168479731,4
168479671,1
166887821,0
168479901,1
165909481,3
168488931,0
165838211,2
166923171,1
155834572,0
163601292,4
155828452,2
154101339,4
155829482,2
165806311,0
165806491,2
135208924,4
166913921,4
165916541,3
165916382,3
168483011,3
166973061,1
165869811,4
164735732,1
166970961,3
166969892,4
166976731,2
166977471,1
165865881,0
165864251,1
166981441,2
159018863,2
166980102,0
165862091,3
166980601,4
165862291,2
171252691,4
171253601,3
170143321,0
171253461,1
172135221,1
170144561,4
170145651,3
166675102,4
172161721,1
171215291,4
171215281,0
172170071,1
171214193,2
172168671,4
170244001,1
172165181,1
171220341,3
171220301,1
151100179,1
172164581,0
169276773,3
172174031,0
172173711,2
155546247,3
154637982,2
171035671,2
171035651,2
171053221,4
171037452,0
1547204612,3
169060401,3
169055383,3
169055071,4
171048761,4
171069331,1
171019571,3
171019361,2
171029411,3
171030111,2
162488102,1
171030061,3
171031451,3
166433555,4
169074222,3
167426415,4
169911651,0
169913611,3
171017001,0
163469562,4
169247671,3
171237581,0
172188671,2
172188251,3
171241811,0
169251161,0
171180901,2
171176641,2
171176871,4
171177581,0
171178171,0
171178231,2
167815925,4
171172112,3
170054301,2
1349961012,3
1269656923,2
168913011,1
170014241,0
171115381,1
171115271,4
138442904,2
168944891,3
171145241,2
170017531,3
171142981,3
168864071,1
171102041,2
170131041,2
171101751,2
171103111,0
168867551,3
170125381,3
171104731,0
171104721,1
171104641,0
163410473,2
168901853,3
170028102,0
163353472,1
171133511,2
171134591,3
171134861,1
171127681,4
166271587,1
171127491,2
170007561,0
168906141,0
168905172,0
160404972,3
168915212,0
145740172,4
169244861,4
172198481,2
170204571,3
172204771,1
1575208213,1
170198761,4
171198491,2
171198521,0
170222641,3
172207701,3
171195921,1
172207391,3
164367542,2
169223563,4
169223821,3
169223801,1
169225691,0
164376046,0
170218911,1
170218121,3
171205431,1
170093721,1
171072621,3
163439213,3
171052051,1
170079061,1
171056611,1
171057041,3
170077791,1
169930061,1
171039261,1
170077052,3
171094851,3
168877391,0
170115441,0
167875342,3
160321314,1
134586772,3
171077591,2
170090321,1
171077071,2
170087251,4
171075581,4
168827632,2
170086231,3
171079501,4
171079201,3
150738432,3
150738412,2
167655631,3
160018404,1
161017044,2
165426711,0
165426762,3
168173721,3
165414001,3
167666921,3
168177442,2
166680341,1
154346637,1
166680251,0
166680212,2
166679411,1
167666661,3
166679131,2
166673831,2
149930555,1
171983732,3
174204032,0
131255653,3
155596746,1
167568823,1
174231202,2
173130261,0
173130311,1
1511001710,1
173134281,1
167537623,1
173135381,3
174252741,1
173129571,2
174254171,2
169399142,1
171621931,1
168416682,0
169402631,4
129589374,3
171609321,4
171609691,3
171608451,0
169405261,3
170425911,3
170423352,3
165898432,0
171530991,4
170418871,1
168442702,4
147990685,2
171539481,1
171628071,3
169499871,0
170459991,3
171498911,2
171499491,1
171493301,3
170524281,0
170524381,0
170524311,4
171493721,4
171494131,0
169516762,0
171454331,0
171470441,2
171470401,3
171470181,1
171470141,4
171470131,1
171470301,0
171468501,4
171466781,3
170469491,4
170510521,4
152887212,4
171622551,0
171538841,1
171539281,1
171537481,0
171538251,2
171537991,4
171510521,1
171510451,4
170408651,1
171510691,0
170409492,1
171515761,4
169573721,4
148013296,1
170458491,3
170458601,0
171562661,0
171562501,3
170452351,2
1646082011,1
169590722,4
171522111,0
169563532,4
170455881,4
170455931,3
170512761,0
171479251,4
170500271,0
170500502,0
170502511,3
171475281,0
169535301,1
170497611,2
160767103,1
170498151,2
168549112,0
169529971,4
171489681,2
171489651,3
173094341,4
173094371,0
170485481,0
154089768,2
171462061,0
169487081,1
171472401,4
171470941,0
171571651,3
171541461,3
171540751,3
171540971,4
171541961,1
170473971,3
171444631,4
169504181,3
171442511,2
171442671,3
169501511,2
171566981,2
171543021,3
171543031,2
169605961,3
169571581,1
171519011,2
169558162,0
170398281,1
170398991,4
169591141,1
149986984,1
170427701,3
175329971,0
175373891,0
175374101,0
171973272,1
175341521,4
173086991,0
157553212,3
173085161,0
160119682,0
175331491,0
175331431,0
161128174,1
167524772,4
175366741,1
175366801,0
168404102,4
168404252,4
171637321,2
169368881,0
171636931,4
171636941,2
81389802,0
169378094,0
170647251,0
169401641,3
170628531,0
169395233,2
169395222,1
169395301,2
171614252,2
171617071,1
169399563,3
157375082,3
164282032,4
167789991,4
165311991,4
165393821,2
167365101,0
167365601,3
167365611,1
167365651,1
167359131,0
167356771,1
166241771,3
167351651,2
167893601,0
166312011,2
166312241,4
167281701,4
164352532,3
167824251,1
166310151,0
163339812,3
167260951,0
166267571,3
167248511,2
166272051,0
167258611,1
1589706511,2
166271582,2
161386712,1
166276201,0
166276221,4
166276281,3
166276451,2
166276411,4
166276491,3
166275811,1
166275091,3
166275141,2
166275151,1
166275161,1
167376391,3
167885871,2
167837952,3
167333861,4
167874341,2
167360825,0
157416516,0
166201171,1
167326941,4
167867481,3
164261972,3
167863391,0
167317961,2
166207993,1
166299081,2
166299631,1
165336804,3
167836122,4
166297681,1
119234043,2
155360422,1
155360572,4
155353562,2
166282601,2
167788361,0
167264271,4
165322291,4
1349961011,1
166315121,4
166292771,1
167580581,0
155705293,2
167578741,3
167578721,0
166476921,4
166476951,3
167578801,4
167578791,2
78881002,3
167576931,3
167577571,1
165634391,1
168118501,2
168113961,1
166481072,3
165612351,4
165625051,1
166486912,2
167597541,2
167597611,0
166487991,4
168216551,0
167676961,4
166699501,1
162227962,0
165488281,0
165488311,0
165488321,3
165487261,2
165487231,0
168245211,3
165485391,4
166611791,4
165485031,4
164373744,4
162143302,3
166648201,3
166648151,4
166603131,1
166604161,2
166604551,2
167735981,1
154282623,2
166321551,3
167308602,4
165314971,2
78084937,1
167805041,3
166678281,0
167672251,4
168181241,4
166674871,3
166675101,1
165540041,0
166669091,2
168185872,1
166668591,1
166669691,1
163280222,1
163280202,1
167752931,4
163280272,4
167754091,0
151106223,3
167747881,4
155546245,4
166638451,3
166639991,4
166640011,0
168295171,0
165541421,4
165541511,4
165496491,4
166598031,0
166597931,2
165495861,1
166597711,2
167729631,1
167729531,1
167729881,2
162198482,3
162198452,0
166606721,1
167721421,1
166596101,4
166593261,3
166593491,2
166599131,0
1575208210,3
165495791,0
64584482,1
166617901,1
167920011,2
166410421,4
164191572,3
167920742,4
167393671,2
167393821,1
167933161,1
167501081,2
148605835,0
166379671,2
168288931,0
163273735,0
168285921,2
166637311,2
168290221,1
1431900816,1
143291312,0
154310174,0
130070542,1
165518381,4
153326922,1
165512331,1
166646921,0
171604751,1
170609332,1
171604311,1
163740372,3
160928173,0
164843902,4
171593841,1
171595761,4
171579421,4
171578921,3
171578911,1
171578901,0
171578891,4
165692042,4
154942315,4
171646352,0
171646311,2
164782574,0
170786251,0
171756611,0
170785921,4
171757461,3
168795771,0
171756371,1
169445261,3
171701932,1
171688751,1
160518322,1
132840273,3
169775661,2
168796181,2
171766241,4
146890655,3
170525921,1
154894323,0
170661291,2
169821961,2
170685291,4
171791351,0
170913381,1
170909971,2
169650391,1
169650761,1
171884851,2
170913951,3
170672551,0
168701872,4
171800901,4
140461848,3
168743811,0
132875555,0
160442278,2
169869082,3
171813222,3
170695556,2
171810931,4
169853772,0
169850012,3
150273842,0
170712831,0
171820071,3
1309892616,1
168725982,0
168730711,2
170554184,0
171656761,3
164802104,0
171695571,2
171680971,1
153059424,3
170571621,3
146931303,0
171676781,4
170564541,3
170558351,2
171676581,3
171676151,2
171679491,4
169740971,0
169740571,0
171744331,1
169796351,0
160514016,2
169793551,3
168816381,0
171739561,4
157053942,3
168810641,0
169793243,4
144732172,3
171746851,3
171746981,2
170779861,4
171715681,3
1422619831,1
171722401,0
170733461,2
170735371,1
170751801,0
171721431,2
169749271,1
169743491,3
170737711,3
170741691,3
170740992,2
168768631,2
168768721,4
168768811,1
147201574,1
168767811,2
171709461,2
171822111,0
170720442,3
167193793,3
171834431,1
171834721,4
171834751,2
170707161,0
170727351,0
169755781,1
130008905,4
171892941,0
171894291,0
170915371,1
150217932,1
170671761,3
170666751,3
170668002,4
169835951,0
171782941,3
170656831,3
169666141,2
160646265,0
174453171,0
174453201,2
174453283,3
172460171,3
175430751,2
172473601,1
173448131,0
173416041,1
175406311,4
173468941,0
172481311,2
173467461,0
161348017,3
172535982,2
102368923,3
174443681,0
172597421,3
172597741,4
172597671,3
172601261,3
175832161,3
175832181,1
171851013,1
171851002,3
951113159,3
171846382,1
175827881,2
173585601,4
173585681,3
172590812,0
172591041,0
175821241,2
175821271,0
175821361,4
172590031,3
175824721,0
172592001,0
172592091,4
172517901,3
173628901,3
173628511,3
172519291,0
174720331,0
175846462,3
175817181,1
171838942,4
173584091,4
174849671,0
173583131,3
173583161,0
175496751,2
163497022,1
163497082,0
163497072,0
174386611,1
172392951,4
173519311,0
175382812,4
172457791,1
172457291,4
172456911,0
172456821,0
174423591,4
165273962,2
1543167714,0
174408641,1
175404841,1
172435161,1
174410461,0
174410401,3
172435501,4
174409901,0
174419011,1
172439441,1
172439451,2
172439421,0
172439411,1
175407891,1
175415131,2
175415211,3
172476911,3
172476102,4
173460181,4
173460151,1
173459971,1
173459961,2
173459951,4
173459781,1
173459771,0
173459621,2
174429901,2
172488021,3
170950282,1
172484711,4
170947555,2
175426401,1
175426251,3
175426201,0
175426161,4
174456611,3
174744201,2
175844722,1
172520082,1
172520022,1
175881831,2
175882231,4
175882181,2
175882041,3
175882101,4
175836291,1
172514351,0
173630151,0
172512891,3
175834881,0
171957192,2
175841242,4
174731201,4
172510771,0
175840801,0
175840711,1
175837531,3
175830631,1
172599251,1
175883281,1
173646641,2
174768111,0
174767661,1
175870561,1
172539972,0
172540181,0
175872631,2
172542831,4
175858181,2
175858641,2
172499211,1
171924572,1
172505361,0
172504401,1
172504531,0
172504671,0
172499892,1
172499501,2
172497221,3
172496641,4
175851001,2
175850241,2
147193616,0
173526441,3
166412534,1
173524631,2
172421171,4
172421131,3
172421271,4
175380751,0
172455471,0
172455571,0
175383251,4
174374921,0
173511291,0
174382001,3
172407331,4
172407381,1
172448351,1
175377091,1
172448641,3
173521631,2
175235971,1
175215431,4
170160074,4
175218051,3
175226711,2
174098511,1
173264661,2
173264451,3
175214251,4
175214221,1
175213862,1
173271981,3
173271791,3
173271701,3
173265241,1
174161251,0
174495771,1
175614862,4
174495671,0
174495621,4
174495431,4
175594021,0
172234281,4
172234271,0
174486961,1
173353711,2
173353852,2
173352961,4
174488011,4
172280691,4
174492751,1
172289471,0
174777251,3
173656991,1
173658191,0
168566892,4
175880942,3
1318593211,0
174779761,0
172552652,2
175875351,3
172533921,2
173647562,4
173647571,2
173647591,4
173647311,1
174039711,2
174863831,1
174863791,0
174862601,2
174026751,2
172928141,0
174035191,2
171566982,1
174018481,3
174856461,2
174007061,2
175981841,3
166892962,1
174009771,2
172902201,1
174859851,1
174858971,1
173946751,2
169501512,0
173948211,3
173948151,1
173948101,2
172955361,1
173943241,1
173943481,3
174925621,4
174925821,3
174925731,1
175903191,2
172965981,0
173943911,3
173944391,2
174932041,4
163641324,1
173940311,1
171490613,1
172780291,3
172780351,2
172780371,4
172780141,1
172780261,4
174984201,2
173894761,2
163796283,1
172788511,4
173895731,4
171680972,3
173868782,3
172765211,0
172765251,2
175002111,4
175005571,2
172763101,0
175000611,1
172764271,0
172764181,0
175944041,4
175933831,3
173992881,4
175933261,1
175933101,0
175933171,4
174951911,1
173998611,4
175991191,1
174873491,4
174000921,1
173012811,1
173012751,0
174953481,1
166951785,2
174952531,3
172984641,3
173981431,2
173981461,1
173978641,4
173979041,0
176005171,2
172946001,4
172942841,4
176001551,2
174891401,1
174891461,1
174888191,1
174040931,3
174040151,3
176020001,0
176019931,4
176020841,1
176017441,0
176018751,1
174052911,0
174041801,3
174980711,1
173969491,0
174929071,1
175901861,0
175902041,3
172973772,0
174930131,4
172977921,2
172980141,1
172978421,1
172982251,2
175919441,4
175091131,2
973741112,0
175091753,2
172872281,0
172862561,0
172859571,4
175102411,1
172864071,3
176085261,3
175106971,3
171595763,0
176068581,0
175095671,1
172857661,1
175111082,1
173907441,1
173907581,0
163804806,0
172797721,0
172753681,0
172763271,2
172763191,3
172763261,2
172763221,1
172760721,2
175012911,2
175013341,1
172759621,1
172759611,4
172759572,1
172759561,3
172759221,0
172759491,1
172759501,4
172759431,3
172759441,0
172759461,4
172759481,0
172759331,0
175081211,3
175080791,3
175084951,1
175084571,1
158909102,1
159787383,2
172833871,0
176048031,1
169551642,0
174895712,4
175997691,3
174895491,1
174894271,0
128471884,1
172825321,3
172825291,4
172825161,1
172825181,3
176000171,4
175047061,3
175054741,1
175053961,3
175053991,3
175055241,3
175055691,3
172836271,2
172836611,1
175056413,2
81389803,4
172846961,1
172847071,3
172847041,0
172847091,2
172847001,3
172846981,3
172847031,3
172847021,2
169378095,2
172828211,3
172827521,1
174861221,3
172903241,0
175971101,2
174851841,4
174877021,3
174878511,3
174878081,1
174868941,3
174869371,2
174869541,0
173997681,0
173995551,4
174958441,0
173994571,0
173994622,0
173994791,2
172810821,0
172811552,1
172811791,4
175029161,1
172800481,2
172800111,2
172799221,1
172807191,0
164782575,1
172787611,3
173912281,4
172781771,4
172782101,3
172782741,4
173884751,4
172783621,0
172784011,3
172784031,2
174989191,0
172778071,0
158413933,0
172244821,3
174480041,4
158403653,3
173356141,4
172469731,4
175891551,1
172535901,2
172535921,1
174780531,0
173649481,2
173648191,2
173648041,3
172964581,0
175926831,1
